game_pk,game_date,game_year,pitcher,strikeouts,pred_bnn_mean,pred_bnn_std,prob_over_3.5,prob_over_4.5,prob_over_5.5,prob_over_6.5,prob_under_3.5,prob_under_4.5,prob_under_5.5,prob_under_6.5
822705,2026-07-27 00:00:00,2026,453286,4.0,2.789547061920166,0.4387319087982178,0.3946514350907959,0.21802196441902752,0.09760030013969456,0.06054417380499245,0.6053485649092041,0.7819780355809725,0.9023996998603054,0.9394558261950076
822783,2026-08-02 00:00:00,2026,453286,5.0,4.189401149749756,0.7268323302268982,0.6600445044783246,0.4745876406472297,0.29543127640671246,0.16886910693163396,0.33995549552167537,0.5254123593527703,0.7045687235932876,0.8311308930683661
823426,2026-08-08 00:00:00,2026,453286,4.0,4.423037624359131,0.6931613087654114,0.6946050574967083,0.5142622735744138,0.3332828467115556,0.19488756864973103,0.3053949425032917,0.4857377264255862,0.6667171532884444,0.805112431350269
822776,2026-08-13 00:00:00,2026,453286,4.0,4.262713432312012,0.6551049947738647,0.6707181455740346,0.48709566656033604,0.30754526289608053,0.17719065909766218,0.32928185442596536,0.5129043334396639,0.6924547371039195,0.8228093409023378
822937,2026-08-19 00:00:00,2026,453286,1.0,4.319369506835938,0.5665996074676514,0.6787168516232824,0.4966002069941971,0.3169176241151918,0.18382896373735805,0.32128314837671756,0.503399793005803,0.6830823758848081,0.816171036262642
823587,2026-08-19 00:00:00,2026,476594,6.0,5.498708724975587,0.62171870470047,0.8160596191542696,0.6696339333715616,0.5031003274247329,0.35363259541894404,0.1839403808457304,0.33036606662843837,0.4968996725752671,0.6463674045810559
823277,2026-07-09 00:00:00,2026,518876,6.0,3.7237689018249513,0.489138662815094,0.5822869751382204,0.3911578208295554,0.2224531187782641,0.12491363626685566,0.41771302486177964,0.6088421791704446,0.7775468812217359,0.8750863637331443
825060,2026-07-17 00:00:00,2026,518876,3.0,3.7376259803771976,0.4449787437915802,0.5842151106636192,0.3938741399852946,0.2252981282373578,0.12683989463783096,0.4157848893363808,0.6061258600147055,0.7747018717626422,0.873160105362169
825055,2026-07-22 00:00:00,2026,518876,3.0,4.059681606292725,0.505548894405365,0.6385453953374696,0.4517592078084072,0.2754880143251011,0.15668725966061028,0.36145460466253043,0.5482407921915928,0.7245119856748989,0.8433127403393897
823353,2026-07-27 00:00:00,2026,518876,6.0,4.270972824096679,0.5395795702934265,0.6719765050373945,0.488511136416609,0.3088672035705178,0.17807428132381112,0.3280234949626055,0.511488863583391,0.6911327964294822,0.8219257186761889
824404,2026-08-02 00:00:00,2026,518876,5.0,5.100038146972657,0.6768280267715454,0.7785349569676427,0.6181889702619303,0.4424297376698136,0.28705180220434445,0.22146504303235726,0.3818110297380697,0.5575702623301864,0.7129481977956555
825051,2026-08-07 00:00:00,2026,518876,4.0,4.514254951477051,0.6394155025482178,0.7067344665261655,0.5290278395516528,0.34832614282356344,0.20628551565014994,0.29326553347383455,0.4709721604483472,0.6516738571764366,0.79371448434985
825047,2026-08-12 00:00:00,2026,518876,2.0,4.370344734191895,0.647477924823761,0.6866984459543155,0.5053460178903775,0.32489180968998044,0.18910138764198872,0.3133015540456845,0.4946539821096225,0.6751081903100196,0.8108986123580113
824723,2026-08-18 00:00:00,2026,518876,2.0,4.325057315826416,0.5918626189231873,0.6794376188308062,0.4975247927858974,0.3178932057007153,0.1845677107931107,0.3205623811691938,0.5024752072141025,0.6821067942992847,0.8154322892068893
823033,2026-07-10 00:00:00,2026,519242,5.0,5.5491584777832035,0.6136068105697632,0.8236568290387647,0.6784722338479069,0.5117052041879763,0.3615519350278428,0.1763431709612353,0.3215277661520931,0.48829479581202373,0.6384480649721572
824901,2026-07-17 00:00:00,2026,519242,6.0,5.537110137939453,0.6190055012702942,0.820348343778753,0.6750984441845829,0.5090925162731426,0.3601064543474287,0.179651656221247,0.32490155581541713,0.49090748372685744,0.6398935456525713
824893,2026-07-23 00:00:00,2026,519242,11.0,6.260112190246582,0.5916475057601929,0.8752891612563637,0.7550088611979582,0.6096013984470579,0.49760859242588745,0.12471083874363631,0.24499113880204182,0.39039860155294215,0.5023914075741125
823598,2026-07-29 00:00:00,2026,519242,9.0,5.272502708435059,0.6576525568962097,0.7954854290259925,0.6411667624942969,0.4691482014603656,0.31499995208481485,0.2045145709740075,0.35883323750570306,0.5308517985396344,0.6850000479151852
823514,2026-08-08 00:00:00,2026,519242,8.0,6.435163307189941,0.7141837477684021,0.8886027051738372,0.7744841809596981,0.6340284762984819,0.5338547120244143,0.11139729482616278,0.22551581904030193,0.3659715237015181,0.46614528797558574
824882,2026-08-14 00:00:00,2026,519242,9.0,5.432677078247071,0.6093777418136597,0.812280034633872,0.663152012233372,0.4939320708086091,0.3413657564696956,0.187719965366128,0.33684798776662805,0.5060679291913909,0.6586342435303044
824896,2026-07-22 00:00:00,2026,527048,3.0,3.746604156494141,0.6161885261535645,0.5864584348464992,0.39532614540446637,0.22579675398477128,0.12672704579617647,0.4135415651535008,0.6046738545955337,0.7742032460152287,0.8732729542038236
823597,2026-07-27 00:00:00,2026,527048,4.0,2.9716679096221927,0.4151500165462494,0.4340746720307152,0.2522449512354265,0.12010185782057625,0.07205866687809101,0.5659253279692849,0.7477550487645734,0.8798981421794237,0.927941333121909
824890,2026-08-01 00:00:00,2026,527048,6.0,3.523188877105713,0.520618200302124,0.544630194789028,0.35457943992716034,0.1940868209868026,0.1099849914716713,0.45536980521097203,0.6454205600728397,0.8059131790131974,0.8900150085283287
824886,2026-08-11 00:00:00,2026,527048,2.0,3.8610597610473634,0.4843721389770508,0.6043875595338261,0.41648324334976156,0.24570319425290538,0.13934188587288385,0.39561244046617394,0.5835167566502384,0.7542968057470947,0.8606581141271161
823668,2026-08-17 00:00:00,2026,527048,3.0,3.7381361007690432,0.3868044316768646,0.582553202462848,0.3944819713906145,0.22770102751980315,0.1292620086859543,0.41744679753715197,0.6055180286093855,0.7722989724801969,0.8707379913140457
822957,2026-07-08 00:00:00,2026,543037,6.0,4.315799617767334,0.5198046565055847,0.6772144039798603,0.49570755717800047,0.31684405044462577,0.18431136769046916,0.3227855960201397,0.5042924428219995,0.6831559495553743,0.8156886323095308
823524,2026-07-17 00:00:00,2026,543037,8.0,5.679344463348389,0.6236289739608765,0.8323199821411918,0.6920311351240257,0.52979201317824,0.38576127735594823,0.16768001785880815,0.3079688648759743,0.47020798682176,0.6142387226440518
823518,2026-07-22 00:00:00,2026,543037,11.0,5.99913330078125,0.6696358323097229,0.8588433544834441,0.7295891604228338,0.5757588075777583,0.44617938912230054,0.14115664551655593,0.27041083957716616,0.4242411924222417,0.5538206108776995
824569,2026-07-28 00:00:00,2026,543037,7.0,5.499732208251953,0.6687377691268921,0.8190443873310929,0.6721490671710584,0.5042382051428858,0.352842985707311,0.18095561266890714,0.3278509328289416,0.49576179485711425,0.647157014292689
824648,2026-08-02 00:00:00,2026,543037,5.0,6.034091854095459,0.7796093821525574,0.8629326276480823,0.7348884323257282,0.5815729481962203,0.4531284646988848,0.13706737235191768,0.2651115676742718,0.4184270518037797,0.5468715353011152
823514,2026-08-08 00:00:00,2026,543037,9.0,6.829342079162598,0.8100492358207703,0.9102408997951902,0.8093099232535358,0.6818150634280055,0.6140392534127321,0.08975910020480982,0.1906900767464642,0.31818493657199454,0.38596074658726787
822777,2026-08-14 00:00:00,2026,543037,5.0,6.0606347084045415,0.6750776767730713,0.8640462005587725,0.7369369620829677,0.5846930405970301,0.4583210038071081,0.13595379944122754,0.26306303791703234,0.4153069594029699,0.5416789961928918
824802,2026-08-20 00:00:00,2026,543037,8.0,6.678938102722168,0.8407329320907593,0.9031519682233523,0.7973845021086,0.6648004829742507,0.5841112453127278,0.09684803177664769,0.2026154978914,0.33519951702574935,0.41588875468727216
822877,2026-07-09 00:00:00,2026,543135,10.0,5.3610418319702156,0.6612878441810608,0.8058573205709245,0.6541685128951625,0.48312598640970544,0.3289775323907825,0.19414267942907548,0.34583148710483747,0.5168740135902945,0.6710224676092176
824897,2026-07-19 00:00:00,2026,543135,2.0,5.090876388549805,0.5581930875778198,0.7784185028753063,0.617492994137873,0.4410595172833747,0.2851443555970794,0.22158149712469366,0.38250700586212705,0.5589404827166253,0.7148556444029206
822869,2026-07-25 00:00:00,2026,543135,8.0,4.880995655059815,0.6794120669364929,0.7539051775457342,0.5864867213980032,0.4075697769028208,0.25442909502046235,0.24609482245426584,0.4135132786019968,0.5924302230971792,0.7455709049795376
824164,2026-07-31 00:00:00,2026,543135,5.0,5.367406368255615,0.5785738229751587,0.8059652937363541,0.6546064328724788,0.48396903309560246,0.3302661299060486,0.19403470626364594,0.34539356712752123,0.5160309669043975,0.6697338700939515
822863,2026-08-07 00:00:00,2026,543135,2.0,6.257451725006104,0.7822830677032471,0.8780310122141858,0.7578214238053952,0.6115224243713393,0.49787694213693245,0.12196898778581422,0.2421785761946048,0.3884775756286607,0.5021230578630675
823604,2026-07-10 00:00:00,2026,543243,3.0,5.471894454956055,0.5297948122024536,0.8139513351634488,0.6665481464656157,0.49921790211522094,0.34885747398669104,0.18604866483655125,0.33345185353438433,0.500782097884779,0.651142526013309
824739,2026-07-19 00:00:00,2026,543243,5.0,4.590054321289062,0.5202255249023438,0.7150480444069037,0.5403753171092298,0.36114488088145147,0.21716951066215517,0.2849519555930963,0.4596246828907702,0.6388551191185485,0.7828304893378448
824734,2026-07-25 00:00:00,2026,543243,3.0,4.911870861053467,0.537975549697876,0.7547235016808106,0.5893684137351355,0.41261692861503974,0.26065314001850337,0.2452764983191894,0.4106315862648645,0.5873830713849603,0.7393468599814966
824974,2026-07-30 00:00:00,2026,543243,5.0,3.9650809288024904,0.45069217681884766,0.6217420201152487,0.4349995820581775,0.2618519458551056,0.14904607509136708,0.3782579798847513,0.5650004179418224,0.7381480541448944,0.8509539249086329
824728,2026-08-05 00:00:00,2026,543243,8.0,4.269135665893555,0.43630707263946533,0.6692302268064565,0.4875446627586641,0.30995844983353854,0.18016200526092735,0.3307697731935435,0.5124553372413359,0.6900415501664614,0.8198379947390726
822780,2026-08-10 00:00:00,2026,543243,4.0,4.448379611968995,0.5531309843063354,0.6970210297378439,0.5180218695434969,0.3378695089507096,0.19885964769138648,0.30297897026215614,0.48197813045650306,0.6621304910492904,0.8011403523086136
823347,2026-08-15 00:00:00,2026,543243,7.0,4.195319175720215,0.5332233309745789,0.6602139859866611,0.47546027431267324,0.2968666398501802,0.170216078344591,0.33978601401333886,0.5245397256873268,0.7031333601498198,0.829783921655409
824243,2026-07-28 00:00:00,2026,544150,2.0,2.261569952964783,0.4279370903968811,0.2763307415932475,0.12937936665345512,0.04822919613031921,0.035169042341565364,0.7236692584067526,0.8706206333465449,0.9517708038696808,0.9648309576584346
823929,2026-07-07 00:00:00,2026,547179,5.0,3.5855553627014163,0.5633442401885986,0.5574044074673493,0.36539460762760745,0.2011661881912306,0.11301325534653915,0.4425955925326507,0.6346053923723926,0.7988338118087694,0.8869867446534608
823199,2026-07-12 00:00:00,2026,547179,1.0,3.2578660488128666,0.3936767280101776,0.4934492748652966,0.3045357838694529,0.1556284288167606,0.08957628994228763,0.5065507251347035,0.6954642161305471,0.8443715711832394,0.9104237100577124
824329,2026-07-21 00:00:00,2026,547179,5.0,3.579610061645508,0.44023269414901733,0.5556020668611971,0.3647260724414783,0.2015218005455642,0.11367739343947743,0.44439793313880294,0.6352739275585217,0.7984781994544358,0.8863226065605225
823275,2026-07-28 00:00:00,2026,547179,2.0,3.961786460876465,0.5657423734664917,0.6230162569047061,0.4344117018442953,0.2596370111136549,0.14668723178276258,0.3769837430952939,0.5655882981557048,0.7403629888863451,0.8533127682172374
824324,2026-08-03 00:00:00,2026,547179,0.0,3.2211627006530765,0.5056374073028564,0.4861929241908885,0.2972317804686816,0.14996745800469372,0.08649912031335366,0.5138070758091116,0.7027682195313184,0.8500325419953063,0.9135008796866464
823020,2026-08-09 00:00:00,2026,547179,1.0,3.4574531555175785,0.5353802442550659,0.5327262386161898,0.3418455891111219,0.18339137978559036,0.10388740281353347,0.46727376138381016,0.6581544108888782,0.8166086202144096,0.8961125971864665
823184,2026-08-15 00:00:00,2026,547179,1.0,3.3260346412658697,0.4815865159034729,0.5074049165750159,0.31671820736674655,0.16387321638457608,0.09345614838706834,0.49259508342498415,0.6832817926332535,0.8361267836154239,0.9065438516129316
824495,2026-07-07 00:00:00,2026,554430,14.0,5.496153831481934,0.7631810903549194,0.8195966894507049,0.6724259023061507,0.5039973506384655,0.35190717967330604,0.18040331054929515,0.32757409769384926,0.4960026493615345,0.648092820326694
824250,2026-07-12 00:00:00,2026,554430,10.0,6.164263534545898,0.8768925070762634,0.8731231789766403,0.7497049655136709,0.6000770448541286,0.47929988881319807,0.12687682102335973,0.25029503448632906,0.3999229551458714,0.5207001111868019
823437,2026-07-21 00:00:00,2026,554430,9.0,6.115319538116456,0.8819355368614197,0.8697290188068826,0.7445726339028395,0.5934159556086676,0.4694292435965368,0.13027098119311742,0.25542736609716055,0.40658404439133244,0.5305707564034632
823839,2026-07-27 00:00:00,2026,554430,6.0,5.606934928894043,0.8927417397499084,0.8309502245174333,0.6875056121805335,0.5211962051560943,0.37133607536149804,0.16904977548256672,0.3124943878194665,0.4788037948439057,0.628663924638502
823428,2026-08-07 00:00:00,2026,554430,6.0,5.846740722656251,0.8129765391349792,0.8503628449792165,0.7155909888348753,0.5561363736046099,0.41647956284402693,0.14963715502078345,0.28440901116512474,0.4438636263953901,0.583520437155973
823017,2026-08-12 00:00:00,2026,554430,5.0,5.907639503479004,0.7641662359237671,0.854443089953831,0.7218843659885725,0.5644593814826109,0.4283202392724377,0.145556910046169,0.27811563401142747,0.4355406185173891,0.5716797607275623
823423,2026-08-18 00:00:00,2026,554430,7.0,6.561141967773438,0.8242716789245605,0.8964285324284696,0.7866565581296525,0.6502160955086443,0.5598663731584667,0.10357146757153035,0.21334344187034748,0.34978390449135566,0.44013362684153334
824820,2026-07-07 00:00:00,2026,571510,7.0,4.352677440643311,0.44207295775413513,0.6808269024469538,0.5013160858640451,0.32360556830039555,0.19000618943301234,0.31917309755304624,0.4986839141359549,0.6763944316996044,0.8099938105669877
824491,2026-07-12 00:00:00,2026,571510,3.0,4.75225477218628,0.401661217212677,0.7338568293302801,0.5645694758900686,0.3874607190848199,0.23967235612316204,0.26614317066971993,0.43543052410993144,0.6125392809151802,0.7603276438768379
824657,2026-07-18 00:00:00,2026,571510,4.0,4.462668991088867,0.4535684585571289,0.6960793604800092,0.5192232142322301,0.3412774531751832,0.20298668499608902,0.3039206395199908,0.48077678576776994,0.6587225468248168,0.7970133150039109
823352,2026-07-24 00:00:00,2026,571510,4.0,4.268642139434815,0.5771554708480835,0.6713400702311592,0.4880382165089256,0.30865456008704545,0.17808698998619232,0.32865992976884084,0.5119617834910744,0.6913454399129546,0.8219130100138077
823022,2026-07-29 00:00:00,2026,571510,5.0,4.082353973388672,0.5899860858917236,0.6425598911449147,0.45578746267157894,0.27878582800844587,0.15854821167873223,0.35744010885508526,0.544212537328421,0.7212141719915541,0.8414517883212678
824647,2026-08-03 00:00:00,2026,571510,3.0,4.454642009735108,0.6457754969596863,0.6988458652708261,0.5194132090596498,0.3385097624395634,0.19880280334336434,0.30115413472917385,0.4805867909403502,0.6614902375604366,0.8011971966566357
824078,2026-08-09 00:00:00,2026,571510,3.0,4.223240375518799,0.6498826146125793,0.6659408281199104,0.4805993724372907,0.3004450914439178,0.17178694847842463,0.3340591718800896,0.5194006275627093,0.6995549085560822,0.8282130515215753
824644,2026-08-15 00:00:00,2026,571510,2.0,3.8585873603820806,0.4817441403865814,0.605735946470501,0.4158210957851421,0.2433750353505083,0.13695959106748287,0.394264053529499,0.584178904214858,0.7566249646494917,0.8630404089325171
823203,2026-07-07 00:00:00,2026,571578,2.0,3.6037376403808596,0.497673362493515,0.5596406974354206,0.3694347421322515,0.20580449488111804,0.11628194017718882,0.44035930256457945,0.6305652578677485,0.7941955051188819,0.8837180598228112
822787,2026-07-21 00:00:00,2026,571578,3.0,3.6310265064239506,0.5495486855506897,0.5648652096275079,0.3743468952106365,0.20948332508541112,0.11814682837268214,0.43513479037249214,0.6256531047893634,0.7905166749145889,0.8818531716273179
822712,2026-07-06 00:00:00,2026,571945,3.0,3.3163820266723634,0.38562729954719543,0.504848516560755,0.31601610350900144,0.16459358651962896,0.09445065376563172,0.495151483439245,0.6839838964909986,0.835406413480371,0.9055493462343682
822711,2026-07-11 00:00:00,2026,571945,0.0,3.409417724609375,0.44245055317878723,0.5233912692477074,0.3329378518989611,0.1766974700227399,0.10043667469366509,0.4766087307522926,0.6670621481010389,0.8233025299772601,0.8995633253063349
824329,2026-07-21 00:00:00,2026,571945,1.0,3.3536983966827396,0.3829384744167328,0.5125029265035049,0.3225152595414093,0.16886749454712432,0.09637574449794946,0.48749707349649507,0.6774847404585906,0.8311325054528756,0.9036242555020505
822706,2026-07-26 00:00:00,2026,571945,1.0,2.9648453235626224,0.4969641864299774,0.43261523004053704,0.2493164653325595,0.11710157161432232,0.07004242878483967,0.567384769959463,0.7506835346674405,0.8828984283856777,0.9299575712151603
824890,2026-08-01 00:00:00,2026,571945,3.0,3.7537604331970216,0.5085253715515137,0.5876087975667454,0.39667371933786577,0.22704707889674292,0.12750410370895687,0.41239120243325456,0.6033262806621342,0.7729529211032571,0.8724958962910432
823430,2026-08-06 00:00:00,2026,571945,1.0,4.110037899017334,0.5555065870285034,0.6479157446582061,0.46077330959365925,0.28247912268854186,0.16036276487673745,0.3520842553417939,0.5392266904063407,0.7175208773114581,0.8396372351232626
823205,2026-07-06 00:00:00,2026,592332,8.0,5.0601594924926765,0.5192261338233948,0.7707908056472756,0.61026480828838,0.43590518170409315,0.28287083484260855,0.22920919435272435,0.38973519171161997,0.5640948182959069,0.7171291651573914
823274,2026-07-12 00:00:00,2026,592332,8.0,5.089072418212892,0.45177748799324036,0.7745126214856852,0.6147132426471293,0.4404579555877425,0.28694256306244204,0.22548737851431477,0.38528675735287066,0.5595420444122575,0.713057436937558
822787,2026-07-21 00:00:00,2026,592332,1.0,5.123054122924804,0.5399788022041321,0.7791672032162451,0.6201454840930707,0.44585455395573753,0.2916258814997575,0.2208327967837549,0.3798545159069293,0.5541454460442625,0.7083741185002426
824730,2026-07-26 00:00:00,2026,592332,6.0,5.76161937713623,0.577298641204834,0.8385291451497063,0.7011427106658246,0.5413372952502749,0.4010164253710698,0.16147085485029367,0.29885728933417544,0.45866270474972515,0.5989835746289303
822781,2026-08-01 00:00:00,2026,592332,4.0,6.768819427490235,0.739794135093689,0.9068278680286915,0.8038425593355029,0.6743855708445707,0.6015532867243594,0.09317213197130847,0.19615744066449714,0.32561442915542926,0.39844671327564063
824081,2026-08-07 00:00:00,2026,592332,4.0,6.099228382110596,0.678611695766449,0.8664789183898421,0.7407178916288991,0.5897451081382652,0.4659409565007054,0.13352108161015785,0.2592821083711009,0.4102548918617348,0.5340590434992947
822696,2026-08-13 00:00:00,2026,592332,7.0,4.805628395080567,0.5751662254333496,0.743401470440322,0.5743062892811555,0.3956000034996109,0.2448533072701528,0.256598529559678,0.42569371071884454,0.6043999965003891,0.7551466927298471
824639,2026-08-18 00:00:00,2026,592332,5.0,5.1063302040100105,0.5704147815704346,0.7775227749677155,0.6179128730449419,0.4432587121834333,0.28896086133489796,0.2224772250322845,0.3820871269550581,0.5567412878165667,0.711039138665102
823200,2026-07-10 00:00:00,2026,592662,4.0,5.1756451606750495,0.49759310483932495,0.7848233062514164,0.6274873915475785,0.4540496279376074,0.2998035727324157,0.21517669374858361,0.3725126084524215,0.5459503720623926,0.7001964272675842
823113,2026-07-19 00:00:00,2026,592662,6.0,4.83545265197754,0.5403744578361511,0.7481504749254817,0.5794623782807197,0.4002761798237509,0.24821800391165927,0.2518495250745183,0.42053762171928033,0.5997238201762491,0.7517819960883407
823197,2026-07-25 00:00:00,2026,592662,5.0,4.916700744628907,0.6457095146179199,0.7570086199381425,0.5911296850108759,0.413329180265775,0.26024549607987224,0.2429913800618575,0.4088703149891241,0.586670819734225,0.7397545039201278
823271,2026-07-30 00:00:00,2026,592662,6.0,4.51779260635376,0.5143898129463196,0.705971699023677,0.5290802371991591,0.34931686141240553,0.20772765474660357,0.29402830097632304,0.4709197628008409,0.6506831385875944,0.7922723452533964
823266,2026-08-07 00:00:00,2026,592662,2.0,4.509198760986328,0.5313909649848938,0.7030432410058448,0.5269600596141,0.34851415009637193,0.20809586791557405,0.2969567589941552,0.4730399403859,0.651485849903628,0.791904132084426
823263,2026-08-12 00:00:00,2026,592662,4.0,3.6193682670593263,0.49427345395088196,0.5628391478297716,0.37214063860245933,0.20757540427242013,0.11703174260979342,0.4371608521702284,0.6278593613975407,0.7924245957275798,0.8829682573902066
823586,2026-08-18 00:00:00,2026,592662,4.0,4.6969685554504395,0.5638948678970337,0.7292094020398683,0.5572908097881258,0.37826280772629317,0.2306998014680923,0.2707905979601317,0.44270919021187416,0.6217371922737068,0.7693001985319077
824654,2026-07-20 00:00:00,2026,592791,6.0,4.2512090682983406,0.5279555916786194,0.6671940533213527,0.48467872242008425,0.3067342057945718,0.17762076631426799,0.33280594667864727,0.5153212775799157,0.6932657942054282,0.8223792336857321
823354,2026-07-26 00:00:00,2026,592791,3.0,4.120793342590332,0.4609071612358093,0.6474189386414856,0.4623391008879063,0.28580979269011664,0.1636898860883025,0.3525810613585144,0.5376608991120937,0.7141902073098834,0.8363101139116975
824158,2026-08-05 00:00:00,2026,592791,4.0,4.957204055786133,0.5553911328315735,0.7594152729368531,0.5956466541962429,0.4197798402241073,0.2675282455219912,0.24058472706314693,0.40435334580375715,0.5802201597758927,0.7324717544780088
822780,2026-08-10 00:00:00,2026,592791,3.0,4.737002182006837,0.6258395910263062,0.7333513005902842,0.5629887355711757,0.38482754379335327,0.23665268164765735,0.2666486994097158,0.4370112644288243,0.6151724562066467,0.7633473183523427
823927,2026-07-10 00:00:00,2026,593958,5.0,3.7970619201660156,0.47911250591278076,0.5951115039337634,0.40462338232148254,0.23383064347754864,0.13142969665969684,0.40488849606623656,0.5953766176785175,0.7661693565224513,0.8685703033403032
825057,2026-07-19 00:00:00,2026,593958,3.0,3.724398136138916,0.42375701665878296,0.5813949190736628,0.39160046073358606,0.22392727470752055,0.12635567275837853,0.4186050809263372,0.6083995392664139,0.7760727252924795,0.8736443272416214
822707,2026-07-24 00:00:00,2026,593958,4.0,4.434609985351563,0.4945317804813385,0.6937369061324671,0.5152519084544336,0.3361823764668042,0.19837103602604425,0.3062630938675329,0.4847480915455664,0.6638176235331958,0.8016289639739558
823351,2026-07-29 00:00:00,2026,593958,2.0,4.3025954246521,0.5120671987533569,0.6766242987086987,0.49387388212632005,0.3140083001598555,0.18161434972183596,0.32337570129130133,0.50612611787368,0.6859916998401445,0.818385650278164
825054,2026-08-04 00:00:00,2026,593958,4.0,4.102453804016114,0.5805898904800415,0.6456454709888586,0.4592996017241864,0.2820697694291153,0.1606879402388928,0.3543545290111414,0.5407003982758136,0.7179302305708847,0.8393120597611072
825050,2026-08-09 00:00:00,2026,593958,9.0,3.8775191307067876,0.5151522159576416,0.6093477626448998,0.4192094908022435,0.24591401927823828,0.138230226052196,0.39065223735510024,0.5807905091977565,0.7540859807217617,0.861769773947804
824884,2026-08-15 00:00:00,2026,593958,5.0,4.684626770019531,0.6623454093933105,0.7302746792839647,0.5567089315885406,0.375750268839242,0.22712812088980133,0.2697253207160353,0.4432910684114594,0.624249731160758,0.7728718791101987
822881,2026-07-07 00:00:00,2026,594798,7.0,6.289603424072267,0.8369943499565125,0.8808792219277162,0.7618454980760629,0.6163641644819859,0.5046371826940674,0.11912077807228383,0.23815450192393706,0.38363583551801406,0.49536281730593257
822874,2026-07-20 00:00:00,2026,594798,6.0,5.809084415435791,0.7297565340995789,0.8454292320143847,0.7094404100332549,0.5496870452550405,0.40950014131771145,0.1545707679856153,0.29055958996674514,0.45031295474495947,0.5904998586822885
822870,2026-07-26 00:00:00,2026,594798,4.0,6.813703918457032,0.7439574599266052,0.9094031084671788,0.8079512943465422,0.67994465990017,0.6108484618818608,0.09059689153282124,0.19204870565345777,0.32005534009983005,0.3891515381181392
824162,2026-08-01 00:00:00,2026,594798,3.0,7.465256690979004,0.8583394289016724,0.9373550861409202,0.8561151786177987,0.7495730794980211,0.7345907385650425,0.06264491385907978,0.14388482138220127,0.2504269205019789,0.26540926143495747
822864,2026-08-08 00:00:00,2026,594798,9.0,6.948330879211426,0.8973863124847412,0.9167704535249904,0.8198880052832456,0.6962897206928237,0.6385680789521228,0.08322954647500957,0.18011199471675443,0.3037102793071763,0.36143192104787725
823995,2026-08-13 00:00:00,2026,594798,3.0,6.940136909484863,0.8702476620674133,0.9166173547007824,0.8195317196615892,0.6956427460733714,0.6371799589711382,0.08338264529921757,0.18046828033841078,0.3043572539266286,0.3628200410288618
822861,2026-08-20 00:00:00,2026,594798,10.0,6.99061679840088,0.7765105366706848,0.9164165485975778,0.8202824966612935,0.6982434290854788,0.6444490887208034,0.08358345140242218,0.1797175033387065,0.30175657091452124,0.3555509112791966
822942,2026-08-14 00:00:00,2026,605135,3.0,2.9156407356262206,0.5797175168991089,0.42198004402955847,0.23957399939914686,0.11038199350916346,0.06651470414042407,0.5780199559704415,0.7604260006008532,0.8896180064908366,0.933485295859576
824801,2026-08-19 00:00:00,2026,605135,6.0,3.049685764312744,0.4860290288925171,0.4507025873082787,0.264593474742537,0.12691768956953436,0.07475633253906057,0.5492974126917213,0.735406525257463,0.8730823104304657,0.9252436674609394
824079,2026-08-08 00:00:00,2026,605280,1.0,4.922467041015626,0.6976751685142517,0.7592841673364968,0.5929639991615082,0.41420549621316627,0.260056618609983,0.24071583266350316,0.4070360008384918,0.5857945037868337,0.7399433813900169
824643,2026-08-14 00:00:00,2026,605280,3.0,5.094839954376221,0.618049681186676,0.7757553052177084,0.6159425704816952,0.4414126600085811,0.28748244049894806,0.2242446947822916,0.3840574295183048,0.558587339991419,0.712517559501052
824640,2026-08-19 00:00:00,2026,605280,1.0,4.981436634063721,0.6583601832389832,0.7641548174187028,0.6004092239059109,0.4236235418390642,0.26987195339701653,0.23584518258129716,0.3995907760940891,0.5763764581609359,0.7301280466029835
823203,2026-07-07 00:00:00,2026,605288,5.0,5.1553747177124025,0.592900812625885,0.782437204951258,0.6245137352291463,0.45086753511897365,0.29675043341451,0.21756279504874199,0.3754862647708537,0.5491324648810263,0.70324956658549
823113,2026-07-19 00:00:00,2026,605288,1.0,4.781875514984131,0.6522895693778992,0.7417040756564663,0.5713660850621595,0.39163793771735983,0.24075568996890923,0.25829592434353366,0.42863391493784053,0.6083620622826402,0.7592443100310908
823194,2026-07-26 00:00:00,2026,605288,2.0,5.240281867980957,0.6930689811706543,0.7941148168299366,0.6382211358950611,0.46452077150331456,0.30884361553957956,0.20588518317006343,0.36177886410493887,0.5354792284966854,0.6911563844604205
823272,2026-07-31 00:00:00,2026,605288,3.0,5.236038398742676,0.7281457781791687,0.7948792752402114,0.6385276640185972,0.46407127562288725,0.3075577798729004,0.2051207247597886,0.3614723359814028,0.5359287243771127,0.6924422201270997
823191,2026-08-07 00:00:00,2026,605288,4.0,4.64705867767334,0.7796993851661682,0.7259430033408735,0.5510362134140905,0.3695173551690502,0.22182774620242895,0.27405699665912653,0.4489637865859095,0.6304826448309497,0.778172253797571
823187,2026-08-12 00:00:00,2026,605288,5.0,4.6577677726745605,0.724216878414154,0.7275184240812681,0.5528248111233244,0.3712238588181623,0.2230820611390775,0.2724815759187319,0.4471751888766756,0.6287761411818378,0.7769179388609225
824394,2026-08-19 00:00:00,2026,605288,3.0,4.074033260345459,0.5971819162368774,0.6423020010500605,0.45443518585122467,0.2766109399474619,0.15659161911414232,0.3576979989499395,0.5455648141487753,0.7233890600525381,0.8434083808858577
824252,2026-07-10 00:00:00,2026,605400,8.0,4.442820453643799,0.6016014814376831,0.6955706248194166,0.5168533486339357,0.3372303125139376,0.19876085509835784,0.30442937518058344,0.4831466513660643,0.6627696874860625,0.8012391449016422
823440,2026-07-16 00:00:00,2026,605400,6.0,5.091157341003418,0.7171105146408081,0.7783523281779167,0.6174671216904416,0.44109533652486665,0.28524089058638,0.22164767182208334,0.3825328783095584,0.5589046634751333,0.71475910941362
823438,2026-07-22 00:00:00,2026,605400,4.0,4.833619594573975,0.6785455942153931,0.7471195156805004,0.5787196466938611,0.4000541372261991,0.24850936346972716,0.2528804843194996,0.4212803533061389,0.5999458627738009,0.7514906365302728
823838,2026-07-28 00:00:00,2026,605400,4.0,4.726673030853272,0.4366867244243622,0.7318369367010998,0.5612887503741396,0.3832125220122603,0.2354333980861874,0.26816306329890016,0.4387112496258604,0.6167874779877397,0.7645666019138126
823431,2026-08-03 00:00:00,2026,605400,5.0,5.234799766540528,0.5615746974945068,0.7919731288263842,0.6363108735146864,0.4633856306099471,0.3087301250601486,0.20802687117361585,0.3636891264853136,0.5366143693900529,0.6912698749398514
823426,2026-08-08 00:00:00,2026,605400,8.0,4.858845138549805,0.6568236947059631,0.7511649934828531,0.5831054810204579,0.40401955717269217,0.25136228669798294,0.24883500651714685,0.4168945189795421,0.5959804428273079,0.748637713302017
823669,2026-08-13 00:00:00,2026,605400,9.0,5.038800525665284,0.6781919598579407,0.7715738997090479,0.609313933451124,0.432739989632838,0.2778435951675343,0.22842610029095212,0.39068606654887605,0.567260010367162,0.7221564048324657
823424,2026-08-19 00:00:00,2026,605400,8.0,6.091555213928223,0.6559940576553345,0.8652847259520079,0.7392496514076857,0.5882553080882078,0.46434138748163345,0.1347152740479921,0.2607503485923143,0.4117446919117922,0.5356586125183666
824253,2026-07-08 00:00:00,2026,605488,4.0,4.164452838897706,0.4456043839454651,0.6536020085708847,0.4697749904411986,0.2931586194177591,0.16879218412438549,0.3463979914291153,0.5302250095588015,0.7068413805822409,0.8312078158756145
825058,2026-07-20 00:00:00,2026,605488,2.0,3.1934354305267334,0.33177196979522705,0.4800083860345988,0.29365710623453634,0.14889217057583848,0.08668910140893998,0.5199916139654013,0.7063428937654637,0.8511078294241615,0.9133108985910601
824975,2026-07-31 00:00:00,2026,605488,2.0,3.3237585067749023,0.42444324493408203,0.5062995950935841,0.3174039953777241,0.1656322187098544,0.09499122146803957,0.49370040490641587,0.6825960046222759,0.8343677812901455,0.9050087785319605
824076,2026-08-19 00:00:00,2026,605488,1.0,3.2571125984191895,0.476329505443573,0.493341493053628,0.3042995067969549,0.1553597218835114,0.08938892191917965,0.506658506946372,0.6957004932030451,0.8446402781164886,0.9106110780808203
823270,2026-08-02 00:00:00,2026,606996,2.0,2.301664733886719,0.6209819912910461,0.2850428273334607,0.13500180597258687,0.05087784947801124,0.03652188640185227,0.7149571726665394,0.8649981940274132,0.9491221505219888,0.9634781135981477
825052,2026-08-05 00:00:00,2026,606996,3.0,3.231050491333008,0.769831120967865,0.48854331610566215,0.29818138559176277,0.14979175133053027,0.08598832613003429,0.5114566838943378,0.7018186144082372,0.8502082486694698,0.9140116738699657
824815,2026-07-08 00:00:00,2026,607067,2.0,3.7206505298614507,0.39496803283691406,0.579646266836356,0.3912646755083151,0.22483789907876223,0.1275313238427054,0.420353733163644,0.6087353244916849,0.7751621009212377,0.8724686761572946
824655,2026-07-17 00:00:00,2026,607067,6.0,3.616811561584473,0.43998783826828003,0.5615054231223715,0.37212703593149676,0.20861554510703822,0.1181683795180881,0.4384945768776285,0.6278729640685032,0.7913844548929618,0.8818316204819119
824650,2026-07-22 00:00:00,2026,607067,5.0,4.257633209228516,0.41676509380340576,0.6654982025582559,0.48507631972158577,0.3092500986902806,0.18077100900953574,0.33450179744174413,0.5149236802784143,0.6907499013097194,0.8192289909904642
823026,2026-07-28 00:00:00,2026,607067,2.0,3.5996623039245605,0.4001721739768982,0.5579475820710473,0.36921575598795225,0.20679330023793788,0.11744901022205123,0.44205241792895267,0.6307842440120477,0.7932066997620622,0.8825509897779488
824648,2026-08-02 00:00:00,2026,607067,7.0,4.322433185577393,0.5889662504196167,0.6786855648931686,0.496972708385949,0.3176585045878937,0.18460546556313032,0.32131443510683144,0.503027291614051,0.6823414954121063,0.8153945344368697
824079,2026-08-08 00:00:00,2026,607067,0.0,4.166435718536377,0.5781262516975403,0.6551440470173309,0.4703484091690637,0.2926465866513926,0.16778537955244238,0.34485595298266913,0.5296515908309363,0.7073534133486075,0.8322146204475576
824803,2026-08-18 00:00:00,2026,607074,4.0,6.154991817474365,0.7673708200454712,0.8713561416973549,0.7475695738044263,0.5979974714719923,0.4772312064890695,0.12864385830264513,0.25243042619557365,0.40200252852800766,0.5227687935109304
824576,2026-07-11 00:00:00,2026,607200,3.0,3.6380844116210938,0.4990880787372589,0.5658142971372818,0.3758121504238254,0.21107086088201693,0.11923767353432323,0.4341857028627182,0.6241878495761746,0.7889291391179831,0.8807623264656768
822874,2026-07-20 00:00:00,2026,607200,6.0,3.9082521438598636,0.4547053277492523,0.6128397595580318,0.4248837493477648,0.2524896030979038,0.1430928338380939,0.3871602404419682,0.5751162506522352,0.7475103969020962,0.8569071661619061
824572,2026-07-26 00:00:00,2026,607200,2.0,4.875504207611084,0.6885605454444885,0.7518488593791298,0.5848310923296941,0.40677407646245856,0.2545759848333804,0.24815114062087018,0.4151689076703059,0.5932259235375414,0.7454240151666196
822945,2026-07-31 00:00:00,2026,607200,6.0,4.105683040618897,0.5885443091392517,0.6456828472801914,0.4598016233670809,0.2829399823806976,0.1615010922815296,0.35431715271980857,0.540198376632919,0.7170600176193024,0.8384989077184704
824731,2026-08-04 00:00:00,2026,607200,1.0,4.245095920562744,0.5838449001312256,0.6666798054961846,0.48374117673761186,0.3055227277394007,0.1765828133229523,0.33332019450381545,0.5162588232623881,0.6944772722605993,0.8234171866770477
824561,2026-08-13 00:00:00,2026,607200,1.0,3.8851669311523436,0.5742552280426025,0.6095886204169458,0.4206966521295077,0.2482406126665245,0.1402048052235136,0.39041137958305416,0.5793033478704923,0.7517593873334755,0.8597951947764864
824639,2026-08-18 00:00:00,2026,607200,5.0,4.057659912109376,0.459430456161499,0.6372945400170342,0.4513181043409644,0.27591441704310016,0.15746359426258066,0.36270545998296577,0.5486818956590356,0.7240855829568998,0.8425364057374194
822955,2026-07-10 00:00:00,2026,607259,1.0,3.9869154930114745,0.4077419638633728,0.6257798651251942,0.4388673109801456,0.26485000214717186,0.15062751343584696,0.37422013487480577,0.5611326890198545,0.7351499978528282,0.849372486564153
822788,2026-07-20 00:00:00,2026,607259,0.0,3.6148831367492678,0.44687777757644653,0.5620713751690457,0.37128190840515224,0.2068172033786729,0.11658142924047724,0.4379286248309543,0.6287180915948478,0.7931827966213271,0.8834185707595228
822948,2026-07-25 00:00:00,2026,607259,5.0,2.7332776546478272,0.3842930495738983,0.38236495154257427,0.20839383147533957,0.0919361897690526,0.05782199108209035,0.6176350484574258,0.7916061685246605,0.9080638102309474,0.9421780089179097
822945,2026-07-31 00:00:00,2026,607259,2.0,3.495417070388794,0.408916175365448,0.539143913964521,0.34964871588257507,0.19059077818526965,0.10830616161055713,0.460856086035479,0.6503512841174249,0.8094092218147304,0.8916938383894428
824322,2026-08-05 00:00:00,2026,607259,4.0,3.3364080429077148,0.4599243402481079,0.5089115377558843,0.31957075305696614,0.1670176233302048,0.09559456880868544,0.49108846224411573,0.6804292469430339,0.8329823766697952,0.9044054311913146
824970,2026-08-11 00:00:00,2026,607259,5.0,3.415081596374512,0.4565708041191101,0.5240654312927524,0.3344994607471576,0.17856061424587197,0.10175641475061968,0.4759345687072476,0.6655005392528424,0.821439385754128,0.8982435852493803
822938,2026-08-18 00:00:00,2026,607259,5.0,3.0095811367034915,0.39041826128959656,0.4421279364344272,0.25841487021031456,0.12366212655391347,0.07356977276415498,0.5578720635655727,0.7415851297896854,0.8763378734460865,0.926430227235845
823930,2026-07-06 00:00:00,2026,607536,2.0,4.553281021118164,0.5120943188667297,0.7100628970002449,0.5344806350358959,0.3552569708608245,0.2126520426664285,0.28993710299975506,0.46551936496410407,0.6447430291391756,0.7873479573335715
823198,2026-07-11 00:00:00,2026,607536,9.0,4.480407571792602,0.40826699137687683,0.6981915202830427,0.5219549129575004,0.34422611443813034,0.2053704562911933,0.30180847971695735,0.4780450870424996,0.6557738855618697,0.7946295437088067
824328,2026-07-20 00:00:00,2026,607536,4.0,4.82285213470459,0.5088241696357727,0.7427142715780563,0.5753258879072307,0.3986146106657026,0.24909938373401194,0.25728572842194375,0.4246741120927693,0.6013853893342974,0.750900616265988
823755,2026-07-26 00:00:00,2026,607536,2.0,4.619672679901123,0.5277522206306458,0.7190153253571445,0.5450926191601223,0.365891398227194,0.22086547451730096,0.2809846746428555,0.4549073808398777,0.6341086017728059,0.779134525482699
824323,2026-08-02 00:00:00,2026,607536,8.0,4.270925140380859,0.49621227383613586,0.6697900186924827,0.4879244275229429,0.3100798751946077,0.18008550916351307,0.33020998130751733,0.5120755724770572,0.6899201248053923,0.8199144908364869
823021,2026-08-08 00:00:00,2026,607536,3.0,4.213116073608399,0.5051648616790771,0.6630958335419931,0.4785622862020359,0.29962656224032713,0.1719538535926537,0.3369041664580069,0.5214377137979641,0.7003734377596729,0.8280461464073463
823185,2026-08-14 00:00:00,2026,607536,2.0,5.1745183944702156,0.6490606069564819,0.7873397280496931,0.6292115910266491,0.45424233235439093,0.2982536990386969,0.2126602719503069,0.37078840897335086,0.5457576676456091,0.7017463009613031
824318,2026-08-19 00:00:00,2026,607536,5.0,4.163431167602539,0.46910133957862854,0.6549554211692679,0.4698796033201835,0.29197896242776894,0.1671992973424501,0.34504457883073214,0.5301203966798165,0.7080210375722311,0.8328007026575499
823607,2026-07-07 00:00:00,2026,607625,4.0,3.0785139083862307,0.36819732189178467,0.4565290505224917,0.271851549275924,0.1332391690560563,0.07859336553629748,0.5434709494775083,0.7281484507240761,0.8667608309439437,0.9214066344637025
824814,2026-07-12 00:00:00,2026,607625,6.0,3.8865751266479496,0.43332865834236145,0.6096066596353281,0.42097043192469685,0.2486933412011389,0.1405978173687326,0.3903933403646719,0.5790295680753031,0.751306658798861,0.8594021826312674
824090,2026-07-17 00:00:00,2026,607625,3.0,3.847707462310791,0.4728924036026001,0.6027669428146013,0.4140002647658582,0.24292105086665713,0.13733179928140876,0.3972330571853987,0.5859997352341417,0.7570789491333428,0.8626682007185913
824083,2026-07-22 00:00:00,2026,607625,5.0,3.898856401443482,0.43117251992225647,0.6108229044860924,0.4232345943321579,0.25148092856023124,0.14273936624235609,0.38917709551390756,0.5767654056678422,0.7485190714397687,0.8572606337576439
823676,2026-07-28 00:00:00,2026,607625,2.0,4.357154083251953,0.4894062280654907,0.6828478551908506,0.5025054703527329,0.3236772446541761,0.1893081281157202,0.31715214480914944,0.49749452964726715,0.676322755345824,0.8106918718842798
824323,2026-08-02 00:00:00,2026,607625,3.0,4.1604231834411625,0.514537513256073,0.6543054694636716,0.46932608678432447,0.2916249646040258,0.16706874319724788,0.34569453053632837,0.5306739132156755,0.7083750353959741,0.8329312568027522
824079,2026-08-08 00:00:00,2026,607625,5.0,3.736824131011963,0.5385576486587524,0.5841106562377956,0.3937134357523165,0.2251217746709706,0.12671831735855013,0.41588934376220443,0.6062865642476836,0.7748782253290294,0.8732816826414499
823993,2026-08-14 00:00:00,2026,607625,4.0,4.613600063323975,0.6527611613273621,0.7208914674370399,0.5453914802555755,0.3642317539448866,0.2180380797466523,0.2791085325629601,0.4546085197444245,0.6357682460551134,0.7819619202533477
824076,2026-08-19 00:00:00,2026,607625,3.0,4.471662521362305,0.6467160582542419,0.7004871493654693,0.5219254797870766,0.3415507718612144,0.20144437417600825,0.2995128506345307,0.4780745202129234,0.6584492281387856,0.7985556258239918
823519,2026-07-22 00:00:00,2026,608331,7.0,5.942465591430664,0.6378393769264221,0.8545527320191679,0.7233200849051287,0.567854363211596,0.43515670963882375,0.14544726798083207,0.27667991509487133,0.432145636788404,0.5648432903611762
824570,2026-07-27 00:00:00,2026,608331,4.0,4.912064075469971,0.48261693120002747,0.7533888663807723,0.5885715708449395,0.4126860460137723,0.261536620897658,0.2466111336192277,0.4114284291550605,0.5873139539862278,0.738463379102342
824649,2026-08-01 00:00:00,2026,608331,7.0,4.653238201141358,0.5832202434539795,0.7234679781491201,0.5504082299439456,0.3712653587378034,0.2251016609244438,0.2765320218508799,0.44959177005605444,0.6287346412621966,0.7748983390755562
823515,2026-08-07 00:00:00,2026,608331,7.0,6.6569358825683596,0.7904794812202454,0.8988929953124838,0.7918728489989874,0.6590604265429427,0.5774814382097201,0.10110700468751621,0.20812715100101264,0.3409395734570573,0.4225185617902799
823508,2026-08-13 00:00:00,2026,608331,4.0,5.361257648468018,0.6536223292350769,0.802399906750977,0.6514880610247594,0.48226419696796974,0.33046344173855624,0.19760009324902295,0.3485119389752406,0.5177358030320303,0.6695365582614438
824331,2026-07-18 00:00:00,2026,608372,3.0,3.8268171310424806,0.5544127821922302,0.6002254722689191,0.4100575382547875,0.23849413761110855,0.13414705012846992,0.3997745277310809,0.5899424617452125,0.7615058623888915,0.86585294987153
823759,2026-07-24 00:00:00,2026,608372,5.0,3.635778617858887,0.4464999735355377,0.5658980231946936,0.3751426133144637,0.2099291432161016,0.11828397611039414,0.4341019768053064,0.6248573866855363,0.7900708567838984,0.8817160238896059
824325,2026-07-31 00:00:00,2026,608372,2.0,3.245588541030884,0.4006195664405823,0.4906941990612358,0.3029128220672398,0.15511650822573497,0.08964465371729417,0.5093058009387642,0.6970871779327602,0.844883491774265,0.9103553462827059
824322,2026-08-05 00:00:00,2026,608372,3.0,3.1937628746032716,0.5389617085456848,0.4805924049192774,0.2921067073842252,0.1463422260608448,0.08468097315579134,0.5194075950807227,0.7078932926157748,0.8536577739391552,0.9153190268442086
825046,2026-08-11 00:00:00,2026,608372,5.0,3.5414711952209474,0.4644468426704407,0.5485893463322475,0.3575756484952855,0.19573086370134582,0.1104906774846348,0.45141065366775246,0.6424243515047146,0.8042691362986542,0.8895093225153652
824320,2026-08-17 00:00:00,2026,608372,3.0,3.3062708854675296,0.48071104288101196,0.5030766056031623,0.31371662397695066,0.16244386669755226,0.09311488302240813,0.49692339439683775,0.6862833760230493,0.8375561333024477,0.9068851169775919
823606,2026-07-09 00:00:00,2026,608379,5.0,5.362297248840332,0.5795416831970215,0.8049745376245474,0.65354882376266,0.4830601561237019,0.32961375537935883,0.1950254623754526,0.34645117623734,0.5169398438762981,0.6703862446206412
824087,2026-07-20 00:00:00,2026,608379,5.0,4.269083404541016,0.6028854250907898,0.6720505204912378,0.4882821078283319,0.3083586443791465,0.17753497751521388,0.3279494795087622,0.5117178921716681,0.6916413556208535,0.8224650224847861
824244,2026-07-25 00:00:00,2026,608379,3.0,5.561952781677246,0.626275897026062,0.8237898580854229,0.6792066052189555,0.5132351080735401,0.36414495045132805,0.17621014191457707,0.3207933947810445,0.4867648919264599,0.6358550495486719
824325,2026-07-31 00:00:00,2026,608379,7.0,4.778729343414307,0.6285591125488281,0.7415887981359894,0.5710346044395403,0.3910942158083143,0.24013393325418533,0.25841120186401056,0.42896539556045965,0.6089057841916856,0.7598660667458147
824080,2026-08-06 00:00:00,2026,608379,1.0,4.440455913543701,0.7257532477378845,0.6971811770379269,0.5171933662344773,0.3360714728128626,0.1968434109372906,0.3028188229620731,0.4828066337655227,0.6639285271871374,0.8031565890627094
823917,2026-08-11 00:00:00,2026,608379,5.0,4.230093383789063,0.653292179107666,0.6667558217387821,0.48173186347315244,0.3016992052778284,0.1727446250580576,0.3332441782612179,0.5182681365268476,0.6983007947221715,0.8272553749419425
824077,2026-08-17 00:00:00,2026,608379,3.0,4.109611892700196,0.5881397724151611,0.6468068816607033,0.46055671277243415,0.2831901602758543,0.16138541870832757,0.3531931183392967,0.5394432872275658,0.7168098397241457,0.8386145812916724
823280,2026-07-07 00:00:00,2026,608566,4.0,3.6854595184326175,0.5146567225456238,0.5748131911329137,0.3843335780284487,0.21751587884521167,0.12253237988644564,0.42518680886708626,0.6156664219715513,0.7824841211547884,0.8774676201135544
823274,2026-07-12 00:00:00,2026,608566,4.0,4.290471363067628,0.64579176902771,0.6746183461815908,0.49175786766603,0.31216243508605696,0.18046296994431144,0.3253816538184092,0.50824213233397,0.687837564913943,0.8195370300556886
824086,2026-07-19 00:00:00,2026,608566,2.0,3.684974479675293,0.4923943877220154,0.5750782105054818,0.38410298505105916,0.2169235482421424,0.12198325909029628,0.4249217894945182,0.6158970149489409,0.7830764517578576,0.8780167409097037
823272,2026-07-31 00:00:00,2026,608566,2.0,3.469311571121216,0.5029381513595581,0.5350520901545215,0.3440102891100805,0.18497808780672606,0.10468059353705796,0.4649479098454785,0.6559897108899195,0.8150219121932739,0.8953194064629421
823197,2026-07-25 00:00:00,2026,608718,4.0,1.9716787815093995,0.4918956756591797,0.21239579861276228,0.08897970056723731,0.029597209955188702,0.02461162088475279,0.7876042013872377,0.9110202994327627,0.9704027900448113,0.9753883791152472
824000,2026-08-01 00:00:00,2026,608718,1.0,3.2405857086181644,0.7487760782241821,0.49021083504597496,0.30068915673700436,0.15226315497707718,0.08757253508505272,0.509789164954025,0.6993108432629956,0.8477368450229228,0.9124274649149473
824887,2026-08-10 00:00:00,2026,608718,3.0,2.5530138492584227,0.6273561120033264,0.34222076916802824,0.17694815389168064,0.07354773669595689,0.048526226006663016,0.6577792308319718,0.8230518461083194,0.9264522633040431,0.951473773993337
824884,2026-08-15 00:00:00,2026,608718,0.0,2.910187244415283,0.8224334716796875,0.42080749402078804,0.238725101009524,0.10993110875504665,0.06633795705491144,0.579192505979212,0.7612748989904761,0.8900688912449534,0.9336620429450886
822878,2026-07-10 00:00:00,2026,615698,1.0,3.1237609863281253,0.49158889055252075,0.4659411258560759,0.28004389372823046,0.13873523578376423,0.08127391123929414,0.5340588741439241,0.7199561062717695,0.8612647642162358,0.9187260887607058
824901,2026-07-17 00:00:00,2026,615698,3.0,3.1318197250366215,0.4262612760066986,0.467602112369916,0.28154731659876936,0.13978566209556706,0.0818040444561364,0.532397887630084,0.7184526834012306,0.8602143379044329,0.9181959555438636
822873,2026-07-22 00:00:00,2026,615698,1.0,3.4677168369293216,0.47628894448280334,0.534425514624225,0.3440165188185796,0.18545259084173984,0.10517840237386529,0.46557448537577495,0.6559834811814205,0.8145474091582602,0.8948215976261347
822949,2026-07-28 00:00:00,2026,615698,7.0,2.9114461898803716,0.5203298926353455,0.42109919679567004,0.23920265437586882,0.11038040016814911,0.06662904372921141,0.5789008032043299,0.7607973456241311,0.8896195998318509,0.9333709562707886
822867,2026-08-03 00:00:00,2026,615698,4.0,3.884523391723633,0.689185380935669,0.6102443151020028,0.4205077986217869,0.24732598236457862,0.13922935173460865,0.38975568489799717,0.5794922013782131,0.7526740176354214,0.8607706482653914
823994,2026-08-12 00:00:00,2026,615698,6.0,3.311815071105957,0.6499446034431458,0.5048398688787963,0.31354994420242743,0.16100740326444918,0.09172145892078265,0.4951601311212037,0.6864500557975726,0.8389925967355508,0.9082785410792173
822859,2026-08-18 00:00:00,2026,615698,5.0,3.546588134765625,0.660161018371582,0.5493925027551351,0.3586359843858049,0.1967710032714253,0.11115814498201838,0.45060749724486493,0.6413640156141951,0.8032289967285747,0.8888418550179816
823282,2026-07-06 00:00:00,2026,621111,4.0,4.59604082107544,0.5322141647338867,0.7154139543287568,0.5411285056304358,0.36222341632134475,0.21825527561652547,0.28458604567124324,0.4588714943695642,0.6377765836786553,0.7817447243834745
823276,2026-07-11 00:00:00,2026,621111,1.0,5.054223251342774,0.5571160316467285,0.7708472424014946,0.6098984787666646,0.4350247411949967,0.2815713399384532,0.2291527575985054,0.3901015212333354,0.5649752588050033,0.7184286600615468
824895,2026-07-21 00:00:00,2026,621111,3.0,4.1979035377502445,0.44833528995513916,0.6586361836863409,0.475487677760292,0.29853770849646205,0.17239395956356487,0.3413638163136591,0.524512322239708,0.701462291503538,0.8276060404364352
823840,2026-07-26 00:00:00,2026,621111,7.0,4.094369983673096,0.48000311851501465,0.6431422152344379,0.45772890724306636,0.2817073746059594,0.1611264576411261,0.35685778476556207,0.5422710927569336,0.7182926253940406,0.8388735423588739
823269,2026-08-01 00:00:00,2026,621111,1.0,5.1404187202453615,0.6317375898361206,0.7809885960846543,0.6225388132199813,0.4485578256055359,0.2943416016848093,0.21901140391534568,0.3774611867800187,0.5514421743944641,0.7056583983151907
825053,2026-08-06 00:00:00,2026,621111,3.0,3.5097982406616213,0.5401207804679871,0.5428896509566848,0.3514600916581471,0.19057037411586056,0.1075439591229748,0.45711034904331516,0.6485399083418528,0.8094296258841395,0.8924560408770252
823264,2026-08-11 00:00:00,2026,621111,5.0,4.240472316741943,0.6417295932769775,0.6676171973723021,0.4833497598425496,0.30381004365022596,0.17454201226830865,0.3323828026276979,0.5166502401574504,0.696189956349774,0.8254579877316913
823589,2026-08-17 00:00:00,2026,621111,4.0,4.438002109527588,0.6859754920005798,0.6965892191293871,0.5166949765324718,0.3357708367881778,0.19676089900143684,0.3034107808706129,0.48330502346752824,0.6642291632118222,0.8032391009985631
823762,2026-07-20 00:00:00,2026,621121,4.0,4.941922664642334,0.6116126179695129,0.7588738203125864,0.5941798259846192,0.4173626272141675,0.26456384812196604,0.24112617968741357,0.40582017401538084,0.5826373727858325,0.7354361518780339
823758,2026-07-25 00:00:00,2026,621121,1.0,5.341034317016602,0.5649396777153015,0.7981985652848728,0.6471325285464088,0.478652051426103,0.32802697736909786,0.20180143471512724,0.3528674714535912,0.521347948573897,0.6719730226309022
822955,2026-07-10 00:00:00,2026,622491,4.0,4.538420009613038,0.47371602058410645,0.7081815745255805,0.532152187521703,0.35283139660639845,0.21072661840320575,0.2918184254744195,0.467847812478297,0.6471686033936015,0.7892733815967943
823114,2026-07-21 00:00:00,2026,622491,3.0,4.92262601852417,0.6655469536781311,0.7584070595430866,0.5924375765541661,0.41425697524778654,0.2606533743696942,0.24159294045691337,0.40756242344583393,0.5857430247522135,0.7393466256303058
823923,2026-07-28 00:00:00,2026,622491,2.0,4.6074518203735355,0.5080079436302185,0.7174463964996414,0.5431790692079728,0.3639173549105344,0.21928717344868254,0.28255360350035863,0.45682093079202724,0.6360826450894657,0.7807128265513175
824729,2026-08-06 00:00:00,2026,622491,5.0,4.3084223747253425,0.5698404908180237,0.6776434732238025,0.49490713672940784,0.31486670604016387,0.1821183505305893,0.3223565267761975,0.5050928632705922,0.6851332939598361,0.8178816494694107
824562,2026-08-12 00:00:00,2026,622491,10.0,4.807879257202149,0.7310685515403748,0.7456539747302744,0.5757628834378699,0.3957429034569367,0.24379883215557696,0.2543460252697256,0.42423711656213015,0.6042570965430634,0.756201167844423
824641,2026-08-17 00:00:00,2026,622491,1.0,5.449294948577881,0.6859185695648193,0.8138534122430986,0.6652972330122053,0.49645374807240894,0.3442308250986464,0.1861465877569014,0.33470276698779466,0.5035462519275911,0.6557691749013537
823106,2026-08-05 00:00:00,2026,623454,0.0,4.234548950195313,0.692626416683197,0.6665247236224263,0.4822856699352726,0.3029713708443412,0.1740876564548415,0.3334752763775737,0.5177143300647273,0.6970286291556588,0.8259123435451585
824240,2026-08-11 00:00:00,2026,623454,4.0,3.787001705169678,0.6115303635597229,0.5931942681908682,0.4028227833449557,0.2324800575761254,0.13075055338432318,0.4068057318091318,0.5971772166550443,0.7675199424238746,0.8692494466156768
824236,2026-08-16 00:00:00,2026,623454,5.0,3.6811113357543945,0.6302388906478882,0.5747050360336665,0.38325890954331765,0.2158605036518294,0.1211903479591676,0.4252949639663335,0.6167410904566824,0.7841394963481706,0.8788096520408324
824730,2026-07-26 00:00:00,2026,624133,6.0,3.827428722381592,0.6711687445640564,0.6008883872612001,0.4100735957984398,0.2379382180929355,0.1335010782155273,0.3991116127387999,0.5899264042015602,0.7620617819070645,0.8664989217844727
823922,2026-07-31 00:00:00,2026,624133,2.0,5.190751457214356,0.5855221152305603,0.7843515195273973,0.6280916401170088,0.45607892612938283,0.30322071130419487,0.21564848047260265,0.3719083598829912,0.5439210738706172,0.6967792886958051
824729,2026-08-06 00:00:00,2026,624133,3.0,5.67326250076294,0.6945682168006897,0.8294840387589572,0.6892731193567225,0.5278847433629227,0.38513863102429924,0.17051596124104285,0.31072688064327747,0.4721152566370773,0.6148613689757008
822779,2026-08-12 00:00:00,2026,624133,2.0,4.738496017456055,0.6485583186149597,0.7340080208947481,0.5634675094773649,0.3849962282564079,0.236522527169167,0.26599197910525185,0.4365324905226351,0.6150037717435921,0.763477472830833
824723,2026-08-18 00:00:00,2026,624133,3.0,3.70410213470459,0.5657939910888672,0.5778499670766363,0.3878676734058977,0.2207659498228528,0.12453635478782676,0.4221500329233637,0.6121323265941023,0.7792340501771472,0.8754636452121732
824900,2026-07-06 00:00:00,2026,625643,5.0,3.4277266502380375,0.6155766844749451,0.5269875268051022,0.33630587605883017,0.17917707140999423,0.10168891429390903,0.4730124731948978,0.6636941239411698,0.8208229285900057,0.898311085706091
823030,2026-07-11 00:00:00,2026,625643,3.0,3.8263409614562987,0.47491443157196045,0.5985402986831739,0.4102341346321281,0.24027150141487805,0.13611178321853165,0.40145970131682607,0.5897658653678719,0.7597284985851219,0.8638882167814683
824895,2026-07-21 00:00:00,2026,625643,6.0,3.954764270782471,0.5048196315765381,0.620885547134597,0.4331681242648349,0.25945183291828716,0.1471153417365719,0.379114452865403,0.5668318757351651,0.7405481670817129,0.8528846582634281
824810,2026-07-26 00:00:00,2026,625643,6.0,4.266529083251953,0.594621479511261,0.6708173771285415,0.4876248988804979,0.3084334109850332,0.17804974520531805,0.3291826228714585,0.5123751011195021,0.6915665890149668,0.821950254794682
823606,2026-07-09 00:00:00,2026,640455,6.0,3.9333529472351074,0.5630753040313721,0.6175671592041919,0.42934374334979836,0.25587222156708456,0.14482171384437478,0.3824328407958081,0.5706562566502016,0.7441277784329154,0.8551782861556252
823441,2026-07-18 00:00:00,2026,640455,7.0,5.091581916809082,0.5598893761634827,0.7768610797990979,0.6164785117822321,0.44103149902193417,0.28617190447325913,0.2231389202009021,0.3835214882177679,0.5589685009780658,0.7138280955267409
823601,2026-07-24 00:00:00,2026,640455,3.0,3.9619928359985352,0.510246217250824,0.6223506294535085,0.4344516082430466,0.2603274363199429,0.14749611946086552,0.3776493705464915,0.5655483917569534,0.7396725636800572,0.8525038805391345
823596,2026-07-29 00:00:00,2026,640455,4.0,5.054045963287354,0.5818777084350586,0.7724309941089444,0.610940589627645,0.4351008496984789,0.2806311806355678,0.22756900589105555,0.38905941037235503,0.564899150301521,0.7193688193644322
824403,2026-08-04 00:00:00,2026,640455,7.0,5.109619045257569,0.6657686829566956,0.7790987262542488,0.6192146458815909,0.44389247060872283,0.2887936398720764,0.2209012737457512,0.3807853541184091,0.5561075293912772,0.7112063601279236
823345,2026-08-09 00:00:00,2026,640455,11.0,5.675546073913575,0.8699883818626404,0.8355917952315904,0.6947572048160279,0.5308419601401877,0.3842684673473045,0.16440820476840956,0.3052427951839721,0.4691580398598123,0.6157315326526955
823588,2026-08-15 00:00:00,2026,640455,7.0,6.450794982910156,0.8088449239730835,0.8895956113770481,0.7760132735006217,0.6360508077248345,0.5370717595062653,0.11040438862295188,0.22398672649937834,0.36394919227516553,0.4629282404937347
824577,2026-07-09 00:00:00,2026,641743,4.0,4.750441360473633,0.5012824535369873,0.7328932982559591,0.5638972117998842,0.38727508017971923,0.23994243311794705,0.26710670174404094,0.43610278820011583,0.6127249198202808,0.760057566882053
822789,2026-07-17 00:00:00,2026,641743,5.0,3.6200306892395018,0.5150694251060486,0.5632470741323128,0.37210953583852024,0.2072009545363493,0.11664000354605142,0.4367529258676872,0.6278904641614798,0.7927990454636507,0.8833599964539486
822873,2026-07-22 00:00:00,2026,641743,4.0,4.176954650878907,0.5258719325065613,0.6564829527407612,0.4721108810691372,0.29451996938294367,0.16916693835184107,0.3435170472592388,0.5278891189308628,0.7054800306170563,0.830833061648159
824569,2026-07-28 00:00:00,2026,641743,7.0,3.9285189628601076,0.5966061353683472,0.6175724809534036,0.42844790181462716,0.25431577735881417,0.14343073571840756,0.38242751904659644,0.5715520981853728,0.7456842226411858,0.8565692642815924
822943,2026-08-02 00:00:00,2026,641743,3.0,3.8461639404296877,0.6282891631126404,0.6042452369394451,0.41347224737813537,0.24071508234143768,0.13503940166216252,0.3957547630605549,0.5865277526218646,0.7592849176585623,0.8649605983378374
824565,2026-08-08 00:00:00,2026,641743,4.0,4.486433696746826,0.533203125,0.7010889880211708,0.5237608172725393,0.3444644727726308,0.20440825432093943,0.2989110119788292,0.4762391827274607,0.6555355272273692,0.7955917456790605
824239,2026-08-15 00:00:00,2026,641743,4.0,4.335044097900391,0.4681306481361389,0.6788228143972833,0.49856191706842334,0.32052902808508776,0.18753782592161344,0.3211771856027167,0.5014380829315767,0.6794709719149122,0.8124621740783866
824589,2026-08-20 00:00:00,2026,641743,6.0,4.570615196228028,0.5342429876327515,0.711955547562455,0.5370558266137473,0.3581654087535191,0.2151372219829909,0.28804445243754495,0.4629441733862527,0.6418345912464809,0.7848627780170091
823930,2026-07-06 00:00:00,2026,641778,3.0,4.531803894042969,0.5775935649871826,0.7089597343674802,0.5318034601151378,0.35122646473298813,0.2085675572684936,0.29104026563251983,0.4681965398848622,0.6487735352670119,0.7914324427315064
823438,2026-07-22 00:00:00,2026,641778,5.0,4.2105933189392095,0.6174450516700745,0.6636193486610581,0.47832485926166374,0.29864267336287925,0.17080703697874852,0.3363806513389419,0.5216751407383362,0.7013573266371207,0.8291929630212515
823924,2026-07-29 00:00:00,2026,641778,4.0,4.463609123229981,0.6299046277999878,0.7001965547558836,0.5209276306657932,0.3399292128371447,0.1997892615241928,0.2998034452441164,0.4790723693342068,0.6600707871628553,0.8002107384758073
824646,2026-08-05 00:00:00,2026,641778,1.0,3.8527990341186524,0.5385788083076477,0.6050872192493395,0.4147235524781604,0.24208850406844484,0.13601107273144097,0.3949127807506605,0.5852764475218396,0.7579114959315552,0.863988927268559
823916,2026-08-12 00:00:00,2026,641778,6.0,4.087485027313233,0.6751216053962708,0.6445479583960807,0.4568239052904998,0.27869193050763147,0.1578474209164773,0.3554520416039193,0.5431760947095001,0.7213080694923686,0.8421525790835227
824319,2026-08-18 00:00:00,2026,641778,6.0,4.491894149780274,0.6652194261550903,0.705371130618693,0.5260732540432673,0.3440751929317252,0.20215413096385032,0.29462886938130695,0.4739267459567327,0.6559248070682748,0.7978458690361496
822709,2026-07-10 00:00:00,2026,641793,5.0,3.782053279876709,0.683899998664856,0.5925419339951356,0.40186897673255007,0.2314516810415909,0.13003608533264707,0.40745806600486445,0.5981310232674499,0.7685483189584091,0.8699639146673529
824979,2026-07-18 00:00:00,2026,641793,4.0,3.5879086494445804,0.6296335458755493,0.5575120516588156,0.3660377406939404,0.20209703230915552,0.1137380229907721,0.44248794834118443,0.6339622593060597,0.7979029676908445,0.8862619770092279
822707,2026-07-24 00:00:00,2026,641793,5.0,3.6799669265747075,0.5629324913024902,0.5741382880315092,0.38319633452991914,0.2162240979434227,0.12161751606360854,0.42586171196849076,0.6168036654700808,0.7837759020565773,0.8783824839363914
822702,2026-07-29 00:00:00,2026,641793,2.0,3.851596260070801,0.5233940482139587,0.6034959941403686,0.4146951285654253,0.24345419316329872,0.13760623771550035,0.3965040058596314,0.5853048714345748,0.7565458068367013,0.8623937622844997
823432,2026-08-04 00:00:00,2026,641793,2.0,4.081422996520996,0.5374667048454285,0.6419675760440665,0.4555748945412351,0.27898572686281725,0.15891770846040149,0.3580324239559335,0.5444251054587649,0.7210142731371827,0.8410822915395986
825048,2026-08-10 00:00:00,2026,641793,2.0,3.5216377258300784,0.5506377816200256,0.544800965012722,0.353932433100048,0.19295179177086258,0.10904691432906376,0.455199034987278,0.646067566899952,0.8070482082291375,0.8909530856709362
824725,2026-08-17 00:00:00,2026,641793,0.0,3.263335704803467,0.4634338617324829,0.49457093511115563,0.30551417692197186,0.15628947075045543,0.08988820390037007,0.5054290648888444,0.6944858230780282,0.8437105292495446,0.9101117960996299
823198,2026-07-11 00:00:00,2026,641816,4.0,4.661081218719483,0.5245864391326904,0.7225298367460234,0.5506698639439944,0.37293744806038837,0.2275605644431105,0.27747016325397655,0.4493301360560056,0.6270625519396116,0.7724394355568895
824085,2026-07-21 00:00:00,2026,641816,4.0,3.8712511062622075,0.49339330196380615,0.606689739134871,0.41824913852398937,0.24665950752434576,0.1395785168217602,0.393310260865129,0.5817508614760106,0.7533404924756543,0.8604214831782397
823195,2026-07-27 00:00:00,2026,641816,3.0,4.479317855834961,0.566051185131073,0.6999457207330075,0.5225396549783358,0.3433728536497593,0.2036823017804974,0.30005427926699246,0.47746034502166423,0.6566271463502407,0.7963176982195026
823269,2026-08-01 00:00:00,2026,641816,9.0,4.5301381111145025,0.5526015758514404,0.7085313033445282,0.5314481754361292,0.3510242322218001,0.20852830945789275,0.2914686966554718,0.4685518245638708,0.6489757677781999,0.7914716905421073
823515,2026-08-07 00:00:00,2026,641816,9.0,5.779629135131836,0.6678007245063782,0.8424362549625186,0.7054583694909491,0.5451375933881795,0.4040196975243714,0.15756374503748138,0.2945416305090509,0.45486240661182054,0.5959803024756286
824883,2026-08-12 00:00:00,2026,641816,7.0,5.404921436309815,0.6055864691734314,0.8084613963514933,0.6586188841036894,0.48937781109433254,0.3370752665577966,0.19153860364850672,0.3413811158963106,0.5106221889056675,0.6629247334422034
823667,2026-08-18 00:00:00,2026,641816,3.0,5.009891033172607,0.6378883719444275,0.7681665403318997,0.6050389296721206,0.4281524275414294,0.2736114978170686,0.23183345966810032,0.3949610703278794,0.5718475724585705,0.7263885021829314
823683,2026-07-09 00:00:00,2026,641927,5.0,3.336077880859375,0.4574541747570038,0.50896039049002,0.3193228650036308,0.16662062401141936,0.09528326727556588,0.49103960950998005,0.6806771349963692,0.8333793759885806,0.9047167327244341
824655,2026-07-17 00:00:00,2026,641927,7.0,3.431454706192017,0.3759843409061432,0.5271256045639439,0.33764614542370996,0.1811027792514919,0.10316381268498076,0.47287439543605614,0.66235385457629,0.8188972207485081,0.8968361873150192
824408,2026-07-22 00:00:00,2026,641927,2.0,3.8032875061035156,0.4471435248851776,0.5950736991701313,0.40598769039746757,0.236148992484839,0.1334213830450951,0.4049263008298687,0.5940123096025325,0.763851007515161,0.8665786169549049
823674,2026-07-30 00:00:00,2026,641927,3.0,4.8091829299926765,0.5788379311561584,0.7425637499496077,0.5741277639435074,0.39630153566135273,0.2462081146772444,0.2574362500503923,0.4258722360564926,0.6036984643386473,0.7537918853227557
824080,2026-08-06 00:00:00,2026,641927,0.0,4.059816455841065,0.5707190632820129,0.6387755512927772,0.4518030423380728,0.27534275618855325,0.15648164718882643,0.3612244487072228,0.5481969576619272,0.7246572438114467,0.8435183528111736
823673,2026-08-11 00:00:00,2026,641927,4.0,3.946318912506104,0.5126768946647644,0.6205356330480203,0.4316427285945792,0.2571212609992643,0.14511930297520265,0.3794643669519797,0.5683572714054208,0.7428787390007356,0.8548806970247973
823668,2026-08-17 00:00:00,2026,641927,4.0,3.3244779109954834,0.490329772233963,0.5066695621319919,0.3171492441414811,0.16500747887552397,0.09445124651419882,0.4933304378680081,0.6828507558585188,0.834992521124476,0.9055487534858012
823433,2026-07-26 00:00:00,2026,642232,2.0,2.007299089431763,0.46894213557243347,0.2191331402589876,0.09239946151995453,0.030822626052395986,0.02519553383348156,0.7808668597410124,0.9076005384800455,0.9691773739476041,0.9748044661665184
824802,2026-08-20 00:00:00,2026,642232,4.0,2.452078247070313,0.5092241764068604,0.31908314079600686,0.15911951113847977,0.06341176892023964,0.04314126875524366,0.6809168592039931,0.8408804888615202,0.9365882310797604,0.9568587312447563
824900,2026-07-06 00:00:00,2026,642547,6.0,4.35356559753418,0.47254636883735657,0.6833085699234239,0.5022219014647666,0.32263048888275986,0.18803397686270537,0.3166914300765761,0.49777809853523336,0.6773695111172402,0.8119660231372946
823603,2026-07-11 00:00:00,2026,642547,6.0,4.853574848175049,0.621411144733429,0.7491468664165547,0.5815026385832099,0.4032779472632453,0.25154689010438963,0.2508531335834453,0.41849736141679006,0.5967220527367547,0.7484531098956104
823762,2026-07-20 00:00:00,2026,642547,6.0,4.933046817779541,0.5686668157577515,0.7583179325983747,0.5931714027753371,0.4159478321167197,0.26298448176542427,0.24168206740162534,0.4068285972246629,0.5840521678832803,0.7370155182345757
823599,2026-07-26 00:00:00,2026,642547,3.0,4.5806221008300785,0.5656763911247253,0.7140638036087485,0.5389983199512227,0.35955554099993686,0.2157808105354593,0.28593619639125145,0.4610016800487773,0.6404444590000631,0.7842191894645407
824321,2026-08-04 00:00:00,2026,642547,3.0,4.373541450500488,0.6544687747955322,0.687331283471064,0.5059382029409645,0.325329441470473,0.18931631093218107,0.312668716528936,0.4940617970590355,0.674670558529527,0.810683689067819
824969,2026-08-10 00:00:00,2026,642547,5.0,4.471161365509033,0.5728099346160889,0.7003281981643772,0.5218088170735314,0.3415051910328438,0.20146091286348464,0.2996718018356228,0.47819118292646856,0.6584948089671562,0.7985390871365153
822940,2026-08-16 00:00:00,2026,642547,2.0,4.9600221633911135,0.6563118696212769,0.7621647485624606,0.5975803957256406,0.4202262564731941,0.2664449944585797,0.23783525143753936,0.4024196042743594,0.5797737435268059,0.7335550055414203
822958,2026-07-06 00:00:00,2026,643377,10.0,4.331982612609863,0.4754486083984375,0.6769321720923511,0.4976023240178884,0.3207419302845286,0.18847249276501618,0.3230678279076489,0.5023976759821116,0.6792580697154714,0.8115275072349838
822953,2026-07-11 00:00:00,2026,643377,3.0,4.78185682296753,0.5707956552505493,0.7378345665643815,0.5692291045986925,0.39211368329696633,0.2434330616872763,0.2621654334356185,0.43077089540130753,0.6078863167030337,0.7565669383127237
824766,2026-07-17 00:00:00,2026,643377,6.0,5.372920227050781,0.5040115714073181,0.8008749553595041,0.6509390667252745,0.4833208854048095,0.33346760890026733,0.19912504464049585,0.34906093327472554,0.5166791145951906,0.6665323910997327
822784,2026-07-22 00:00:00,2026,643377,5.0,5.197107982635498,0.5138187408447266,0.786398972158062,0.6299523413263692,0.4572741898676884,0.30353650974193314,0.21360102784193802,0.37004765867363076,0.5427258101323116,0.6964634902580669
822949,2026-07-28 00:00:00,2026,643377,10.0,5.2584281921386715,0.4442487359046936,0.7878626247694314,0.6346899778722379,0.4657601577633567,0.31556152047964425,0.21213737523056864,0.3653100221277621,0.5342398422366432,0.6844384795203557
822943,2026-08-02 00:00:00,2026,643377,8.0,5.660447597503662,0.6038530468940735,0.8299562729027143,0.6891129436782032,0.526717757367991,0.3824847961700693,0.17004372709728566,0.3108870563217968,0.473282242632009,0.6175152038299307
823845,2026-07-10 00:00:00,2026,645261,8.0,5.65269479751587,0.6361807584762573,0.8330096363807513,0.69143775066311,0.5271957883582776,0.38020836138395425,0.16699036361924868,0.30856224933689,0.47280421164172237,0.6197916386160458
823766,2026-07-17 00:00:00,2026,645261,7.0,5.122661972045899,0.6353384852409363,0.7817108468603459,0.6218843506406043,0.44606813057460026,0.29015373941434225,0.21828915313965414,0.3781156493593957,0.5539318694253997,0.7098462605856577
824166,2026-07-22 00:00:00,2026,645261,3.0,5.493665599822998,0.6950722932815552,0.8194650575992725,0.6721888451310355,0.5036536611213588,0.3514376934367075,0.18053494240072754,0.3278111548689645,0.4963463388786412,0.6485623065632925
823838,2026-07-28 00:00:00,2026,645261,5.0,5.302752685546875,0.6714344024658203,0.8007814754980559,0.6469350447979095,0.4742979673823627,0.3189288663982438,0.1992185245019441,0.35306495520209047,0.5257020326176374,0.6810711336017562
823592,2026-08-02 00:00:00,2026,645261,5.0,6.01696653366089,0.6965415477752686,0.862708481548554,0.7340517171831037,0.5798660698535912,0.44979096448635286,0.13729151845144605,0.2659482828168963,0.42013393014640876,0.5502090355136471
823834,2026-08-08 00:00:00,2026,645261,8.0,6.302098083496094,0.7809696197509766,0.8819581970683796,0.7633819834998258,0.6182288107778858,0.5072759542028717,0.11804180293162037,0.23661801650017422,0.38177118922211417,0.49272404579712825
824479,2026-08-14 00:00:00,2026,645261,2.0,6.167527580261231,0.9349514842033386,0.874350930031568,0.7510889937574118,0.6012589997664927,0.4801442073027793,0.12564906996843195,0.24891100624258822,0.39874100023350734,0.5198557926972207
823424,2026-08-19 00:00:00,2026,645261,1.0,6.04661865234375,0.7017335891723633,0.8651608737911115,0.7375618612159442,0.584179251503305,0.4557037977729213,0.1348391262088885,0.26243813878405575,0.41582074849669504,0.5442962022270788
825048,2026-08-10 00:00:00,2026,647336,4.0,5.017486572265625,0.642116129398346,0.7687602507121261,0.6059656348245818,0.4293466380953382,0.2748996071716167,0.23123974928787394,0.39403436517541823,0.5706533619046619,0.7251003928283832
824880,2026-08-16 00:00:00,2026,647336,5.0,4.862507247924805,0.5230951309204102,0.748577105742232,0.5818775263208348,0.4048107849625235,0.2538749069884565,0.251422894257768,0.4181224736791652,0.5951892150374765,0.7461250930115435
823279,2026-07-08 00:00:00,2026,650633,4.0,4.603428840637207,0.5871618390083313,0.7173717399630621,0.5427542900636443,0.36315121628382596,0.2184271259059428,0.28262826003693786,0.4572457099363557,0.636848783716174,0.7815728740940572
824090,2026-07-17 00:00:00,2026,650633,4.0,4.526091194152832,0.4480608105659485,0.7051422073269293,0.5295877173686748,0.35128186043173826,0.21030702918382752,0.29485779267307066,0.4704122826313252,0.6487181395682617,0.7896929708161725
824896,2026-07-22 00:00:00,2026,650633,7.0,4.650633239746094,0.4035840928554535,0.7205535461780896,0.5487375953872816,0.3714075535306755,0.2266810633601252,0.27944645382191036,0.4512624046127184,0.6285924464693244,0.7733189366398748
823275,2026-07-28 00:00:00,2026,650633,6.0,4.796116924285889,0.4901241958141327,0.7404988456148748,0.5718916204805149,0.3942725552383785,0.244742218579808,0.2595011543851252,0.4281083795194851,0.6057274447616214,0.755257781420192
825095,2026-08-03 00:00:00,2026,650633,5.0,4.558648204803467,0.6624646186828613,0.712505177448863,0.5360992991462797,0.3556058152130118,0.21195383900067527,0.287494822551137,0.46390070085372026,0.6443941847869882,0.7880461609993248
823267,2026-08-08 00:00:00,2026,650633,6.0,5.477338886260986,0.6171311140060425,0.815105728923148,0.6677678989997684,0.5002455911564015,0.3495772726888472,0.18489427107685197,0.3322321010002316,0.49975440884359845,0.6504227273111528
824399,2026-08-14 00:00:00,2026,650633,4.0,4.98553056716919,0.5972692966461182,0.7654176750705938,0.6015130606712118,0.42428509582894586,0.269990524505666,0.23458232492940623,0.3984869393287882,0.5757149041710541,0.730009475494334
823587,2026-08-19 00:00:00,2026,650633,4.0,5.3999425888061525,0.6380671262741089,0.8080868341884221,0.6580548425393851,0.4886512325297915,0.33618648828274544,0.1919131658115779,0.34194515746061493,0.5113487674702085,0.6638135117172546
824575,2026-07-10 00:00:00,2026,650644,4.0,3.702141094207764,0.4630623757839203,0.576824289102334,0.38774997766139424,0.2214238467596515,0.12532235957395774,0.42317571089766604,0.6122500223386058,0.7785761532403486,0.8746776404260422
824652,2026-07-21 00:00:00,2026,650644,2.0,3.48848876953125,0.4633186459541321,0.5374408810219367,0.3487102094957948,0.19041739781115324,0.1085062262921217,0.46255911897806334,0.6512897905042052,0.8095826021888468,0.8914937737078783
824664,2026-08-06 00:00:00,2026,650644,3.0,3.7672168731689455,0.5736448764801025,0.589568940791476,0.39924965314396965,0.22964501960317507,0.12922510941118398,0.41043105920852396,0.6007503468560303,0.7703549803968249,0.870774890588816
824089,2026-07-06 00:00:00,2026,650911,1.0,5.213569927215577,0.6328301429748535,0.7906587055131006,0.6340517410500321,0.4602366101379103,0.3048815544726744,0.20934129448689942,0.36594825894996785,0.5397633898620897,0.6951184455273256
824249,2026-07-11 00:00:00,2026,650911,7.0,4.912114143371582,0.6112653613090515,0.7569832272206054,0.5907627906721836,0.4125823016578266,0.2592626323754127,0.2430167727793946,0.4092372093278164,0.5874176983421734,0.7407373676245873
823436,2026-07-20 00:00:00,2026,650911,7.0,5.046326732635499,0.6429738402366638,0.7717577793229138,0.609959783021128,0.4338939250416375,0.27935821517678483,0.22824222067708622,0.39004021697887203,0.5661060749583625,0.7206417848232152
823433,2026-07-26 00:00:00,2026,650911,6.0,5.753415584564209,0.66862553358078,0.840153406504621,0.7022691204043566,0.5412894594438936,0.39912626180780403,0.159846593495379,0.29773087959564337,0.4587105405561064,0.600873738192196
824808,2026-08-01 00:00:00,2026,650911,11.0,5.661735153198242,0.7440466284751892,0.8340699338144381,0.6927827836847672,0.5286531355032169,0.38180338624301186,0.16593006618556194,0.3072172163152328,0.4713468644967831,0.6181966137569881
823430,2026-08-06 00:00:00,2026,650911,6.0,5.676384162902832,0.7254622578620911,0.8349970638003053,0.6942667813541915,0.5306676131225138,0.3845752230189492,0.16500293619969475,0.3057332186458085,0.46933238687748624,0.6154247769810508
823019,2026-08-11 00:00:00,2026,650911,7.0,5.362300682067872,0.6371132731437683,0.8060336392717299,0.6543762386268166,0.4833329688408524,0.3291675351933506,0.19396636072827012,0.3456237613731834,0.5166670311591476,0.6708324648066494
823427,2026-08-17 00:00:00,2026,650911,6.0,6.466899204254151,0.7844857573509216,0.8908225830752092,0.7778246703049104,0.638327111735066,0.54049420154222,0.10917741692479077,0.22217532969508957,0.36167288826493404,0.45950579845777995
823277,2026-07-09 00:00:00,2026,656288,5.0,4.221031951904297,0.6201905012130737,0.6636584112242597,0.4797766762885533,0.3012940946887284,0.17341214087012058,0.3363415887757403,0.5202233237114466,0.6987059053112716,0.8265878591298794
824088,2026-07-18 00:00:00,2026,656288,4.0,3.302978897094727,0.4040464758872986,0.501411558863943,0.31492203176012057,0.16533337850733884,0.09561649608894733,0.49858844113605705,0.6850779682398794,0.8346666214926611,0.9043835039110527
824893,2026-07-23 00:00:00,2026,656288,4.0,3.4424800872802734,0.41867494583129883,0.52915799701922,0.3397773896066258,0.18285758664861165,0.10415189437385218,0.47084200298078005,0.6602226103933742,0.8171424133513884,0.8958481056261478
823273,2026-07-29 00:00:00,2026,656288,4.0,4.313020944595337,0.480370432138443,0.6734392465423786,0.4942386070747516,0.3181056174833194,0.1870196038240065,0.32656075345762137,0.5057613929252485,0.6818943825166806,0.8129803961759935
823202,2026-07-08 00:00:00,2026,656302,11.0,7.627387237548828,0.8833276033401489,0.9437859788939824,0.8675586622075288,0.7663299418711419,0.7635066096906642,0.056214021106017587,0.13244133779247125,0.2336700581288581,0.2364933903093358
822788,2026-07-20 00:00:00,2026,656302,7.0,6.510614967346192,0.9333879947662354,0.8958252030277613,0.7846525163216669,0.6460855949810478,0.5507559314840194,0.10417479697223875,0.21534748367833312,0.3539144050189522,0.44924406851598064
824734,2026-07-25 00:00:00,2026,656302,12.0,7.57686824798584,0.9718852639198303,0.9422847389469725,0.8647060301371293,0.7618841314592758,0.7554276543335949,0.05771526105302749,0.13529396986287068,0.2381158685407242,0.24457234566640507
822782,2026-07-31 00:00:00,2026,656302,7.0,7.393672180175782,0.9320443272590637,0.936405289464891,0.8537149930149869,0.7449732791786494,0.7245456417858219,0.06359471053510901,0.14628500698501312,0.2550267208213506,0.2754543582141781
824664,2026-08-06 00:00:00,2026,656302,10.0,6.924485397338867,0.9806177616119385,0.9168254570935607,0.8194768079827788,0.6949897879020651,0.6350218332614247,0.08317454290643933,0.18052319201722122,0.3050102120979349,0.3649781667385753
822778,2026-08-11 00:00:00,2026,656302,7.0,6.96015796661377,0.8923851251602173,0.9189434848811442,0.8228778984441769,0.6995694995552042,0.6426292659030546,0.08105651511885581,0.17712210155582309,0.3004305004447958,0.3573707340969454
822774,2026-08-16 00:00:00,2026,656302,10.0,7.493392372131348,0.9439408183097839,0.9398923300267759,0.8601026233598021,0.7546259328831606,0.7419714037236474,0.06010766997322414,0.13989737664019786,0.2453740671168394,0.25802859627635255
824252,2026-07-10 00:00:00,2026,656427,6.0,5.70602617263794,0.6407470107078552,0.8348262075587835,0.6954307198232781,0.5337752362425164,0.3905946720055179,0.16517379244121655,0.3045692801767219,0.46622476375748356,0.6094053279944821
824654,2026-07-20 00:00:00,2026,656427,4.0,4.833294010162354,0.5264068841934204,0.7446515569491543,0.5772746432825325,0.40021139726590627,0.2500912958417364,0.2553484430508457,0.42272535671746747,0.5997886027340937,0.7499087041582636
822710,2026-07-08 00:00:00,2026,656492,9.0,4.730738258361817,0.5312790870666504,0.7345798740204604,0.5630918146468933,0.3835018486819704,0.23437917985155082,0.26542012597953957,0.4369081853531067,0.6164981513180297,0.7656208201484491
824978,2026-07-19 00:00:00,2026,656492,2.0,5.057375144958496,0.5715683698654175,0.7733558818144168,0.6117872130213129,0.43566103596007383,0.28081456378159353,0.22664411818558317,0.3882127869786871,0.5643389640399261,0.7191854362184065
822704,2026-07-25 00:00:00,2026,656492,2.0,4.189595413208008,0.48839864134788513,0.6592433438264175,0.47445294448508285,0.2960060503054574,0.16969945940255543,0.34075665617358253,0.5255470555149171,0.7039939496945427,0.8303005405974446
824892,2026-07-31 00:00:00,2026,656492,3.0,4.924820804595948,0.4782249629497528,0.7569115122524969,0.5916859461782241,0.41465078273238426,0.2620810795033323,0.24308848774750313,0.4083140538217759,0.5853492172676158,0.7379189204966676
824401,2026-08-06 00:00:00,2026,656492,6.0,4.4388556480407715,0.5235192775726318,0.6963322895070501,0.51669598993756,0.33606483593317055,0.19718372586641175,0.30366771049294994,0.48330401006243995,0.6639351640668294,0.8028162741335882
824241,2026-08-12 00:00:00,2026,656492,3.0,4.809867286682129,0.5823571681976318,0.7446555739884855,0.5753648737183182,0.39620018193807155,0.2449306036431885,0.2553444260115145,0.42463512628168176,0.6037998180619284,0.7550693963568115
824398,2026-08-18 00:00:00,2026,656492,6.0,5.52245454788208,0.6471045017242432,0.820111826457431,0.674176241332151,0.507298885698367,0.3571795620248893,0.17988817354256903,0.32582375866784896,0.492701114301633,0.6428204379751107
823360,2026-07-08 00:00:00,2026,656550,5.0,4.40626220703125,0.4126405417919159,0.6870110260326248,0.5096192334026171,0.3327674130239113,0.19737843608714623,0.31298897396737524,0.49038076659738294,0.6672325869760887,0.8026215639128538
824897,2026-07-19 00:00:00,2026,656550,2.0,3.7671694755554204,0.49271348118782043,0.5877581990740797,0.39968882109881687,0.23192146537280406,0.13160061735324072,0.41224180092592033,0.6003111789011831,0.7680785346271959,0.8683993826467593
824812,2026-07-24 00:00:00,2026,656550,5.0,3.739168167114258,0.46340447664260864,0.5837363532957796,0.39438031121973594,0.22653632919394004,0.1279950731902281,0.41626364670422045,0.6056196887802641,0.7734636708060599,0.8720049268097719
824894,2026-07-30 00:00:00,2026,656550,4.0,3.763845825195313,0.5695687532424927,0.5887477517795862,0.39869104595201044,0.22941937096959236,0.12923397918425888,0.41125224822041384,0.6013089540479896,0.7705806290304076,0.8707660208157411
824888,2026-08-04 00:00:00,2026,656550,5.0,4.6051447868347175,0.47114092111587524,0.7154282101741729,0.5420132234873613,0.3639799754710916,0.22030209684209637,0.2845717898258271,0.45798677651263875,0.6360200245289084,0.7796979031579037
823513,2026-08-09 00:00:00,2026,656550,2.0,4.9500631332397464,0.5778586864471436,0.759438881903786,0.5951362805712381,0.41865115884068377,0.26597053355695066,0.24056111809621405,0.40486371942876187,0.5813488411593162,0.7340294664430493
824884,2026-08-15 00:00:00,2026,656550,3.0,4.077103805541992,0.5694038271903992,0.6406407958021944,0.4547445013006698,0.27879299046122974,0.1591460150517994,0.35935920419780565,0.5452554986993302,0.7212070095387703,0.8408539849482006
824589,2026-08-20 00:00:00,2026,656550,3.0,4.031572246551514,0.4709027111530304,0.6333597218846546,0.4467601160952983,0.27158984752033033,0.1546156491702158,0.3666402781153454,0.5532398839047017,0.7284101524796697,0.8453843508297842
823359,2026-07-09 00:00:00,2026,656605,3.0,3.4399494171142577,0.3905707001686096,0.5285274541246459,0.33945984679921365,0.18283540255603156,0.10425588639418032,0.47147254587535414,0.6605401532007864,0.8171645974439684,0.8957441136058197
823518,2026-07-22 00:00:00,2026,656605,6.0,3.94527645111084,0.4833015203475952,0.6194594209667618,0.43147536571207934,0.25782685303177677,0.14605048144148258,0.38054057903323824,0.5685246342879207,0.7421731469682232,0.8539495185585174
823353,2026-07-27 00:00:00,2026,656605,4.0,4.393325328826904,0.5211817622184753,0.687441454716874,0.5082995004122067,0.32974917413283217,0.19396075704792703,0.312558545283126,0.49170049958779327,0.6702508258671678,0.806039242952073
824483,2026-08-02 00:00:00,2026,656605,2.0,3.796590423583985,0.5707378387451172,0.5946135655604396,0.40462746930931087,0.23426894253313257,0.13192569841599042,0.40538643443956035,0.5953725306906892,0.7657310574668674,0.8680743015840096
824816,2026-07-09 00:00:00,2026,656849,2.0,3.7270293712615965,0.33113574981689453,0.5806253709951592,0.39246762767123694,0.22599765939476943,0.12827715974212314,0.4193746290048408,0.6075323723287631,0.7740023406052305,0.8717228402578768
824652,2026-07-21 00:00:00,2026,656849,4.0,2.8842710018157964,0.2960797846317291,0.4155897902095654,0.23841844450240335,0.11231950579957999,0.06878829286575354,0.5844102097904347,0.7615815554975967,0.8876804942004201,0.9312117071342465
823025,2026-07-27 00:00:00,2026,656849,3.0,3.0220057487487795,0.33522355556488037,0.4446504158389177,0.2622346116846209,0.1272845727945293,0.07589932675145478,0.5553495841610823,0.7377653883153791,0.8727154272054707,0.9241006732485453
824649,2026-08-01 00:00:00,2026,656849,8.0,3.5921193122863775,0.5035709142684937,0.5577991913543541,0.3671150588749921,0.20357594134606122,0.11487036334117741,0.4422008086456459,0.6328849411250079,0.7964240586539388,0.8851296366588226
824664,2026-08-06 00:00:00,2026,656849,3.0,4.065212345123291,0.4999927580356598,0.6386117048256255,0.4526522128222275,0.2770218757010919,0.15810046322532922,0.36138829517437454,0.5473477871777725,0.7229781242989082,0.8418995367746708
822698,2026-08-12 00:00:00,2026,656849,6.0,3.6876803398132325,0.4413088262081146,0.574933725715004,0.384852291064724,0.21825961644249825,0.12311975826482591,0.425066274284996,0.6151477089352759,0.7817403835575018,0.8768802417351741
822954,2026-07-09 00:00:00,2026,656876,2.0,5.1990797996521,0.6276434063911438,0.7883945272733658,0.6315132578102156,0.45785854471265025,0.30294578301956276,0.21160547272663421,0.3684867421897844,0.5421414552873498,0.6970542169804372
822787,2026-07-21 00:00:00,2026,656876,5.0,4.979678726196289,0.5972486138343811,0.7639247807673647,0.6001351129135323,0.42334410378369847,0.269630205721198,0.2360752192326353,0.3998648870864677,0.5766558962163015,0.730369794278802
822950,2026-07-26 00:00:00,2026,656876,9.0,4.108037567138672,0.4893753230571747,0.6453248263990692,0.460109908611583,0.2838512502336421,0.1624817862590076,0.3546751736009308,0.539890091388417,0.7161487497663579,0.8375182137409924
822944,2026-08-01 00:00:00,2026,656876,10.0,5.524835586547852,0.6334113478660583,0.8186450479496251,0.6730717778307085,0.5070560887166856,0.3581361540604842,0.18135495205037488,0.3269282221692915,0.4929439112833144,0.6418638459395158
823103,2026-08-07 00:00:00,2026,656876,8.0,6.500118446350098,0.7143442630767822,0.8923672048134341,0.7804479110358015,0.6421188900098647,0.5470768805658236,0.10763279518656588,0.21955208896419853,0.35788110999013534,0.4529231194341764
824967,2026-08-12 00:00:00,2026,656876,3.0,6.077407169342042,0.7243634462356567,0.8658990820023771,0.7393822423708208,0.5874309481937883,0.46171127051501315,0.13410091799762291,0.26061775762917916,0.41256905180621173,0.5382887294849868
822937,2026-08-19 00:00:00,2026,656876,5.0,6.067531299591065,0.695162296295166,0.863638392646827,0.7367682724547694,0.5850310882844157,0.4596015387850225,0.13636160735317304,0.2632317275452306,0.41496891171558425,0.5403984612149775
823202,2026-07-08 00:00:00,2026,657277,2.0,4.422852230072022,0.4455046057701111,0.6922804906310532,0.5133955400134921,0.33421436860222087,0.19682919750761588,0.30771950936894676,0.4866044599865079,0.6657856313977791,0.8031708024923842
823116,2026-07-18 00:00:00,2026,657277,5.0,5.339641475677491,0.5905835032463074,0.8032374877815225,0.6509319652497854,0.47971062716410756,0.32561222771740067,0.19676251221847751,0.34906803475021464,0.5202893728358924,0.6743877722825993
823196,2026-07-24 00:00:00,2026,657277,4.0,5.069104385375977,0.5051371455192566,0.7742027556976092,0.6131590081251244,0.4374789084091083,0.28284867664072494,0.2257972443023908,0.38684099187487564,0.5625210915908917,0.717151323359275
823192,2026-07-29 00:00:00,2026,657277,4.0,4.179741668701173,0.4663454592227936,0.6576446315560145,0.4727347233025837,0.2944807519274432,0.16874269948775084,0.3423553684439855,0.5272652766974163,0.7055192480725567,0.8312573005122492
822867,2026-08-03 00:00:00,2026,657277,8.0,4.607147216796875,0.5723705887794495,0.7188150981382534,0.5437892544173639,0.36350382271032294,0.2181642228410007,0.2811849018617466,0.4562107455826361,0.6364961772896771,0.7818357771589993
823190,2026-08-09 00:00:00,2026,657277,2.0,4.742684268951416,0.6025311350822449,0.7362910537172316,0.5650490055533153,0.38539525011693443,0.23583028712131296,0.2637089462827684,0.4349509944466847,0.6146047498830656,0.7641697128786871
823184,2026-08-15 00:00:00,2026,657277,7.0,5.211243629455566,0.6817352771759033,0.7903418597652888,0.63367764473566,0.45986165440330895,0.304546202042668,0.2096581402347112,0.36632235526434,0.540138345596691,0.695453797957332
823682,2026-07-11 00:00:00,2026,657746,6.0,6.052844429016114,0.7278756499290466,0.8646973937047441,0.7373157327037593,0.5844308484251686,0.4568764926360331,0.13530260629525592,0.2626842672962407,0.41556915157483143,0.5431235073639669
824410,2026-07-20 00:00:00,2026,657746,3.0,5.9937762260437015,0.6522086262702942,0.8593195627907944,0.7298608039594591,0.5755665981939125,0.4451591200251125,0.14068043720920564,0.27013919604054093,0.42443340180608746,0.5548408799748875
823677,2026-07-29 00:00:00,2026,657746,4.0,5.134300994873047,0.47975894808769226,0.7798169864228001,0.6213269883382495,0.4475440854128264,0.2936654464394772,0.22018301357719994,0.3786730116617505,0.5524559145871736,0.7063345535605228
824084,2026-08-04 00:00:00,2026,657746,3.0,5.122980308532715,0.608569860458374,0.7801713892964506,0.6208367061851306,0.44595181234844317,0.29106516379465885,0.21982861070354942,0.37916329381486935,0.5540481876515568,0.7089348362053411
824496,2026-07-08 00:00:00,2026,660604,5.0,3.707461452484131,0.4727650582790375,0.577556391466443,0.3887917817377007,0.22252116600491317,0.12607164251310354,0.422443608533557,0.6112082182622993,0.7774788339950869,0.8739283574868965
823439,2026-07-19 00:00:00,2026,660604,4.0,3.6669154167175293,0.45662835240364075,0.5696443102122827,0.38168500790325977,0.21744735306843252,0.12364911191227353,0.4303556897877173,0.6183149920967402,0.7825526469315675,0.8763508880877264
823018,2026-08-10 00:00:00,2026,660604,3.0,3.219893550872803,0.47821417450904846,0.48536524977834555,0.29853399455735485,0.1523486717269704,0.08842902892986845,0.5146347502216544,0.7014660054426451,0.8476513282730296,0.9115709710701315
823276,2026-07-11 00:00:00,2026,663362,3.0,3.7110304832458496,0.48497113585472107,0.5787848112760474,0.38923922440411857,0.22223273861085863,0.12554441183399098,0.4212151887239526,0.6107607755958815,0.7777672613891413,0.874455588166009
823201,2026-07-09 00:00:00,2026,663372,3.0,4.3108783721923825,0.521777868270874,0.6760272006462315,0.4947442624020656,0.3162959745657409,0.18418457245083214,0.32397279935376855,0.5052557375979344,0.6837040254342591,0.8158154275491678
824330,2026-07-19 00:00:00,2026,663372,3.0,4.51933069229126,0.5164368748664856,0.7041385805593193,0.5284681390101235,0.35022898103743905,0.20955381459097855,0.2958614194406807,0.47153186098987654,0.649771018962561,0.7904461854090215
823758,2026-07-25 00:00:00,2026,663372,4.0,4.6558126449584964,0.6204612255096436,0.7249187356960419,0.5513613539390115,0.37143332858972467,0.2245976516785619,0.2750812643039581,0.44863864606098847,0.6285666714102753,0.7754023483214381
824326,2026-08-01 00:00:00,2026,663372,3.0,3.8251919746398926,0.5199002623558044,0.5994754591942912,0.4098448160932406,0.23879399369624726,0.13459309238121497,0.40052454080570876,0.5901551839067594,0.7612060063037527,0.865406907618785
823024,2026-08-07 00:00:00,2026,663372,2.0,3.7323456764221197,0.46935775876045227,0.5830952972044303,0.39296257595144546,0.2247400485126654,0.126636957564296,0.4169047027955697,0.6070374240485545,0.7752599514873346,0.873363042435704
825047,2026-08-12 00:00:00,2026,663372,2.0,3.105196857452393,0.44317659735679626,0.4621576760953882,0.2762898318185787,0.13589404937344537,0.07972759793579012,0.5378423239046117,0.7237101681814213,0.8641059506265546,0.9202724020642099
824319,2026-08-18 00:00:00,2026,663372,3.0,3.847558784484863,0.5074523687362671,0.6030851737619818,0.4139261451595957,0.24251335564930998,0.13689535671137526,0.3969148262380182,0.5860738548404043,0.75748664435069,0.8631046432886247
824578,2026-07-08 00:00:00,2026,663436,2.0,4.752083206176758,0.5987697839736938,0.7367018525780694,0.5660859630100956,0.38702214473679347,0.23763484261826268,0.2632981474219306,0.4339140369899044,0.6129778552632066,0.7623651573817374
822790,2026-07-18 00:00:00,2026,663436,5.0,3.7451728820800785,0.606848955154419,0.5861806863514674,0.3950696117995719,0.2256087411825522,0.12663561956365746,0.41381931364853264,0.6049303882004281,0.7743912588174477,0.8733643804363426
824573,2026-07-24 00:00:00,2026,663436,3.0,4.189297866821289,0.5998437404632568,0.6590818356472471,0.4743786914295053,0.2960354063942298,0.1697818714049215,0.3409181643527529,0.5256213085704947,0.7039645936057701,0.8302181285950785
824567,2026-07-29 00:00:00,2026,663436,6.0,4.637962913513184,0.5643174648284912,0.722213068436274,0.5483629959957507,0.36864064553721576,0.2225876166704847,0.277786931563726,0.45163700400424933,0.6313593544627842,0.7774123833295152
824731,2026-08-04 00:00:00,2026,663436,1.0,4.306503677368164,0.5464348793029785,0.6768564196992328,0.49443599114352366,0.31482130267762437,0.1823620276434425,0.3231435803007672,0.5055640088564763,0.6851786973223757,0.8176379723565574
824249,2026-07-11 00:00:00,2026,663554,5.0,5.577401542663575,0.5207756757736206,0.8217985010709404,0.6782619090608544,0.5142292817486732,0.36784950784963194,0.17820149892905957,0.3217380909391456,0.4857707182513268,0.632150492150368
824007,2026-07-19 00:00:00,2026,663554,5.0,5.589645671844482,0.6289153695106506,0.8261391489279583,0.6825365847138776,0.5173040442437205,0.3691294986229547,0.17386085107204174,0.31746341528612243,0.48269595575627955,0.6308705013770453
824244,2026-07-25 00:00:00,2026,663554,3.0,6.1136785507202145,0.5645536184310913,0.863554535813904,0.7382586074393147,0.5889755964845215,0.46826223606741435,0.13644546418609604,0.2617413925606853,0.41102440351547853,0.5317377639325856
825052,2026-08-05 00:00:00,2026,663554,1.0,4.790746212005615,0.6558507084846497,0.7424347737187814,0.5725216833302946,0.3931107642635666,0.24221853299893503,0.2575652262812186,0.42747831666970537,0.6068892357364334,0.757781467001065
823265,2026-08-10 00:00:00,2026,663554,6.0,5.072799587249756,0.6482666730880737,0.7746889488532407,0.6137374146675229,0.43806744831097066,0.2833681973945824,0.2253110511467593,0.38626258533247715,0.5619325516890293,0.7166318026054176
824397,2026-08-16 00:00:00,2026,663554,3.0,4.358330154418946,0.6495831608772278,0.6844566257455409,0.5031679686185461,0.32318368066327047,0.1881732921906501,0.3155433742544591,0.49683203138145393,0.6768163193367296,0.81182670780935
822957,2026-07-08 00:00:00,2026,663556,5.0,3.946706867218018,0.3986957371234894,0.6174385690856511,0.43175838653760396,0.2601853181845005,0.1487425301526208,0.3825614309143489,0.568241613462396,0.7398146818154995,0.8512574698473792
824739,2026-07-19 00:00:00,2026,663556,3.0,4.809128189086914,0.4454375207424164,0.7389494282678336,0.5720858553943823,0.3966469946062234,0.24862638238197626,0.2610505717321664,0.4279141446056177,0.6033530053937766,0.7513736176180237
822952,2026-07-24 00:00:00,2026,663556,3.0,3.8637123584747317,0.4014129340648651,0.6017793746776423,0.4172650532328789,0.24935455455414407,0.14325483363376007,0.3982206253223577,0.5827349467671211,0.750645445445856,0.85674516636624
822946,2026-07-30 00:00:00,2026,663556,3.0,4.140164995193482,0.3751607835292816,0.6463167469579947,0.4649801149399583,0.2917040711884958,0.16975427442918128,0.3536832530420053,0.5350198850600417,0.7082959288115043,0.8302457255708187
822939,2026-08-17 00:00:00,2026,663556,3.0,4.471585750579834,0.516045331954956,0.6980349653252773,0.5209512621212401,0.34243940044870846,0.20345330186373486,0.3019650346747227,0.4790487378787599,0.6575605995512915,0.7965466981362651
822875,2026-07-11 00:00:00,2026,663567,7.0,4.495693683624268,0.4917142391204834,0.7025529867383353,0.5253398642563819,0.345888498019478,0.20536789409385528,0.2974470132616647,0.4746601357436181,0.6541115019805219,0.7946321059061447
824170,2026-07-17 00:00:00,2026,663567,10.0,5.549494838714599,0.6636344790458679,0.8224506532295967,0.6774703891424743,0.511297107143424,0.3619935429926964,0.17754934677040335,0.32252961085752574,0.488702892856576,0.6380064570073036
824166,2026-07-22 00:00:00,2026,663567,3.0,5.577795219421387,0.6632618308067322,0.8245240382165236,0.6805935145425953,0.5153278185025301,0.36716660095176806,0.17547596178347635,0.3194064854574047,0.48467218149746993,0.632833399048232
824003,2026-07-28 00:00:00,2026,663567,6.0,5.665987873077393,0.6979680061340332,0.8336398484882074,0.6925980765338563,0.5289312027825128,0.38276739665327514,0.16636015151179262,0.3074019234661437,0.4710687972174872,0.6172326033467248
824163,2026-08-02 00:00:00,2026,663567,8.0,5.5140057563781735,0.7458837032318115,0.8192158439121452,0.6730103369259236,0.505990129232109,0.35573046737657854,0.1807841560878548,0.3269896630740764,0.49400987076789105,0.6442695326234215
823267,2026-08-08 00:00:00,2026,663567,3.0,5.542277812957764,0.5902171730995178,0.82143210016769,0.6762597492564634,0.5100863424412475,0.3608297416325156,0.17856789983231003,0.32374025074353663,0.4899136575587525,0.6391702583674844
824159,2026-08-14 00:00:00,2026,663567,6.0,5.342937183380127,0.7020164132118225,0.8032488645672075,0.6511282711541294,0.480138874047465,0.3262923832215426,0.19675113543279255,0.3488717288458706,0.519861125952535,0.6737076167784575
824153,2026-08-20 00:00:00,2026,663567,3.0,5.852640819549562,0.6896135210990906,0.8485135991943561,0.714089001089622,0.5557107655120844,0.4178296829884066,0.1514864008056439,0.28591099891037797,0.4442892344879156,0.5821703170115934
824894,2026-07-30 00:00:00,2026,663623,1.0,4.4362605094909675,0.5087981820106506,0.6921019886706458,0.5148225431582646,0.33717977847983877,0.2001248175794121,0.30789801132935424,0.4851774568417354,0.6628202215201613,0.7998751824205879
823429,2026-08-05 00:00:00,2026,663623,3.0,4.532445812225342,0.58180832862854,0.7075043837926759,0.531248228230324,0.3518267253115686,0.20988670983615518,0.2924956162073241,0.468751771769676,0.6481732746884314,0.7901132901638448
822697,2026-08-11 00:00:00,2026,663623,4.0,4.126076889038086,0.509421706199646,0.646767090026839,0.4630225281006766,0.2876981101582023,0.16571327911620673,0.35323290997316104,0.5369774718993234,0.7123018898417977,0.8342867208837933
823590,2026-08-16 00:00:00,2026,663623,6.0,4.252399730682374,0.5636422634124756,0.6678006656418624,0.48498811188671065,0.30667507408099537,0.17734794686247654,0.33219933435813764,0.5150118881132894,0.6933249259190046,0.8226520531375234
824493,2026-07-10 00:00:00,2026,663765,3.0,2.2661106109619142,0.42101866006851196,0.2773430060075586,0.13005610200545525,0.04856046219089439,0.03534748901010924,0.7226569939924414,0.8699438979945447,0.9514395378091056,0.9646525109898908
824973,2026-07-29 00:00:00,2026,663776,7.0,3.819969749450684,0.3966839015483856,0.5957612483491803,0.4093658153444781,0.24123556415401004,0.13765337414283874,0.4042387516508197,0.5906341846555219,0.75876443584599,0.8623466258571613
824731,2026-08-04 00:00:00,2026,663776,5.0,4.805842208862305,0.4682334363460541,0.7398823739829673,0.5723447338898922,0.3959988765515737,0.24728338679357398,0.2601176260170327,0.42765526611010785,0.6040011234484264,0.752716613206426
822778,2026-08-11 00:00:00,2026,663776,4.0,4.209073925018311,0.5234748125076294,0.6604031013361615,0.47740861399595963,0.3002724264290842,0.17351244023617057,0.33959689866383846,0.5225913860040403,0.6997275735709159,0.8264875597638295
823344,2026-08-16 00:00:00,2026,663776,6.0,5.4307716369628904,0.5498767495155334,0.8092568819526559,0.6606263522258645,0.49279118821408857,0.3421038674515824,0.19074311804734412,0.3393736477741355,0.5072088117859115,0.6578961325484176
824494,2026-07-09 00:00:00,2026,663903,5.0,5.890988063812256,0.6766507625579834,0.8498371671119039,0.7168483161161019,0.5601974262874763,0.4252777492677699,0.15016283288809606,0.2831516838838981,0.43980257371252374,0.57472225073223
824332,2026-07-17 00:00:00,2026,663903,6.0,5.167128181457519,0.6046262979507446,0.7851030248772369,0.6271475467063435,0.4528868756008498,0.29785177705128535,0.21489697512276307,0.37285245329365646,0.5471131243991503,0.7021482229487146
823110,2026-07-22 00:00:00,2026,663903,6.0,6.024218559265138,0.6951191425323486,0.8616425109618036,0.733252485989874,0.5798357634171745,0.45114669490394604,0.13835748903819645,0.266747514010126,0.42016423658282553,0.548853305096054
824487,2026-07-29 00:00:00,2026,663903,3.0,5.574181747436524,0.7051862478256226,0.8244899540009478,0.6803916018366214,0.514903192185641,0.36643871045421045,0.17551004599905218,0.3196083981633786,0.48509680781435904,0.6335612895457896
824484,2026-08-04 00:00:00,2026,663903,6.0,5.771834373474121,0.7540086507797241,0.8413635922608472,0.7041520270296634,0.5437967372050193,0.4026178943479761,0.15863640773915277,0.2958479729703366,0.4562032627949807,0.5973821056520239
822700,2026-08-09 00:00:00,2026,663903,3.0,4.877117919921876,0.6358169913291931,0.7529149540101376,0.5855913891049117,0.40697956607906155,0.2542284500089867,0.24708504598986236,0.4144086108950883,0.5930204339209384,0.7457715499910134
824480,2026-08-15 00:00:00,2026,663903,4.0,6.139995670318604,0.7410869002342224,0.8691381426884348,0.744796512445596,0.5951270277751063,0.47402965920605855,0.1308618573115652,0.25520348755440403,0.4048729722248937,0.5259703407939414
824474,2026-08-20 00:00:00,2026,663903,3.0,4.973462200164795,0.6815499067306519,0.7645912344460363,0.6001046787902669,0.42236926228863103,0.2678709131794888,0.23540876555396373,0.39989532120973315,0.577630737711369,0.7321290868205113
823848,2026-07-08 00:00:00,2026,663969,3.0,3.440372800827027,0.42175841331481934,0.5285518993779292,0.3395945058365983,0.1830230227222453,0.10440002845839136,0.47144810062207076,0.6604054941634017,0.8169769772777546,0.8955999715416086
824165,2026-07-21 00:00:00,2026,663969,2.0,3.725350093841553,0.47544023394584656,0.5816396214674293,0.3917501344764416,0.22396817396089316,0.1263324615464623,0.4183603785325707,0.6082498655235584,0.7760318260391068,0.8736675384535377
823839,2026-07-27 00:00:00,2026,663969,5.0,3.440306663513184,0.45137694478034973,0.528610624021592,0.339505492294615,0.1828454626407637,0.10425056234860491,0.471389375978408,0.660494507705385,0.8171545373592363,0.895749437651395
823594,2026-08-01 00:00:00,2026,663969,3.0,3.8549272537231447,0.5077986121177673,0.6038344926054362,0.41532336727890534,0.24422120304427883,0.1381885868769777,0.3961655073945638,0.5846766327210946,0.7557787969557211,0.8618114131230223
823836,2026-08-07 00:00:00,2026,663969,4.0,4.1636453628540036,0.5154809951782227,0.6528846313951856,0.46952591142469596,0.2934282499020509,0.1692909413374113,0.3471153686048144,0.5304740885753041,0.7065717500979491,0.8307090586625887
823829,2026-08-13 00:00:00,2026,663969,6.0,3.7191716194152833,0.5070231556892395,0.579406383092508,0.3909917054162577,0.2245893171968474,0.12737695899106669,0.420593616907492,0.6090082945837423,0.7754106828031526,0.8726230410089333
823423,2026-08-18 00:00:00,2026,663969,3.0,4.716638565063477,0.6117681860923767,0.7300568136247747,0.5594772516521772,0.38170011314847496,0.23447813831863115,0.2699431863752253,0.4405227483478228,0.618299886851525,0.7655218616813688
823193,2026-07-28 00:00:00,2026,664141,1.0,2.3442206144332887,0.5983054041862488,0.2943279074164369,0.1410681546602973,0.053767198629573,0.03797309959173258,0.7056720925835631,0.8589318453397027,0.946232801370427,0.9620269004082674
824251,2026-07-09 00:00:00,2026,664285,9.0,3.7751257896423343,0.3881675601005554,0.5901471993237353,0.4008891731592233,0.23187663385195995,0.1309801747097243,0.40985280067626473,0.5991108268407768,0.76812336614804,0.8690198252902757
824652,2026-07-21 00:00:00,2026,664285,1.0,4.194865798950195,0.39959633350372314,0.6581141285080933,0.4749554110549646,0.29808977888578364,0.1721282440977045,0.34188587149190675,0.5250445889450355,0.7019102211142163,0.8278717559022954
824246,2026-07-26 00:00:00,2026,664285,4.0,3.9753185272216798,0.40371134877204895,0.6225168300542437,0.4367899199639684,0.2642627767350957,0.15102467540614767,0.37748316994575626,0.5632100800360316,0.7357372232649043,0.8489753245938523
824972,2026-08-01 00:00:00,2026,664285,6.0,3.78045768737793,0.49685969948768616,0.5916013716671307,0.40173457105848914,0.23203689619100382,0.13076228637487397,0.40839862833286933,0.5982654289415108,0.7679631038089962,0.869237713625126
823105,2026-08-06 00:00:00,2026,664285,5.0,4.6342521667480465,0.5197536945343018,0.7209879286014761,0.5474212753220374,0.368218396758085,0.22267415805995525,0.2790120713985239,0.45257872467796256,0.631781603241915,0.7773258419400447
824241,2026-08-12 00:00:00,2026,664285,3.0,4.885136222839355,0.5878861546516418,0.7518544145702898,0.5855865454578721,0.40836958336705853,0.2566794659157349,0.2481455854297102,0.41441345454212786,0.5916304166329415,0.7433205340842651
823343,2026-08-17 00:00:00,2026,664285,5.0,5.128575897216797,0.6283416748046875,0.7810720841418938,0.6218284877173652,0.44686188063815907,0.29177271267224625,0.21892791585810623,0.3781715122826348,0.553138119361841,0.7082272873277538
822876,2026-07-12 00:00:00,2026,664299,4.0,2.9392396926879885,0.4147217273712158,0.4271574808865025,0.2456929511164257,0.11541544754231668,0.0695363637091034,0.5728425191134975,0.7543070488835744,0.8845845524576833,0.9304636362908966
824001,2026-07-27 00:00:00,2026,664299,7.0,3.6532670974731447,0.5316914319992065,0.5693105250365446,0.37826310842706445,0.21218935935883534,0.11938189296531813,0.43068947496345544,0.6217368915729355,0.7878106406411647,0.8806181070346819
824160,2026-08-03 00:00:00,2026,664299,2.0,4.678204345703126,0.6325486898422241,0.7266419545507181,0.5542871678056843,0.37528420270587703,0.22837040268311815,0.2733580454492819,0.4457128321943157,0.624715797294123,0.7716295973168819
823268,2026-08-09 00:00:00,2026,664299,2.0,4.1248678207397464,0.5269855856895447,0.648620244055546,0.46313308084040394,0.2860534383032275,0.1635399425138131,0.35137975594445403,0.5368669191595961,0.7139465616967725,0.8364600574861869
824154,2026-08-18 00:00:00,2026,664299,5.0,4.5799194335937505,0.589056670665741,0.7149389710375117,0.5393254067206644,0.3591708445054212,0.2149363180997009,0.2850610289624883,0.4606745932793356,0.6408291554945789,0.7850636819002991
824815,2026-07-08 00:00:00,2026,665152,4.0,4.916460418701172,0.5109690427780151,0.7548201030623028,0.5897749296950706,0.41335453162922353,0.2615858549617426,0.24517989693769715,0.4102250703049294,0.5866454683707765,0.7384141450382574
824170,2026-07-17 00:00:00,2026,665152,5.0,5.48190450668335,0.5571517944335938,0.8146927343181394,0.6676636467022936,0.5006542161569071,0.35065467752845025,0.18530726568186062,0.3323363532977064,0.4993457838430929,0.6493453224715497
824735,2026-07-22 00:00:00,2026,665152,5.0,5.5307892799377445,0.6212344169616699,0.8189064602075943,0.6735863091183107,0.5078401080006909,0.35925864709515093,0.18109353979240572,0.32641369088168926,0.4921598919993091,0.6407413529048491
824243,2026-07-28 00:00:00,2026,665152,4.0,4.9318647384643555,0.47920283675193787,0.7558165577299057,0.591540029197253,0.4157998131200997,0.2642926065296194,0.24418344227009425,0.408459970802747,0.5842001868799003,0.7357073934703806
824082,2026-08-05 00:00:00,2026,665152,2.0,4.045646953582764,0.4801735281944275,0.6349087504199008,0.4491742025431702,0.27439478956956576,0.15676205398503384,0.3650912495800992,0.5508257974568298,0.7256052104304342,0.8432379460149662
823675,2026-08-10 00:00:00,2026,665152,7.0,4.783144474029541,0.5908798575401306,0.7415885295235279,0.5714099711752609,0.3918774438503961,0.24111952243764986,0.25841147047647206,0.42859002882473907,0.608122556149604,0.7588804775623501
823670,2026-08-16 00:00:00,2026,665152,6.0,4.815121364593506,0.6025633215904236,0.7447314509992293,0.5758420455336459,0.3971043306543375,0.24604507265801473,0.2552685490007707,0.42415795446635407,0.6028956693456625,0.7539549273419852
824642,2026-08-16 00:00:00,2026,665795,2.0,4.799950218200684,0.6146606206893921,0.7444669352424296,0.5744306230328723,0.3944886585963913,0.2428580740028721,0.2555330647575704,0.4255693769671277,0.6055113414036086,0.7571419259971279
824492,2026-07-11 00:00:00,2026,665871,4.0,4.01024227142334,0.5208397507667542,0.6312413614271195,0.4430616130904272,0.26706577782949703,0.1510749283029607,0.3687586385728805,0.5569383869095728,0.732934222170503,0.8489250716970393
823023,2026-07-30 00:00:00,2026,665871,6.0,3.263430595397949,0.47337499260902405,0.4947425358294297,0.30519436090763463,0.1557167185297265,0.0894254760808863,0.5052574641705703,0.6948056390923654,0.8442832814702735,0.9105745239191136
824645,2026-08-04 00:00:00,2026,665871,3.0,3.8131980895996094,0.5924193859100342,0.5975262231754592,0.40764124586481826,0.23679064722963164,0.13336227634358708,0.4024737768245408,0.5923587541351818,0.7632093527703684,0.8666377236564129
822698,2026-08-12 00:00:00,2026,665871,2.0,3.731271266937256,0.548132061958313,0.5828649232300298,0.3927798508325355,0.22463277939292023,0.1266001706129942,0.4171350767699702,0.6072201491674645,0.7753672206070797,0.8733998293870058
824639,2026-08-18 00:00:00,2026,665871,2.0,4.72944917678833,0.5676351189613342,0.7339417326886146,0.562641463817928,0.3833740125022407,0.23455114578754901,0.2660582673113854,0.437358536182072,0.6166259874977593,0.765448854212451
824492,2026-07-11 00:00:00,2026,666157,4.0,4.825767135620117,0.5321348905563354,0.7423748420194961,0.575366851151394,0.3991343160462097,0.24995874951371685,0.2576251579805039,0.42463314884860603,0.6008656839537903,0.7500412504862831
824563,2026-08-11 00:00:00,2026,666157,5.0,4.612487602233887,0.5926308035850525,0.7194779091890438,0.5446188235666282,0.3643780294531485,0.21887354943006626,0.28052209081095625,0.45538117643337184,0.6356219705468515,0.7811264505699338
824477,2026-08-16 00:00:00,2026,666157,2.0,4.788795471191406,0.533205509185791,0.7384839384259936,0.5701645034949613,0.39323429089036854,0.24450741489106004,0.2615160615740064,0.4298354965050387,0.6067657091096315,0.75549258510894
824494,2026-07-09 00:00:00,2026,666200,11.0,5.756499385833741,0.7592031955718994,0.8423512768514548,0.7044009292829937,0.5426939216054892,0.3993832015377376,0.15764872314854517,0.2955990707170063,0.45730607839451076,0.6006167984622623
823441,2026-07-18 00:00:00,2026,666200,7.0,6.452335166931153,0.8162425756454468,0.8913243948225981,0.7779879701778637,0.6377133277385515,0.5381640860437795,0.10867560517740193,0.2220120298221363,0.3622866722614485,0.4618359139562205
823434,2026-07-24 00:00:00,2026,666200,9.0,6.343780136108399,0.7810786366462708,0.8834790430495304,0.766262287831868,0.622740698449115,0.5154075971624218,0.1165209569504696,0.233737712168132,0.37725930155088505,0.4845924028375782
823837,2026-07-29 00:00:00,2026,666200,5.0,5.70498971939087,0.703585147857666,0.8374326553929732,0.6977125577399251,0.5348707911880279,0.3898665767705371,0.16256734460702682,0.30228744226007487,0.46512920881197206,0.6101334232294628
823432,2026-08-04 00:00:00,2026,666200,7.0,6.645264816284181,0.961933970451355,0.9031013195866909,0.7965183581263466,0.6625281768196996,0.5784527172200539,0.09689868041330907,0.20348164187365336,0.33747182318030045,0.42154728277994613
823425,2026-08-09 00:00:00,2026,666200,12.0,6.082342624664307,0.7506372928619385,0.8670681052012734,0.7407359232394567,0.5886673173148368,0.46277850540159093,0.13293189479872658,0.2592640767605433,0.4113326826851632,0.5372214945984091
823671,2026-08-15 00:00:00,2026,666200,9.0,6.734445953369141,0.7132713794708252,0.9056601525314021,0.801662798738608,0.6709855444364475,0.5950900080822179,0.09433984746859791,0.19833720126139198,0.32901445556355247,0.4049099919177821
822881,2026-07-07 00:00:00,2026,667755,4.0,5.446281147003174,0.5329492092132568,0.8105808746782462,0.6624982243725753,0.49507365297796446,0.3448004092310617,0.18941912532175376,0.33750177562742467,0.5049263470220355,0.6551995907689383
823681,2026-07-12 00:00:00,2026,667755,0.0,5.690517616271973,0.5923826694488525,0.8323893065569717,0.6925907533030362,0.5310171533917133,0.3879746370339086,0.16761069344302826,0.3074092466969638,0.4689828466082867,0.6120253629660914
824006,2026-07-20 00:00:00,2026,667755,7.0,6.209927082061768,0.5834607481956482,0.8704408858411558,0.7483974833091952,0.6018924185383342,0.4872408948428503,0.12955911415884425,0.2516025166908048,0.3981075814616658,0.5127591051571496
823194,2026-07-26 00:00:00,2026,667755,5.0,5.591562652587891,0.5693606734275818,0.8224552835761663,0.6794879864835417,0.5160666727328261,0.3705113522795239,0.17754471642383374,0.3205120135164583,0.48393332726717386,0.6294886477204761
823428,2026-08-07 00:00:00,2026,667755,3.0,6.995193862915039,0.7940711975097656,0.9170108140918961,0.8211274658164266,0.699217694564081,0.6457623546323253,0.08298918590810389,0.1788725341835734,0.300782305435919,0.35423764536767466
822779,2026-08-12 00:00:00,2026,667755,4.0,5.563217926025391,0.6807517409324646,0.8223017302015568,0.6780092745324119,0.5128171840708066,0.3648402650448043,0.17769826979844316,0.3219907254675881,0.48718281592919344,0.6351597349551956
822938,2026-08-18 00:00:00,2026,667755,2.0,5.0263971328735355,0.6246999502182007,0.7700843318080411,0.6074622814197781,0.43076982602096503,0.27603807139686504,0.22991566819195886,0.3925377185802219,0.569230173979035,0.7239619286031349
823280,2026-07-07 00:00:00,2026,668678,5.0,4.088082885742188,0.511444091796875,0.6429625168526952,0.4567319239107359,0.28008829779402145,0.159650952002339,0.35703748314730477,0.5432680760892641,0.7199117022059786,0.840349047997661
823027,2026-07-25 00:00:00,2026,668881,3.0,6.6258289337158205,0.7973828911781311,0.9008130230835018,0.7933526912571937,0.6589139655728067,0.573616142289382,0.09918697691649825,0.20664730874280635,0.3410860344271933,0.42638385771061804
824486,2026-07-31 00:00:00,2026,668881,4.0,6.804391860961914,0.8109150528907776,0.9084205222465991,0.8065566905066208,0.6783028588967217,0.6085322107856768,0.09157947775340092,0.19344330949337918,0.3216971411032783,0.39146778921432324
823683,2026-07-09 00:00:00,2026,668909,11.0,6.298720264434815,0.6409848928451538,0.879133612717155,0.7602530010658568,0.6156842289259926,0.5057639883051883,0.12086638728284504,0.2397469989341432,0.3843157710740074,0.4942360116948117
824414,2026-07-18 00:00:00,2026,668909,11.0,7.072976398468018,0.722199022769928,0.9211303520768136,0.8278469991261626,0.7084607522088248,0.6615325158153659,0.0788696479231864,0.17215300087383745,0.29153924779117524,0.3384674841846341
824406,2026-07-23 00:00:00,2026,668909,11.0,6.911862182617188,0.7610729336738586,0.9145507082228542,0.8163653652238826,0.6915875384076767,0.6308140457962291,0.08544929177714577,0.1836346347761174,0.3084124615923233,0.36918595420377087
824489,2026-07-28 00:00:00,2026,668909,12.0,6.241478443145752,0.6759693026542664,0.8775255273675497,0.7567935905723304,0.6098359317980178,0.49477875179343944,0.12247447263245026,0.24320640942766958,0.39016406820198224,0.5052212482065606
824404,2026-08-02 00:00:00,2026,668909,10.0,7.199361610412598,0.8331676125526428,0.9286313770795838,0.8399464232141172,0.7247307983713231,0.6883673896026107,0.07136862292041624,0.16005357678588283,0.27526920162867685,0.3116326103973893
824565,2026-08-08 00:00:00,2026,668909,7.0,6.56029052734375,0.9357547760009766,0.8988333387162027,0.7894061666793678,0.652474636769786,0.5611508853789541,0.10116666128379725,0.2105938333206322,0.347525363230214,0.4388491146210459
824399,2026-08-14 00:00:00,2026,668909,5.0,8.06246910095215,0.940260112285614,0.9563438434599906,0.8916633934144975,0.8038648954170783,0.8282158521597018,0.04365615654000943,0.10833660658550248,0.19613510458292172,0.17178414784029816
824395,2026-08-20 00:00:00,2026,668909,11.0,7.3899787902832035,0.8207048773765564,0.93486789963019,0.8515228185435516,0.7425581669987784,0.7217295924296445,0.06513210036980999,0.1484771814564484,0.2574418330012216,0.2782704075703555
822880,2026-07-08 00:00:00,2026,669022,7.0,5.871372222900391,0.6171829104423523,0.8493621437480059,0.7156280788054424,0.5580225825950087,0.4214653538418149,0.1506378562519941,0.28437192119455756,0.4419774174049913,0.5785346461581851
822876,2026-07-12 00:00:00,2026,669022,4.0,5.304065132141114,0.596875011920929,0.7978818266337672,0.6448080993604992,0.473829922572442,0.3205162632197375,0.20211817336623283,0.3551919006395008,0.526170077427558,0.6794837367802625
824899,2026-07-18 00:00:00,2026,669022,7.0,5.303327941894532,0.529653787612915,0.7971865929781429,0.644237576604063,0.47357984505213657,0.3206770666675096,0.20281340702185713,0.355762423395937,0.5264201549478634,0.6793229333324904
822872,2026-07-24 00:00:00,2026,669022,5.0,5.279671478271484,0.5419861078262329,0.7947487974658899,0.6410359102988317,0.4699490616327411,0.31683960858689025,0.2052512025341101,0.35896408970116833,0.5300509383672589,0.6831603914131097
822947,2026-07-29 00:00:00,2026,669022,9.0,4.73589096069336,0.5874152183532715,0.7348612936648511,0.5636935945662651,0.3843926440420691,0.23533317068458506,0.2651387063351489,0.4363064054337349,0.6156073559579309,0.764666829315415
822865,2026-08-04 00:00:00,2026,669022,4.0,5.534086227416992,0.5732305645942688,0.8205171219708797,0.6750904493776761,0.508802684441948,0.35943706067564074,0.17948287802912033,0.32490955062232385,0.491197315558052,0.6405629393243593
823998,2026-08-10 00:00:00,2026,669022,9.0,6.817557621002198,0.704596757888794,0.9098308191974647,0.8085536629721084,0.6806471594578893,0.6118274436678744,0.09016918080253533,0.1914463370278916,0.31935284054211066,0.38817255633212555
824966,2026-08-15 00:00:00,2026,669022,5.0,5.624131774902344,0.6459827423095703,0.8295634510942398,0.6871096012505455,0.5225663536542828,0.37524397371926194,0.1704365489057602,0.31289039874945446,0.47743364634571717,0.6247560262807381
823036,2026-07-06 00:00:00,2026,669160,7.0,5.770025539398194,0.7282198071479797,0.8415505944717506,0.7042449669593184,0.5437031473301767,0.40223079719167576,0.15844940552824938,0.2957550330406816,0.45629685266982334,0.5977692028083242
823029,2026-07-12 00:00:00,2026,669160,4.0,5.709347724914551,0.5959014296531677,0.8338916392597381,0.694745376973849,0.5336941089749344,0.3914336151075942,0.16610836074026192,0.30525462302615103,0.4663058910250656,0.6085663848924058
825059,2026-07-18 00:00:00,2026,669160,6.0,5.457210922241211,0.7332209348678589,0.8135222424084948,0.6654423317826074,0.49731338417122556,0.3459880889595241,0.1864777575915052,0.33455766821739263,0.5026866158287744,0.6540119110404758
823031,2026-07-24 00:00:00,2026,669160,8.0,5.726555347442627,0.6523939371109009,0.8374163093153685,0.6986413781246504,0.5371561845251777,0.3942193436332111,0.16258369068463152,0.30135862187534956,0.46284381547482234,0.6057806563667889
823022,2026-07-29 00:00:00,2026,669160,3.0,5.527080726623535,0.5349331498146057,0.8183225115042813,0.6729138111271296,0.5072016010667644,0.35869492930107144,0.18167748849571874,0.32708618887287044,0.4927983989332356,0.6413050706989285
823754,2026-08-06 00:00:00,2026,669160,5.0,6.098085594177246,0.6699745059013367,0.8654661500199166,0.7396558925315017,0.5889486490443048,0.4655991134371944,0.13453384998008344,0.26034410746849834,0.4110513509556952,0.5344008865628056
823263,2026-08-12 00:00:00,2026,669160,6.0,5.779099559783935,0.6507775187492371,0.841541350608939,0.7046175417256837,0.5446311481229817,0.40404202115476406,0.15845864939106102,0.2953824582743163,0.45536885187701825,0.5959579788452359
823748,2026-08-19 00:00:00,2026,669160,1.0,6.82364206314087,0.6631051301956177,0.907417434104754,0.8057644147390218,0.6783732279184476,0.6106633266732175,0.09258256589524605,0.19423558526097817,0.32162677208155244,0.38933667332678246
823833,2026-08-12 00:00:00,2026,669199,1.0,2.9854440689086914,0.5452463030815125,0.4370208220254467,0.2531598135508158,0.11964967805055335,0.07131860455329904,0.5629791779745533,0.7468401864491843,0.8803503219494466,0.9286813954467009
823344,2026-08-16 00:00:00,2026,669199,4.0,3.576033878326416,0.7574038505554199,0.5560405354247394,0.36334967712303484,0.199012043254951,0.11157412110872861,0.4439594645752606,0.6366503228769651,0.800987956745049,0.8884258788912713
822953,2026-07-11 00:00:00,2026,669302,5.0,5.764131164550782,0.9176058173179626,0.8447666881802836,0.7069447713855962,0.5447005308741086,0.4005200202370811,0.15523331181971645,0.2930552286144038,0.45529946912589137,0.5994799797629189
823113,2026-07-19 00:00:00,2026,669302,10.0,6.600495529174805,0.9158534407615662,0.9004709891642738,0.7923265890458826,0.6568583897521966,0.5690917900362636,0.09952901083572618,0.2076734109541174,0.34314161024780343,0.43090820996373635
822870,2026-07-26 00:00:00,2026,669302,4.0,6.241877174377442,0.7579600811004639,0.8778994386695953,0.757198541215715,0.6101555139240314,0.49495002627433554,0.1221005613304047,0.24280145878428505,0.38984448607596855,0.5050499737256644
823109,2026-08-01 00:00:00,2026,669302,6.0,6.565453910827637,0.7601956725120544,0.8967293367539628,0.7871112379289847,0.6508018963703391,0.5607828541911909,0.10327066324603718,0.21288876207101526,0.34919810362966086,0.4392171458088091
823103,2026-08-07 00:00:00,2026,669302,6.0,5.66812858581543,0.7995480895042419,0.8350061563210945,0.6939008763672457,0.529768071143048,0.38289005755872857,0.16499384367890546,0.30609912363275427,0.470231928856952,0.6171099424412714
823508,2026-08-13 00:00:00,2026,669302,7.0,6.931323528289796,0.7550667524337769,0.9155224860780211,0.8179767175449387,0.6938436604172379,0.6347311368454981,0.08447751392197889,0.18202328245506127,0.3061563395827621,0.3652688631545019
823748,2026-08-19 00:00:00,2026,669302,5.0,6.131730175018311,0.729894757270813,0.869334668083573,0.7447208375082341,0.5945576950127138,0.4724999784408309,0.13066533191642704,0.25527916249176585,0.4054423049872862,0.5275000215591691
824820,2026-07-07 00:00:00,2026,669358,3.0,4.453467845916748,0.5681020617485046,0.6977402786081203,0.5188601530113581,0.3386877043380977,0.1994544942467947,0.30225972139187973,0.4811398469886419,0.6613122956619023,0.8005455057532053
824814,2026-07-12 00:00:00,2026,669358,9.0,5.311435985565186,0.5405005812644958,0.7993381089476975,0.6463361857113052,0.47512208305488685,0.3214134377865017,0.20066189105230248,0.35366381428869476,0.5248779169451132,0.6785865622134983
824736,2026-07-20 00:00:00,2026,669358,6.0,5.474758529663086,0.5962318778038025,0.8164734903093955,0.6687544900830293,0.5003821756771694,0.34856487024486515,0.18352650969060447,0.33124550991697066,0.49961782432283064,0.6514351297551348
824810,2026-07-26 00:00:00,2026,669358,2.0,4.143733406066895,0.5164491534233093,0.6516218313580422,0.4664182740022248,0.28902212346859213,0.16542704860352167,0.3483781686419578,0.5335817259977752,0.7109778765314079,0.8345729513964784
824808,2026-08-01 00:00:00,2026,669358,4.0,4.954819011688233,0.6514676809310913,0.762268938202695,0.5972595513227049,0.41939611930286375,0.26524932858363637,0.23773106179730497,0.4027404486772951,0.5806038806971363,0.7347506714163636
822863,2026-08-07 00:00:00,2026,669358,9.0,5.160579299926758,0.6120018362998962,0.7842672596851937,0.6261376230112999,0.4518453024285349,0.2968967624995715,0.21573274031480627,0.37386237698870006,0.5481546975714651,0.7031032375004285
823672,2026-08-12 00:00:00,2026,669358,2.0,4.745627307891846,0.6264115571975708,0.7376152688772445,0.566014483353377,0.3857201135718128,0.2355406217153649,0.2623847311227555,0.433985516646623,0.6142798864281872,0.7644593782846351
824803,2026-08-18 00:00:00,2026,669358,10.0,4.869565200805664,0.6107879281044006,0.7516518088237247,0.5842458108801082,0.4057941392481696,0.2534028399896371,0.24834819117627527,0.4157541891198918,0.5942058607518304,0.7465971600103629
824254,2026-07-07 00:00:00,2026,669372,4.0,4.4837117195129395,0.5092024207115173,0.7005685954127848,0.52325956992913,0.344073010696371,0.2041948185964423,0.2994314045872152,0.47674043007086997,0.655926989303629,0.7958051814035577
824574,2026-07-12 00:00:00,2026,669372,7.0,4.872948932647706,0.5962567329406738,0.7504281626511896,0.583788609971619,0.40643205675187577,0.25494550508452324,0.2495718373488104,0.41621139002838103,0.5935679432481242,0.7450544949154767
824979,2026-07-18 00:00:00,2026,669372,7.0,4.679402637481689,0.5900733470916748,0.725064490038813,0.5536016444569354,0.3758184259876501,0.22979602631448734,0.274935509961187,0.4463983555430646,0.62418157401235,0.7702039736855126
824484,2026-08-04 00:00:00,2026,669372,5.0,4.808495807647705,0.6994526386260986,0.7446638740188047,0.575255603893752,0.39596173223752396,0.24462242030814244,0.25533612598119526,0.42474439610624803,0.604038267762476,0.7553775796918576
824724,2026-08-09 00:00:00,2026,669372,2.0,5.33028564453125,0.621849536895752,0.7993498896933944,0.6474166663926574,0.47756512417180896,0.3253271385255649,0.20065011030660562,0.3525833336073426,0.522434875828191,0.6746728614744351
824966,2026-08-15 00:00:00,2026,669372,7.0,4.444906902313233,0.5408549308776855,0.6952228732523704,0.516954717759327,0.33782284047881445,0.1995488688047663,0.3047771267476296,0.483045282240673,0.6621771595211856,0.8004511311952337
824254,2026-07-07 00:00:00,2026,669373,9.0,5.776407909393311,0.6429625749588013,0.8413394964467905,0.7043205367665697,0.5442537322260022,0.4035351527950258,0.1586605035532095,0.2956794632334303,0.45574626777399785,0.5964648472049743
824250,2026-07-12 00:00:00,2026,669373,5.0,6.494181156158447,0.7560315132141113,0.8924160752585155,0.7803458377687846,0.6417406686882696,0.5460699636662506,0.10758392474148448,0.21965416223121537,0.3582593313117304,0.4539300363337494
824008,2026-07-18 00:00:00,2026,669373,9.0,6.5597227096557615,0.8545079231262207,0.897707184015981,0.7880905229951656,0.6513457854456368,0.5603814083979476,0.10229281598401896,0.21190947700483442,0.3486542145543632,0.4396185916020524
824248,2026-07-24 00:00:00,2026,669373,12.0,6.692807388305664,0.8475915193557739,0.9037407876179351,0.7984128369298429,0.6663140352703802,0.5868321357926258,0.09625921238206492,0.20158716307015712,0.33368596472961976,0.41316786420737417
824242,2026-07-29 00:00:00,2026,669373,6.0,7.1148469924926765,0.9492290616035461,0.9245593200308747,0.8330699119577885,0.7150315591572232,0.6715415527574691,0.07544067996912529,0.16693008804221154,0.28496844084277684,0.3284584472425309
824645,2026-08-04 00:00:00,2026,669373,6.0,6.349495124816895,0.6916468143463135,0.8829960734958566,0.7659044897207211,0.6227779457016838,0.5162646381195343,0.11700392650414337,0.23409551027927888,0.37722205429831623,0.48373536188046573
823918,2026-08-10 00:00:00,2026,669373,6.0,7.266822814941406,0.9226852059364319,0.9312265277054184,0.844578400420632,0.7316117685548555,0.7008705308130186,0.06877347229458164,0.15542159957936796,0.26838823144514445,0.29912946918698136
823912,2026-08-16 00:00:00,2026,669373,7.0,8.345405197143554,0.8512828350067139,0.9620940721881681,0.9036027516191112,0.8236088234004976,0.8609093191806698,0.037905927811831885,0.09639724838088881,0.17639117659950243,0.13909068081933018
823357,2026-07-11 00:00:00,2026,669387,2.0,3.5708368301391604,0.5196239352226257,0.5535376517768765,0.3633819185593956,0.2010118842171634,0.11369824553246378,0.4464623482231235,0.6366180814406044,0.7989881157828366,0.8863017544675362
824414,2026-07-18 00:00:00,2026,669387,2.0,3.2193777084350588,0.5476700067520142,0.48577264726926755,0.2970522126318869,0.14998536683200803,0.08658151737842092,0.5142273527307324,0.7029477873681131,0.850014633167992,0.9134184826215791
823518,2026-07-22 00:00:00,2026,669387,3.0,3.667635822296143,0.6638869643211365,0.5724140901060515,0.38070118282731824,0.21359693463364612,0.11984409594661384,0.4275859098939485,0.6192988171726818,0.7864030653663538,0.8801559040533862
824485,2026-08-01 00:00:00,2026,669387,4.0,2.903840732574463,0.5410122275352478,0.4194988587884806,0.23841066465704894,0.11022721943377105,0.06672584424038933,0.5805011412115194,0.761589335342951,0.889772780566229,0.9332741557596107
823349,2026-08-07 00:00:00,2026,669387,1.0,3.6142810821533207,0.768375813961029,0.5625046669095402,0.37087282468543864,0.2058212090207369,0.11568054343283948,0.43749533309045985,0.6291271753145613,0.7941787909792631,0.8843194565671605
823833,2026-08-12 00:00:00,2026,669387,1.0,3.636882495880127,0.6310732960700989,0.566542183361024,0.3751257126073727,0.2093846644631548,0.11769952545808285,0.433457816638976,0.6248742873926273,0.7906153355368453,0.8823004745419172
823343,2026-08-17 00:00:00,2026,669387,3.0,3.6365509033203125,0.5730475187301636,0.5662374333959876,0.37518605914267855,0.20972627583137501,0.11804465983904414,0.43376256660401236,0.6248139408573214,0.790273724168625,0.8819553401609559
824816,2026-07-09 00:00:00,2026,669432,4.0,4.810963916778565,0.5306441187858582,0.7426855035571809,0.57434259322003,0.396596064304349,0.24651913463559533,0.2573144964428191,0.42565740677997,0.603403935695651,0.7534808653644047
824169,2026-07-18 00:00:00,2026,669432,8.0,4.773680973052979,0.5533024072647095,0.7390917963512328,0.569233197402381,0.39052832191253434,0.24075902329924426,0.2609082036487672,0.430766802597619,0.6094716780874656,0.7592409767007557
824812,2026-07-24 00:00:00,2026,669432,6.0,4.663281059265136,0.522648811340332,0.7230817130275906,0.5511440967287999,0.37322694487071095,0.2276389810040896,0.2769182869724094,0.44885590327120006,0.626773055129289,0.7723610189959104
824242,2026-07-29 00:00:00,2026,669432,6.0,4.9773430824279785,0.5046712756156921,0.7611778739131305,0.5982207036186856,0.42293679173268306,0.2707819252244941,0.23882212608686948,0.4017792963813144,0.5770632082673169,0.7292180747755059
824806,2026-08-05 00:00:00,2026,669432,9.0,5.068134212493897,0.6184462308883667,0.7744368350068392,0.6132494870887149,0.4373520818012402,0.282511249573153,0.22556316499316076,0.38675051291128515,0.5626479181987598,0.717488750426847
823675,2026-08-10 00:00:00,2026,669432,4.0,5.285090446472168,0.6272748708724976,0.7961652395670582,0.642413555256809,0.4709624135359207,0.31732775675770836,0.2038347604329418,0.357586444743191,0.5290375864640793,0.6826722432422916
822940,2026-08-16 00:00:00,2026,669432,6.0,4.67768316268921,0.5578376054763794,0.7279868934762909,0.5549158544104197,0.3749145092798875,0.22725999163389177,0.27201310652370914,0.4450841455895803,0.6250854907201124,0.7727400083661082
824737,2026-07-17 00:00:00,2026,669438,4.0,3.2475232601165773,0.3729584813117981,0.4904532427378795,0.3047191065511621,0.1578655897954097,0.0917726883856462,0.5095467572621205,0.6952808934488379,0.8421344102045902,0.9082273116143538
823278,2026-07-10 00:00:00,2026,669456,4.0,3.9026554107666014,0.4028908610343933,0.611498420901799,0.4239101966659255,0.25203120139600954,0.14304631530358966,0.38850157909820104,0.5760898033340744,0.7479687986039905,0.8569536846964103
822790,2026-07-18 00:00:00,2026,669456,6.0,4.74451789855957,0.5244354009628296,0.7339752653096551,0.563970763239228,0.38607288948473256,0.23787651114177186,0.26602473469034493,0.436029236760772,0.6139271105152675,0.7621234888582281
822785,2026-07-23 00:00:00,2026,669456,3.0,4.445538139343261,0.5677391886711121,0.6957851506198752,0.5172376514309049,0.33773935527435406,0.1992266839997768,0.3042148493801248,0.48276234856909506,0.6622606447256459,0.8007733160002232
822703,2026-07-28 00:00:00,2026,669456,0.0,4.079050159454345,0.4219203591346741,0.6391905511470956,0.4548800194724717,0.28045257602873286,0.16116095379102496,0.36080944885290445,0.5451199805275283,0.7195474239712671,0.838839046208975
824160,2026-08-03 00:00:00,2026,669456,6.0,3.7997736930847172,0.5811284184455872,0.594894049217777,0.4052609660126436,0.23508678531921198,0.13255742273995066,0.405105950782223,0.5947390339873564,0.764913214680788,0.8674425772600494
823425,2026-08-09 00:00:00,2026,669456,4.0,4.223500919342041,0.6680330634117126,0.6645536776216846,0.4803189936015084,0.30137001464507307,0.1731795665752624,0.3354463223783154,0.5196810063984916,0.6986299853549269,0.8268204334247375
822777,2026-08-14 00:00:00,2026,669456,5.0,4.16807279586792,0.5921456813812256,0.6553558687358888,0.4706245522863112,0.29293828471375366,0.16799852759320671,0.3446441312641112,0.5293754477136887,0.7070617152862464,0.8320014724067932
822934,2026-08-20 00:00:00,2026,669456,7.0,3.383920764923096,0.46610626578330994,0.5184888426670159,0.32808775977906884,0.17293342922723362,0.09842617801787364,0.4815111573329841,0.6719122402209312,0.8270665707727664,0.9015738219821263
823030,2026-07-11 00:00:00,2026,669461,6.0,4.257535648345947,0.4473554790019989,0.6646878737531304,0.484850048124326,0.3096716960113118,0.1814892205034896,0.33531212624686957,0.5151499518756739,0.6903283039886883,0.8185107794965104
824005,2026-07-21 00:00:00,2026,669461,7.0,4.831529235839843,0.5542911291122437,0.7454048924430018,0.5775649301075287,0.3998503276217759,0.24920464456978958,0.2545951075569982,0.42243506989247126,0.600149672378224,0.7507953554302105
823025,2026-07-27 00:00:00,2026,669461,5.0,4.348134326934815,0.3934865891933441,0.6758412705619763,0.4991571837120805,0.3248655057909371,0.1932453543320551,0.3241587294380237,0.5008428162879195,0.6751344942090629,0.8067546456679449
822783,2026-08-02 00:00:00,2026,669461,7.0,5.204130458831788,0.5396629571914673,0.7863880723875399,0.6303774910935667,0.45823800703140516,0.305013028030211,0.21361192761246006,0.36962250890643333,0.5417619929685948,0.694986971969789
823021,2026-08-08 00:00:00,2026,669461,3.0,4.548892211914063,0.5161517858505249,0.7067459370258837,0.5325838864626325,0.35535881465040553,0.21424990939460614,0.29325406297411627,0.46741611353736745,0.6446411853495945,0.7857500906053938
824643,2026-08-14 00:00:00,2026,669461,6.0,4.701070785522461,0.46012288331985474,0.7254767100517765,0.5557386019972733,0.37967399463817836,0.23429670810241987,0.2745232899482235,0.4442613980027267,0.6203260053618216,0.7657032918975801
824476,2026-08-19 00:00:00,2026,669461,9.0,5.635243606567383,0.6778895854949951,0.8285033585649452,0.6867048613497356,0.5233531652823922,0.3777569948460709,0.17149664143505483,0.31329513865026437,0.4766468347176078,0.6222430051539292
823034,2026-07-09 00:00:00,2026,669467,2.0,4.038555049896241,0.48646798729896545,0.6359097918576162,0.44809369692656004,0.2715059740775375,0.1537804752244203,0.3640902081423838,0.5519063030734399,0.7284940259224625,0.8462195247755797
825057,2026-07-19 00:00:00,2026,669467,3.0,3.697686100006104,0.46941760182380676,0.5778735562478291,0.3862530385734192,0.21811277210420976,0.12232874690398562,0.4221264437521709,0.6137469614265808,0.7818872278957902,0.8776712530960143
823027,2026-07-25 00:00:00,2026,669467,8.0,4.222596168518066,0.608866810798645,0.6648622292602522,0.48026650120750475,0.30095224785649066,0.17265870172717182,0.3351377707397478,0.5197334987924953,0.6990477521435093,0.8273412982728282
823023,2026-07-30 00:00:00,2026,669467,3.0,3.675831985473633,0.38180920481681824,0.572363289305831,0.3828567657729976,0.2171277335527264,0.12276621330369195,0.427636710694169,0.6171432342270025,0.7828722664472736,0.877233786696308
823516,2026-08-05 00:00:00,2026,669467,4.0,4.986466312408448,0.6049744486808777,0.7658995774954748,0.6018895175068018,0.42443970086964167,0.2698996655051971,0.23410042250452523,0.39811048249319825,0.5755602991303583,0.7301003344948029
823019,2026-08-11 00:00:00,2026,669467,2.0,4.751302909851074,0.6183510422706604,0.7378153705702775,0.5666174781870095,0.38671556221379166,0.23666920159482374,0.26218462942972254,0.43338252181299053,0.6132844377862083,0.7633307984051763
824478,2026-08-17 00:00:00,2026,669467,5.0,4.705746078491211,0.6368188858032227,0.7333062644012898,0.5601909267763977,0.3791211173539118,0.2296756395808668,0.26669373559871024,0.4398090732236023,0.6208788826460883,0.7703243604191332
824157,2026-08-15 00:00:00,2026,669713,6.0,4.55033016204834,0.5674626231193542,0.7096829507319412,0.5340153527146764,0.3547748684059714,0.2122712629579974,0.2903170492680588,0.4659846472853236,0.6452251315940286,0.7877287370420026
823266,2026-08-07 00:00:00,2026,669854,1.0,4.98709831237793,0.5259144902229309,0.7622193341466029,0.5995817986333848,0.4244686933661536,0.27225841991744704,0.23778066585339708,0.4004182013666152,0.5755313066338463,0.727741580082553
824157,2026-08-15 00:00:00,2026,669854,3.0,4.326630210876465,0.556181013584137,0.67874657226404,0.49751012513910225,0.31861270898945143,0.18557110131262633,0.32125342773596,0.5024898748608977,0.6813872910105485,0.8144288986873737
823848,2026-07-08 00:00:00,2026,669923,7.0,4.705022239685059,0.5859298706054688,0.7315999074983364,0.5592448687546953,0.3793079129225383,0.23076736059504604,0.26840009250166363,0.44075513124530474,0.6206920870774617,0.769232639404954
823112,2026-07-20 00:00:00,2026,669923,6.0,5.658788490295411,0.7022473216056824,0.8329639385329056,0.6916746538274144,0.5278462433189822,0.38146283106750617,0.16703606146709438,0.30832534617258556,0.4721537566810178,0.6185371689324939
822868,2026-07-27 00:00:00,2026,669923,3.0,5.385258007049561,0.5375248193740845,0.8063481755146309,0.6558851482073108,0.4863323518283872,0.3338351683175578,0.1936518244853691,0.3441148517926892,0.5136676481716128,0.6661648316824422
823107,2026-08-02 00:00:00,2026,669923,3.0,5.956092643737794,0.7219338417053223,0.8556170184811929,0.7248593349732543,0.5697759175275682,0.4377973596933324,0.14438298151880713,0.2751406650267457,0.4302240824724318,0.5622026403066676
823102,2026-08-08 00:00:00,2026,669923,2.0,5.214300537109375,0.7208698987960815,0.7902666529814546,0.6338116096661803,0.4602731620210938,0.305232273300987,0.2097333470185454,0.36618839033381967,0.5397268379789062,0.694767726699013
824159,2026-08-14 00:00:00,2026,669923,2.0,5.831955814361573,0.7271870374679565,0.8472619187671705,0.7120821384743925,0.5529682348116134,0.4138461067539638,0.1527380812328295,0.2879178615256075,0.4470317651883866,0.5861538932460362
823747,2026-08-20 00:00:00,2026,669923,3.0,4.991115856170655,0.682956874370575,0.7668189286658594,0.6028172027545691,0.42518626305636914,0.27034877889233166,0.23318107133414057,0.39718279724543093,0.5748137369436308,0.7296512211076683
822942,2026-08-14 00:00:00,2026,669947,2.0,3.9355661392211916,0.4823707044124603,0.6172187323026622,0.4297584454514439,0.25691189106806084,0.14585040002098815,0.3827812676973378,0.5702415545485561,0.7430881089319392,0.8541495999790119
822938,2026-08-18 00:00:00,2026,669947,2.0,3.983053016662598,0.504054605960846,0.6246791713998459,0.43817228842935535,0.2646634989015965,0.15077315303599273,0.37532082860015414,0.5618277115706447,0.7353365010984034,0.8492268469640073
823349,2026-08-07 00:00:00,2026,670990,4.0,2.536619997024536,0.6694453954696655,0.33772056261296607,0.17216599310855105,0.07012174770092974,0.04639539273487733,0.662279437387034,0.8278340068914489,0.9298782522990703,0.9536046072651226
823832,2026-08-11 00:00:00,2026,670990,5.0,3.6101131439208984,0.7695848345756531,0.5623176837705787,0.3697668376357325,0.20421213260130192,0.11442261450575816,0.43768231622942133,0.6302331623642675,0.7957878673986981,0.8855773854942418
823343,2026-08-17 00:00:00,2026,670990,0.0,3.247718715667725,0.8877537846565247,0.49176387253464804,0.3017712284225431,0.15278748374024806,0.0877116020091815,0.508236127465352,0.6982287715774569,0.8472125162597519,0.9122883979908185
824495,2026-07-07 00:00:00,2026,671096,8.0,5.104795265197754,0.5457530617713928,0.7760938975495688,0.6168328239469206,0.44289437398072923,0.28941127232993785,0.2239061024504312,0.3831671760530794,0.5571056260192708,0.7105887276700622
824491,2026-07-12 00:00:00,2026,671096,3.0,5.290104007720948,0.5606125593185425,0.7948562866160815,0.6417214388282186,0.4713422161834228,0.3189608146152201,0.20514371338391846,0.35827856117178136,0.5286577838165771,0.6810391853847799
823112,2026-07-20 00:00:00,2026,671096,6.0,5.4437737464904785,0.570235550403595,0.8112317876832483,0.6628911626755127,0.494971151170867,0.3440518049660405,0.18876821231675167,0.33710883732448726,0.505028848829133,0.6559481950339595
823028,2026-07-26 00:00:00,2026,671096,4.0,3.6915438175201416,0.39455732703208923,0.5752229856873123,0.38570973303957995,0.2194178463078076,0.12401849681566984,0.42477701431268766,0.61429026696042,0.7805821536921924,0.8759815031843301
824485,2026-08-01 00:00:00,2026,671096,1.0,5.30373592376709,0.62437903881073,0.7983669194231718,0.6451553668042408,0.4738956680205163,0.32023633523968265,0.20163308057682816,0.3548446331957592,0.5261043319794837,0.6797636647603174
824481,2026-08-06 00:00:00,2026,671096,4.0,5.462575912475586,0.6228440999984741,0.813502279169619,0.6657041230301376,0.497955021337945,0.34709996774381435,0.18649772083038096,0.3342958769698624,0.502044978662055,0.6529000322561856
824561,2026-08-13 00:00:00,2026,671096,3.0,3.870899868011475,0.49561357498168945,0.6075340041966615,0.4180855713864164,0.24562424611394953,0.13845258751168285,0.3924659958033385,0.5819144286135836,0.7543757538860505,0.8615474124883171
824475,2026-08-18 00:00:00,2026,671096,6.0,4.068503379821777,0.5475245118141174,0.6400510537328328,0.45332142510957657,0.2768175317991672,0.15747109437776413,0.3599489462671672,0.5466785748904235,0.7231824682008328,0.8425289056222358
822940,2026-08-16 00:00:00,2026,671212,5.0,5.964398002624512,0.6680234670639038,0.8551427598513073,0.7247086498979023,0.5702609470249038,0.43940285804054374,0.14485724014869272,0.2752913501020977,0.4297390529750962,0.5605971419594562
823687,2026-07-07 00:00:00,2026,671737,10.0,5.948627185821533,0.7933155298233032,0.8561419446363612,0.7250873700603883,0.5693916890472813,0.4363401752533027,0.14385805536363883,0.27491262993961174,0.4306083109527187,0.5636598247466973
823681,2026-07-12 00:00:00,2026,671737,6.0,6.050875854492188,0.8051201105117798,0.8651717629195311,0.7377218420460013,0.5845698295908116,0.45653209535469386,0.13482823708046887,0.26227815795399867,0.4154301704091884,0.5434679046453061
824657,2026-07-18 00:00:00,2026,671737,6.0,5.855329895019532,0.68824702501297,0.8498411499811386,0.7154429719593323,0.5567066842390532,0.41824861617914905,0.15015885001886142,0.28455702804066774,0.44329331576094677,0.581751383820851
824406,2026-07-23 00:00:00,2026,671737,5.0,5.36823034286499,0.8621676564216614,0.8083884955672356,0.6565535670354363,0.4847050206929086,0.32941288634456584,0.19161150443276442,0.3434464329645637,0.5152949793070913,0.6705871136554342
823676,2026-07-28 00:00:00,2026,671737,10.0,5.9114199638366705,0.6700627207756042,0.8536001125202098,0.7212206478242167,0.5643321549085836,0.42910723931707695,0.14639988747979016,0.2787793521757833,0.43566784509141643,0.570892760682923
823107,2026-08-02 00:00:00,2026,671737,2.0,6.09830379486084,0.8258799314498901,0.8686817512498993,0.7429243106053847,0.591191421786105,0.4660291238704092,0.13131824875010067,0.25707568939461534,0.40880857821389505,0.5339708761295908
823752,2026-08-08 00:00:00,2026,671737,7.0,5.595401477813721,0.7608602643013,0.829080639048187,0.6853378178130847,0.5191259113194956,0.3694817730693479,0.17091936095181304,0.31466218218691533,0.4808740886805044,0.6305182269306522
823669,2026-08-13 00:00:00,2026,671737,3.0,5.740115642547607,0.7546380162239075,0.8406466386801781,0.7021448213447614,0.5401351417949675,0.39636560321684133,0.15935336131982192,0.2978551786552386,0.45986485820503253,0.6036343967831587
823664,2026-08-19 00:00:00,2026,671737,7.0,6.031009483337403,0.7828063368797302,0.8622056478024078,0.7340553629784347,0.5808185878194508,0.4524886329617127,0.13779435219759217,0.26594463702156534,0.41918141218054916,0.5475113670382873
822877,2026-07-09 00:00:00,2026,672282,6.0,4.750745677947998,0.5987697243690491,0.7390178821857468,0.5672156132155893,0.3864285715765458,0.23568101610252012,0.2609821178142532,0.43278438678441067,0.6135714284234541,0.7643189838974799
824009,2026-07-17 00:00:00,2026,672282,7.0,5.246490383148194,0.5332143306732178,0.7912824288692876,0.6365048048453259,0.4648434335934008,0.31152120430990515,0.20871757113071243,0.3634951951546741,0.5351565664065991,0.6884787956900948
824004,2026-07-22 00:00:00,2026,672282,6.0,5.427205562591553,0.5298748016357422,0.8088183069810072,0.6600878198747918,0.4922259142650381,0.3415362372967463,0.1911816930189928,0.3399121801252082,0.507774085734962,0.6584637627032537
824003,2026-07-28 00:00:00,2026,672282,9.0,5.7570783615112315,0.6791900396347046,0.8393752061657777,0.701720919295337,0.5412880406476869,0.39997969213133366,0.16062479383422235,0.298279080704663,0.4587119593523131,0.6000203078686663
824806,2026-08-05 00:00:00,2026,672282,5.0,5.592957973480225,0.63379967212677,0.8256276498130123,0.6822569184399555,0.5174762278513282,0.36994369419235534,0.1743723501869877,0.3177430815600445,0.4825237721486718,0.6300563058076447
823998,2026-08-10 00:00:00,2026,672282,6.0,5.1780401229858395,0.7737180590629578,0.7872821966996464,0.6293942082150764,0.4547347431273471,0.29903657027829034,0.21271780330035361,0.3706057917849236,0.5452652568726529,0.7009634297217097
823990,2026-08-15 00:00:00,2026,672282,11.0,6.116069316864014,0.7091715335845947,0.8662332331300434,0.741040477267902,0.591033272858898,0.46908951659314774,0.1337667668699566,0.258959522732098,0.40896672714110205,0.5309104834068523
824250,2026-07-12 00:00:00,2026,672456,5.0,3.9344238281250004,0.5106889009475708,0.6179247212880995,0.4295289248322729,0.2558639890819953,0.1447163145369964,0.3820752787119005,0.5704710751677271,0.7441360109180046,0.8552836854630036
824009,2026-07-17 00:00:00,2026,672456,5.0,4.582907676696777,0.6254030466079712,0.7159502145221075,0.5400817482784134,0.35948310910932646,0.21483265600716953,0.2840497854778925,0.4599182517215866,0.6405168908906735,0.7851673439928305
824650,2026-07-22 00:00:00,2026,672456,8.0,4.880999183654785,0.7397336363792419,0.7539099551043955,0.5864895694244767,0.40757192249576024,0.2544302196129061,0.2460900448956045,0.4135104305755233,0.5924280775042398,0.745569780387094
824245,2026-07-27 00:00:00,2026,672456,1.0,4.956973934173584,0.9820103645324707,0.7634630722872899,0.5981707615213836,0.41973256368753187,0.2649678375048063,0.23653692771271007,0.4018292384786164,0.5802674363124681,0.7350321624951937
824971,2026-08-02 00:00:00,2026,672456,2.0,4.045666885375977,0.6078073382377625,0.6362333089275595,0.44928695148847897,0.2733172410747747,0.15536200296934025,0.36376669107244053,0.550713048511521,0.7266827589252254,0.8446379970306598
823191,2026-08-07 00:00:00,2026,672456,5.0,4.872342300415039,0.5470939874649048,0.7496162625624198,0.5832605712558955,0.40638035620844537,0.25534576220382427,0.25038373743758024,0.4167394287441045,0.5936196437915546,0.7446542377961758
824238,2026-08-13 00:00:00,2026,672456,0.0,3.826584529876709,0.5274618268013,0.5994340591511451,0.41014066116803166,0.23932957933390103,0.13506868776421344,0.4005659408488549,0.5898593388319684,0.760670420666099,0.8649313122357866
823341,2026-08-18 00:00:00,2026,672456,3.0,4.467610168457032,0.5489946603775024,0.6997258755732485,0.5211851756711917,0.34097308745305904,0.20112886588771564,0.3002741244267515,0.4788148243288083,0.659026912546941,0.7988711341122844
823607,2026-07-07 00:00:00,2026,673540,4.0,5.166027927398682,0.7223318815231323,0.7829520014901856,0.6255543990059759,0.4524365019304362,0.29872755480650237,0.21704799850981438,0.37444560099402413,0.5475634980695638,0.7012724451934976
823441,2026-07-18 00:00:00,2026,673540,2.0,4.476191329956055,0.5451962947845459,0.6991386012254874,0.5218833209697611,0.34300866811893876,0.20361934896659106,0.30086139877451257,0.4781166790302389,0.6569913318810612,0.7963806510334089
823593,2026-07-31 00:00:00,2026,673540,4.0,3.5187351226806642,0.4946015477180481,0.5434822118457527,0.3539994104900602,0.19405648981460172,0.11019187184579027,0.45651778815424726,0.6460005895099399,0.8059435101853982,0.8898081281542097
822713,2026-07-07 00:00:00,2026,674841,3.0,4.198982429504395,0.5048934817314148,0.6564487863567904,0.47515505374534517,0.30015717192539265,0.1747455051443187,0.3435512136432096,0.5248449462546548,0.6998428280746074,0.8252544948556813
822708,2026-07-12 00:00:00,2026,674841,2.0,3.881324863433838,0.42495617270469666,0.6064291880102128,0.4202265186752441,0.250274848202569,0.14284122188706197,0.39357081198978716,0.5797734813247559,0.749725151797431,0.8571587781129381
824328,2026-07-20 00:00:00,2026,674841,2.0,3.917620372772217,0.42720335721969604,0.6119498755947023,0.42665968826784023,0.25636453110873925,0.14680344899290443,0.38805012440529774,0.5733403117321598,0.7436354688912608,0.8531965510070956
822705,2026-07-27 00:00:00,2026,674841,3.0,2.992669010162354,0.37418314814567566,0.4384081803323122,0.25883948658802286,0.12635798726253533,0.07611087601534999,0.5615918196676878,0.7411605134119772,0.8736420127374647,0.9238891239846501
823431,2026-08-03 00:00:00,2026,674841,5.0,4.133152008056641,0.4647277891635895,0.6474376746581813,0.46416921418733986,0.28911523924657123,0.16686722480900587,0.35256232534181875,0.5358307858126601,0.7108847607534288,0.8331327751909942
822701,2026-08-08 00:00:00,2026,674841,2.0,3.0247044563293457,0.4220893383026123,0.4452130128306491,0.26277648731607467,0.12768080877458896,0.0761112133438937,0.5547869871693509,0.7372235126839253,0.872319191225411,0.9238887866561063
823591,2026-08-14 00:00:00,2026,674841,4.0,3.805062866210938,0.3967035710811615,0.5934366096117686,0.4066706999692097,0.23871634779256398,0.13604789270256082,0.4065633903882314,0.5933293000307903,0.761283652207436,0.8639521072974392
822861,2026-08-20 00:00:00,2026,674841,5.0,4.057748794555664,0.4118395745754242,0.6346983198890787,0.45107204130518985,0.2779844096289438,0.16019974404281961,0.36530168011092135,0.5489279586948101,0.7220155903710562,0.8398002559571804
824253,2026-07-08 00:00:00,2026,675512,9.0,5.151864528656006,0.6064020395278931,0.7829389924106815,0.6246427376359323,0.4504325097243506,0.2957413346396323,0.21706100758931846,0.37535726236406775,0.5495674902756493,0.7042586653603677
824009,2026-07-17 00:00:00,2026,675512,9.0,6.595606994628906,0.7212206125259399,0.8982753601653334,0.7896538201865709,0.6543651477211497,0.5668633706473557,0.10172463983466662,0.21034617981342907,0.34563485227885027,0.4331366293526443
824247,2026-07-23 00:00:00,2026,675512,5.0,6.5577914237976085,0.6425294280052185,0.8951530935940935,0.7851095967328328,0.6487660433311658,0.5585412869834662,0.10484690640590655,0.21489040326716724,0.35123395666883417,0.44145871301653383
824243,2026-07-28 00:00:00,2026,675512,5.0,6.174224948883056,0.7157652378082275,0.8711220111168914,0.7479612916604552,0.5994542596518583,0.4807995401245628,0.12887798888310864,0.2520387083395448,0.4005457403481417,0.5192004598754372
823108,2026-08-04 00:00:00,2026,675512,4.0,6.686255168914795,0.7448611259460449,0.9024501241023621,0.7967306908040713,0.6645577304232114,0.5848060471056055,0.09754987589763786,0.20326930919592867,0.3354422695767886,0.41519395289439454
823190,2026-08-09 00:00:00,2026,675512,5.0,7.194071388244629,0.6494483947753906,0.9249070740286146,0.8349272131106379,0.7195279529847213,0.682783696349249,0.0750929259713854,0.1650727868893621,0.2804720470152787,0.31721630365075104
824239,2026-08-15 00:00:00,2026,675512,4.0,5.957492733001709,0.7030470371246338,0.8561454172046203,0.7254228524588106,0.5702276050227235,0.43806944119398294,0.14385458279537966,0.27457714754118945,0.4297723949772765,0.561930558806017
823036,2026-07-06 00:00:00,2026,675660,2.0,3.946992015838623,0.47304773330688477,0.6178106834928433,0.43180792252244665,0.2599286106274702,0.1484045954363264,0.3821893165071567,0.5681920774775533,0.7400713893725298,0.8515954045636736
823356,2026-07-11 00:00:00,2026,675660,6.0,6.704910755157471,0.6703500151634216,0.9000776668650456,0.7943866959559489,0.663336652946946,0.5860876063579984,0.09992233313495436,0.2056133040440511,0.336663347053054,0.4139123936420016
823763,2026-07-18 00:00:00,2026,675660,9.0,5.486068248748779,0.501999020576477,0.8116842647103809,0.6654192344644632,0.5001466981067718,0.35250275878796805,0.1883157352896191,0.33458076553553684,0.4998533018932282,0.6474972412120319
823759,2026-07-24 00:00:00,2026,675660,6.0,6.186157321929932,0.5968091487884521,0.8680409926729838,0.7451762845082099,0.5981938024653987,0.48237942416422624,0.13195900732701615,0.25482371549179006,0.40180619753460134,0.5176205758357737
823999,2026-07-31 00:00:00,2026,675660,7.0,5.6379293441772464,0.588904082775116,0.8285972171306031,0.6869066721447398,0.523686531745069,0.37828037731033004,0.17140278286939692,0.31309332785526023,0.47631346825493104,0.62171962268967
823750,2026-08-07 00:00:00,2026,675660,4.0,5.979120540618897,0.6786632537841797,0.855962376269294,0.7260451699218355,0.5721226442149445,0.442248037721227,0.14403762373070605,0.27395483007816446,0.4278773557850555,0.557751962278773
823915,2026-08-13 00:00:00,2026,675660,5.0,5.797196102142334,0.6886975169181824,0.8425874143188282,0.7063266378947997,0.5470055706547301,0.407495197087385,0.15741258568117178,0.29367336210520034,0.4529944293452699,0.592504802912615
823846,2026-07-09 00:00:00,2026,676083,5.0,4.626666641235352,0.6244536638259888,0.7228036608164619,0.5475658495449891,0.36630905227579863,0.2195602893514358,0.27719633918353814,0.4524341504550109,0.6336909477242014,0.7804397106485642
824167,2026-07-20 00:00:00,2026,676083,3.0,5.027423000335694,0.6333562135696411,0.7712717342593415,0.6083148489587129,0.4309775126442696,0.27555446160833336,0.22872826574065852,0.3916851510412871,0.5690224873557304,0.7244455383916666
823840,2026-07-26 00:00:00,2026,676083,6.0,4.019870376586914,0.6025328636169434,0.632986179828413,0.44478265362198527,0.2684417327474605,0.15182498505557432,0.367013820171587,0.5552173463780148,0.7315582672525395,0.8481750149444257
823593,2026-07-31 00:00:00,2026,676083,4.0,3.4961783409118654,0.5232375264167786,0.540276202899965,0.3489377053285109,0.18864616174567503,0.10654439869014566,0.45972379710003497,0.651062294671489,0.8113538382543249,0.8934556013098544
824885,2026-08-06 00:00:00,2026,676083,1.0,3.4577965736389165,0.5190719962120056,0.5328268186556386,0.3418768209159292,0.1833644069917956,0.10384573395979012,0.46717318134436137,0.6581231790840708,0.8166355930082044,0.8961542660402099
823833,2026-08-12 00:00:00,2026,676083,2.0,3.967620849609375,0.5657773613929749,0.624091098553739,0.4354575745704802,0.2604596717213669,0.1471239219040958,0.375908901446261,0.5645424254295198,0.739540328278633,0.8528760780959042
823427,2026-08-17 00:00:00,2026,676083,2.0,3.534146022796631,0.6448526978492737,0.5476629670254324,0.35587400425176363,0.19378875863372905,0.1091337998162536,0.4523370329745676,0.6441259957482364,0.806211241366271,0.8908662001837464
823110,2026-07-22 00:00:00,2026,676106,3.0,4.958714962005615,0.5784414410591125,0.7610245566637013,0.5967667946958536,0.42002129203472616,0.26687020311772885,0.23897544333629872,0.4032332053041464,0.5799787079652738,0.7331297968822712
823924,2026-07-29 00:00:00,2026,676106,5.0,4.322618770599366,0.5066588521003723,0.6778052951492586,0.4967301866556669,0.31814761998016333,0.185440284428236,0.3221947048507414,0.5032698133443331,0.6818523800198366,0.814559715571764
823108,2026-08-04 00:00:00,2026,676106,6.0,5.838463687896729,0.6618713140487671,0.8459595610817378,0.711128929615508,0.5529157333128635,0.41526807699094215,0.15404043891826225,0.288871070384492,0.4470842666871365,0.5847319230090579
823104,2026-08-09 00:00:00,2026,676106,3.0,5.348108863830567,0.7271507978439331,0.8045123746475531,0.6523971216888241,0.4811198426704557,0.32683696173955723,0.1954876253524469,0.34760287831117587,0.5188801573295443,0.6731630382604428
824157,2026-08-15 00:00:00,2026,676106,8.0,6.364983558654785,0.75516277551651,0.8846578673704001,0.7681615554929274,0.6253581669727766,0.519677531073972,0.11534213262959991,0.23183844450707258,0.3746418330272234,0.48032246892602803
823687,2026-07-07 00:00:00,2026,676282,7.0,4.357563018798828,0.5056391954421997,0.6837746057819267,0.5028546182052996,0.3233311930096815,0.18858955877203595,0.3162253942180733,0.49714538179470036,0.6766688069903185,0.811410441227964
823842,2026-07-12 00:00:00,2026,676282,9.0,4.523365306854249,0.5241490602493286,0.7075872463130429,0.5303418657932765,0.3499323810831501,0.20771397820402848,0.29241275368695707,0.46965813420672353,0.6500676189168499,0.7922860217959715
824411,2026-07-19 00:00:00,2026,676282,7.0,5.498757266998291,0.7087682485580444,0.8185792150012935,0.6717161629043964,0.5039634425885234,0.3527960960667611,0.1814207849987065,0.3282838370956036,0.49603655741147656,0.6472039039332389
822952,2026-07-24 00:00:00,2026,676282,4.0,3.777397346496582,0.525582492351532,0.5925240215013463,0.4008196123181708,0.2297201622282458,0.128574730368336,0.4074759784986537,0.5991803876818291,0.7702798377717542,0.871425269631664
824487,2026-07-29 00:00:00,2026,676282,8.0,4.320002937316895,0.5880671143531799,0.6790448930591254,0.49677615688779403,0.3168957278289504,0.1836849961906288,0.3209551069408746,0.503223843112206,0.6831042721710496,0.8163150038093712
824403,2026-08-04 00:00:00,2026,676282,5.0,4.623960018157959,0.5999780297279358,0.7208096911332942,0.5463555924414719,0.3662790001142428,0.2204723006831359,0.2791903088667058,0.4536444075585281,0.6337209998857571,0.779527699316864
824400,2026-08-15 00:00:00,2026,676282,7.0,5.967706203460693,0.7748954892158508,0.8574708167054224,0.7270912192597591,0.5719943287965903,0.4400611193719712,0.14252918329457764,0.27290878074024094,0.4280056712034097,0.5599388806280288
823844,2026-07-11 00:00:00,2026,676440,3.0,3.890546989440918,0.531792402267456,0.610516284234119,0.42166096734054753,0.24905594396199393,0.14067786822807257,0.38948371576588103,0.5783390326594524,0.7509440560380061,0.8593221317719274
824410,2026-07-20 00:00:00,2026,676440,5.0,4.508125972747803,0.5753403902053833,0.7046180928278211,0.5275020364209481,0.3477663016088397,0.20657648641864024,0.29538190717217894,0.47249796357905194,0.6522336983911603,0.7934235135813598
822948,2026-07-25 00:00:00,2026,676440,5.0,3.2267811298370366,0.3710319399833679,0.48690824407431127,0.2994023018336075,0.15258394946126994,0.08835699294513592,0.5130917559256887,0.7005976981663925,0.84741605053873,0.9116430070548641
824407,2026-07-31 00:00:00,2026,676440,3.0,4.995444297790528,0.5137102603912354,0.7653862365655193,0.6022090907113706,0.425831315283879,0.27215155241522354,0.2346137634344807,0.39779090928862937,0.5741686847161209,0.7278484475847764
824402,2026-08-05 00:00:00,2026,676440,10.0,4.636872291564941,0.5285326838493347,0.7217014618716407,0.5480130837765022,0.3685542836531365,0.22273079843684568,0.27829853812835925,0.45198691622349785,0.6314457163468634,0.7772692015631544
824240,2026-08-11 00:00:00,2026,676440,4.0,5.023144245147705,0.5724608898162842,0.7691380030580472,0.6066127187118918,0.4302306295036872,0.27589524330438997,0.23086199694195275,0.3933872812881082,0.5697693704963128,0.72410475669561
824397,2026-08-16 00:00:00,2026,676440,3.0,5.138272285461426,0.6938310265541077,0.7820343887486872,0.623131851469672,0.4483723400416117,0.29332296942094993,0.21796561125131275,0.376868148530328,0.5516276599583883,0.7066770305790501
823278,2026-07-10 00:00:00,2026,676664,3.0,3.9701829910278326,0.43209314346313477,0.6214617641402115,0.4358854445425823,0.26366253590954586,0.1507751900135561,0.3785382358597885,0.5641145554574176,0.7363374640904541,0.8492248099864439
824898,2026-07-20 00:00:00,2026,676664,3.0,4.009071922302247,0.36615338921546936,0.6254712873110116,0.4425508496776583,0.27163173821235004,0.15698609037245703,0.37452871268898835,0.5574491503223418,0.7283682617876499,0.843013909627543
823841,2026-07-25 00:00:00,2026,676664,3.0,3.4663905143737797,0.4555180072784424,0.5334971830067314,0.3444204320480569,0.18675488763757853,0.1063809817301464,0.46650281699326857,0.6555795679519432,0.8132451123624215,0.8936190182698536
823271,2026-07-30 00:00:00,2026,676664,2.0,3.6813024520874027,0.6276623606681824,0.5736951753167953,0.38371659430431415,0.21743232429450618,0.12271784186890926,0.42630482468320474,0.6162834056956858,0.7825676757054938,0.8772821581310908
824477,2026-08-16 00:00:00,2026,676760,2.0,2.5685712814331056,0.7207481861114502,0.3448414190412046,0.17735322638030993,0.07290619188406386,0.04776544868167763,0.6551585809587954,0.8226467736196901,0.9270938081159361,0.9522345513183224
823747,2026-08-20 00:00:00,2026,676879,4.0,3.693803119659424,0.6746945381164551,0.5767262594101736,0.3857088230817604,0.21817546988902836,0.12264225586256107,0.42327374058982636,0.6142911769182395,0.7818245301109716,0.8773577441374389
822708,2026-07-12 00:00:00,2026,676917,5.0,5.310647678375244,0.6446859240531921,0.7988273338672354,0.6459026994905548,0.47490311865234625,0.3214739617590445,0.20117266613276463,0.3540973005094452,0.5250968813476538,0.6785260382409555
824981,2026-07-17 00:00:00,2026,676917,9.0,5.251053619384766,0.5906550884246826,0.7929024820108024,0.6379724938123932,0.46576363226420847,0.3117115565773882,0.20709751798919762,0.3620275061876068,0.5342363677357915,0.6882884434226118
824327,2026-07-22 00:00:00,2026,676917,8.0,5.93721923828125,0.7138891816139221,0.8536559464730362,0.7222596796645897,0.56682487679244,0.4341493104428088,0.14634405352696378,0.2777403203354103,0.43317512320756,0.5658506895571912
822703,2026-07-28 00:00:00,2026,676917,3.0,5.399629020690918,0.6419626474380493,0.8073067038269148,0.6574197609541153,0.48839327452903514,0.3364304240357772,0.19269329617308517,0.34258023904588475,0.5116067254709649,0.6635695759642228
824891,2026-08-02 00:00:00,2026,676917,3.0,4.963679313659668,0.6947422027587891,0.7631514211210395,0.5984725831672352,0.42080721834940965,0.2666270258294303,0.2368485788789605,0.4015274168327648,0.5791927816505904,0.7333729741705697
822699,2026-08-07 00:00:00,2026,676917,8.0,5.032420253753663,0.6981533765792847,0.771419322258038,0.6087651138243638,0.43175320251207155,0.2765490550958171,0.228580677741962,0.3912348861756362,0.5682467974879284,0.7234509449041828
822696,2026-08-13 00:00:00,2026,676917,10.0,6.312292766571046,0.6530756950378418,0.8792536987827109,0.7607846685961228,0.6168395180861139,0.5082588819479673,0.12074630121728913,0.23921533140387718,0.3831604819138861,0.4917411180520327
822860,2026-08-19 00:00:00,2026,676917,11.0,6.241819000244141,0.6984837651252747,0.8760272741390793,0.7552176240712133,0.6086995833141827,0.49445692803497393,0.12397272586092067,0.2447823759287867,0.3913004166858173,0.505543071965026
823847,2026-07-07 00:00:00,2026,676974,4.0,6.478933811187744,0.5933166742324829,0.8890452149614864,0.7761644124028421,0.6375936901103628,0.5417092440085269,0.11095478503851364,0.22383558759715794,0.3624063098896372,0.45829075599147306
823763,2026-07-18 00:00:00,2026,676974,5.0,6.0047657012939455,0.6165417432785034,0.8574999854957841,0.7284816486127688,0.5754271372983929,0.44720248709291965,0.1425000145042159,0.27151835138723124,0.4245728627016071,0.5527975129070803
823684,2026-07-08 00:00:00,2026,677944,4.0,3.766251945495606,0.49179330468177795,0.5889061324821772,0.39919856672766213,0.23012665140988964,0.1297943235035206,0.41109386751782284,0.6008014332723379,0.7698733485901104,0.8702056764964794
824408,2026-07-22 00:00:00,2026,677944,5.0,4.255175304412842,0.584502100944519,0.6684899716238325,0.485530277192603,0.30696527258959344,0.17739613401112309,0.3315100283761675,0.514469722807397,0.6930347274104065,0.8226038659888769
824490,2026-07-28 00:00:00,2026,677944,2.0,4.043399906158447,0.4541648030281067,0.6351804362854684,0.4488325361271344,0.2735240985243129,0.15586941510249702,0.3648195637145316,0.5511674638728656,0.7264759014756871,0.8441305848975029
824403,2026-08-04 00:00:00,2026,677944,4.0,4.0508198738098145,0.5572116374969482,0.6367899412825039,0.4501717754774115,0.27435650731632055,0.15616119662857803,0.3632100587174961,0.5498282245225885,0.7256434926836794,0.8438388033714219
823357,2026-07-11 00:00:00,2026,677952,6.0,6.27134599685669,0.645134687423706,0.8769129640014309,0.7570658743319422,0.6117616405035193,0.5001131993866067,0.12308703599856907,0.24293412566805783,0.38823835949648067,0.4998868006133933
823522,2026-07-20 00:00:00,2026,677952,2.0,5.930769157409668,0.7387822270393372,0.8551376034504595,0.7234413151663845,0.5670945322957327,0.4328584810291075,0.14486239654954047,0.27655868483361545,0.4329054677042673,0.5671415189708925
823354,2026-07-26 00:00:00,2026,677952,5.0,6.587099838256837,0.6772317290306091,0.8959499618998502,0.7867637032988221,0.6515335971692637,0.563978248596542,0.10405003810014979,0.21323629670117794,0.34846640283073627,0.436021751403458
824485,2026-08-01 00:00:00,2026,677952,5.0,5.370390129089356,0.7433326244354248,0.8070416456931707,0.6556154642846634,0.4846315434460897,0.3304398675187768,0.19295835430682928,0.34438453571533656,0.5153684565539103,0.6695601324812233
823754,2026-08-06 00:00:00,2026,677952,5.0,6.290491771697998,0.6436176896095276,0.878290022907594,0.7591079583952401,0.6143648708259983,0.5040067063341721,0.12170997709240605,0.24089204160475985,0.38563512917400167,0.4959932936658279
823829,2026-08-13 00:00:00,2026,677952,10.0,6.146501827239991,0.6366616487503052,0.8662371613679238,0.7420570455848363,0.593619725080372,0.4747577058736394,0.13376283863207616,0.2579429544151637,0.406380274919628,0.5252422941263606
823341,2026-08-18 00:00:00,2026,677952,4.0,6.19942216873169,0.669693112373352,0.8722189556343806,0.7499033525752709,0.6023528188608046,0.4857121347447778,0.12778104436561943,0.25009664742472915,0.3976471811391954,0.5142878652552222
822875,2026-07-11 00:00:00,2026,677958,6.0,5.419971179962159,0.717525839805603,0.8093291836357883,0.6601134206409058,0.49149078050010414,0.33985482074140017,0.19067081636421168,0.33988657935909417,0.5085092194998959,0.6601451792585998
822871,2026-07-21 00:00:00,2026,677958,6.0,5.259776878356934,0.5349484086036682,0.7911596087879388,0.6372007339819686,0.46659139474736616,0.31434510273725874,0.20884039121206122,0.36279926601803136,0.5334086052526339,0.6856548972627412
822868,2026-07-27 00:00:00,2026,677958,7.0,5.590475082397461,0.6300628185272217,0.824007162133688,0.6807555252840194,0.5165568677757316,0.3698825630607827,0.17599283786631204,0.3192444747159806,0.4834431322242684,0.6301174369392173
824163,2026-08-02 00:00:00,2026,677958,5.0,5.041735458374024,0.6392991542816162,0.7708167025997619,0.609017814023046,0.43314564158269636,0.27891597072409297,0.22918329740023813,0.390982185976954,0.5668543584173036,0.7210840292759071
822862,2026-08-09 00:00:00,2026,677958,5.0,4.833605766296387,0.6986628770828247,0.7467113399006828,0.5784837615568335,0.40008776343361613,0.24878111635842795,0.25328866009931716,0.42151623844316655,0.5999122365663838,0.7512188836415721
824968,2026-08-14 00:00:00,2026,677958,3.0,4.647479820251465,0.5186427235603333,0.7217626976910062,0.5490377304449667,0.37055669817348275,0.2250808988003905,0.2782373023089938,0.45096226955503327,0.6294433018265173,0.7749191011996095
822860,2026-08-19 00:00:00,2026,677958,3.0,5.169163036346436,0.49654409289360046,0.7818429921347262,0.6249658183895411,0.45272168177255623,0.2999575737023859,0.2181570078652738,0.37503418161045887,0.5472783182274438,0.7000424262976142
822709,2026-07-10 00:00:00,2026,677960,6.0,5.0589807510375975,0.46788081526756287,0.7680979444157378,0.6083929070282995,0.43553438593830784,0.2841154908028463,0.23190205558426225,0.3916070929717005,0.5644656140616922,0.7158845091971537
823522,2026-07-20 00:00:00,2026,677960,5.0,5.533374881744384,0.5577960014343262,0.8179313150717757,0.6728978968987307,0.5077871342095918,0.36008898981211346,0.18206868492822426,0.3271021031012693,0.49221286579040824,0.6399110101878865
823435,2026-07-25 00:00:00,2026,677960,7.0,4.941969490051269,0.6407374739646912,0.7584267240861611,0.5939060205971101,0.4173733681627999,0.26484910339479395,0.24157327591383893,0.40609397940288994,0.5826266318372001,0.735150896605206
824568,2026-07-30 00:00:00,2026,677960,4.0,5.2090428352355955,0.5255116820335388,0.7866933720501029,0.6309007548900647,0.4589572844806315,0.3058811676330137,0.21330662794989708,0.3690992451099353,0.5410427155193684,0.6941188323669862
823517,2026-08-04 00:00:00,2026,677960,6.0,5.452994251251221,0.5524731278419495,0.8115073052917875,0.6635917376266737,0.4961711457550019,0.3458469066236565,0.1884926947082125,0.3364082623733263,0.5038288542449981,0.6541530933763435
823512,2026-08-11 00:00:00,2026,677960,4.0,5.899512577056885,0.6254101395606995,0.8507103522212287,0.7180043858018638,0.5615148505632305,0.42690109613634786,0.1492896477787713,0.28199561419813624,0.43848514943676953,0.5730989038636521
822774,2026-08-16 00:00:00,2026,677960,4.0,5.38786211013794,0.6624860763549805,0.8065525952319241,0.6561889513595547,0.4867145192696347,0.33428977698032336,0.19344740476807587,0.3438110486404453,0.5132854807303653,0.6657102230196766
824088,2026-07-18 00:00:00,2026,677976,3.0,3.302619314193726,0.494227796792984,0.5022496069308224,0.3132175441761954,0.16227858920996477,0.09313246666982192,0.49775039306917757,0.6867824558238046,0.8377214107900353,0.9068675333301781
824247,2026-07-23 00:00:00,2026,677976,3.0,3.5891340255737307,0.5028222799301147,0.5572739644805922,0.3665467250360503,0.2030889431138783,0.11458833290715738,0.4427260355194078,0.6334532749639497,0.7969110568861217,0.8854116670928426
823677,2026-07-29 00:00:00,2026,677976,4.0,3.8473924636840824,0.44647416472435,0.6022839441491421,0.41399896211008375,0.2433465855721227,0.13782887572252692,0.3977160558508579,0.5860010378899163,0.7566534144278774,0.8621711242774731
824084,2026-08-04 00:00:00,2026,677976,1.0,4.187444019317627,0.6154849529266357,0.6585964057873772,0.4740177942072262,0.29586794741114314,0.16978082185787308,0.3414035942126228,0.5259822057927739,0.7041320525888568,0.8302191781421269
824078,2026-08-09 00:00:00,2026,677976,4.0,3.765802097320557,0.5770397782325745,0.5891868299416564,0.39902297564983014,0.229595508640399,0.12927746931874323,0.4108131700583436,0.6009770243501699,0.770404491359601,0.8707225306812567
823990,2026-08-15 00:00:00,2026,677976,6.0,4.640188694000244,0.6533061861991882,0.7241318241453572,0.5495021287348527,0.36861738451924275,0.2216392257438387,0.27586817585464285,0.4504978712651473,0.6313826154807572,0.7783607742561613
824074,2026-08-20 00:00:00,2026,677976,4.0,4.049375724792481,0.624809980392456,0.6376098259068238,0.45000679873609,0.27326844174113124,0.15490276290542457,0.3623901740931762,0.5499932012639099,0.7267315582588687,0.8450972370945754
824251,2026-07-09 00:00:00,2026,678022,2.0,5.507419204711915,0.5576825737953186,0.8152852069324151,0.6694321546615382,0.5038537738947039,0.3556531421390492,0.18471479306758487,0.33056784533846184,0.49614622610529613,0.6443468578609508
825056,2026-07-21 00:00:00,2026,678022,4.0,4.200343036651612,0.45065367221832275,0.657742791278032,0.47562860359192377,0.29971248492727975,0.1738612949628402,0.34225720872196796,0.5243713964080763,0.7002875150727202,0.8261387050371598
824977,2026-07-27 00:00:00,2026,678022,4.0,5.297035217285156,0.4731190502643585,0.7909887940566912,0.6392187822619732,0.47138655013264874,0.3220601857008921,0.2090112059433088,0.36078121773802685,0.5286134498673513,0.6779398142991079
824972,2026-08-01 00:00:00,2026,678022,9.0,5.197499370574952,0.5399274826049805,0.7851221289829269,0.6290597874416115,0.45712593194386775,0.3042489586550432,0.21487787101707312,0.3709402125583885,0.5428740680561323,0.6957510413449568
824727,2026-08-07 00:00:00,2026,678022,3.0,5.390762615203857,0.5193166136741638,0.8030946336172946,0.6536294843228263,0.4861226686608688,0.336241416951071,0.1969053663827054,0.3463705156771737,0.5138773313391312,0.663758583048929
824967,2026-08-12 00:00:00,2026,678022,2.0,4.537779521942139,0.5473679900169373,0.7073240444880229,0.531716500005696,0.3529655792388242,0.21125835117067707,0.2926759555119771,0.46828349999430396,0.6470344207611758,0.788741648829323
824075,2026-08-18 00:00:00,2026,678022,4.0,4.108654403686524,0.5173919796943665,0.6451765171055371,0.460183228407524,0.2841309288518545,0.16279483377050044,0.35482348289446286,0.539816771592476,0.7158690711481455,0.8372051662294996
823602,2026-07-12 00:00:00,2026,678394,5.0,5.078762817382812,0.5622960329055786,0.7749107151856263,0.6142916236207142,0.43897136663845054,0.28451961817733656,0.22508928481437374,0.3857083763792858,0.5610286333615495,0.7154803818226634
824732,2026-07-22 00:00:00,2026,678394,5.0,4.447717952728272,0.5382707118988037,0.6953246642463443,0.5173034176822984,0.33838657717043485,0.2001228037518677,0.3046753357536557,0.48269658231770163,0.6616134228295651,0.7998771962481324
823922,2026-07-31 00:00:00,2026,678394,3.0,4.496263885498047,0.5274812579154968,0.7012603858459849,0.5248719875181009,0.34645128028433103,0.20654907492452937,0.29873961415401507,0.47512801248189906,0.653548719715669,0.7934509250754707
824724,2026-08-09 00:00:00,2026,678394,4.0,4.802285671234131,0.6109358072280884,0.7415800076747825,0.5730064497074145,0.3952185868653024,0.2453612693155429,0.2584199923252175,0.42699355029258546,0.6047814131346976,0.7546387306844571
824725,2026-08-17 00:00:00,2026,678394,3.0,4.864614391326905,0.6333576440811157,0.7501893922829248,0.582991503776047,0.4050596132515638,0.25328018227166477,0.2498106077170752,0.417008496223953,0.5949403867484362,0.7467198177283352
824168,2026-07-19 00:00:00,2026,678906,3.0,4.738801574707031,0.607807993888855,0.7342133096855372,0.563603276321774,0.38501937300775874,0.23644482533057978,0.2657866903144628,0.436396723678226,0.6149806269922413,0.7635551746694202
824573,2026-07-24 00:00:00,2026,678906,1.0,4.309941101074219,0.471360981464386,0.6733869198031618,0.49384637238789747,0.3174192152670161,0.18632439478585447,0.3266130801968382,0.5061536276121026,0.6825807847329839,0.8136756052141455
824817,2026-07-10 00:00:00,2026,679883,3.0,3.9948940277099614,0.47314023971557617,0.6270866054566216,0.44027562943262627,0.26609486846434455,0.15139099079696178,0.37291339454337835,0.5597243705673738,0.7339051315356555,0.8486090092030383
824085,2026-07-21 00:00:00,2026,679883,7.0,3.5072527885437013,0.43155863881111145,0.541279417717118,0.35191429233577304,0.1924880810729296,0.1093871115696042,0.45872058228288204,0.648085707664227,0.8075119189270704,0.8906128884303958
824246,2026-07-26 00:00:00,2026,679883,2.0,4.563922786712647,0.5613067150115967,0.7112290502116042,0.5360646699389574,0.3570423794287078,0.21417360376137626,0.2887709497883958,0.4639353300610426,0.6429576205712921,0.7858263962386237
824326,2026-08-01 00:00:00,2026,679883,2.0,4.339606380462647,0.5476856827735901,0.6809571072247882,0.4997823846209726,0.3205392078797953,0.18674329618825464,0.3190428927752118,0.5002176153790274,0.6794607921202047,0.8132567038117453
823685,2026-07-10 00:00:00,2026,680570,0.0,3.676553821563721,0.4895220100879669,0.5731682476699532,0.3827129889041938,0.21623563953087363,0.12184641849584565,0.4268317523300468,0.6172870110958062,0.7837643604691263,0.8781535815041543
824008,2026-07-18 00:00:00,2026,680570,3.0,3.491071128845215,0.5348845720291138,0.5393664284947707,0.347929447334126,0.18777595277389797,0.1060371524237137,0.4606335715052293,0.652070552665874,0.812224047226102,0.8939628475762863
823196,2026-07-24 00:00:00,2026,680570,3.0,3.000629281997681,0.4610236883163452,0.4402433631364344,0.2564768052576446,0.12217815591795882,0.0727351739958874,0.5597566368635656,0.7435231947423554,0.8778218440820412,0.9272648260041126
824002,2026-07-29 00:00:00,2026,680570,6.0,3.8872868537902834,0.6041497588157654,0.6105329014879065,0.4210246824965239,0.24795047445034635,0.1397003017657692,0.3894670985120935,0.5789753175034761,0.7520495255496537,0.8602996982342308
824805,2026-08-04 00:00:00,2026,680570,6.0,4.554778861999512,0.6588467359542847,0.7123583453391793,0.5356409065445212,0.35486533954093835,0.21117640601307058,0.2876416546608207,0.46435909345547877,0.6451346604590616,0.7888235939869295
823835,2026-08-09 00:00:00,2026,680570,8.0,4.610096168518067,0.6235818862915039,0.7194068064131155,0.5443533295615295,0.3639295136447098,0.21838346596585576,0.2805931935868845,0.4556466704384705,0.6360704863552902,0.7816165340341442
823993,2026-08-14 00:00:00,2026,680570,5.0,5.833737850189209,0.7378876209259033,0.8472719952523917,0.7121642857520588,0.5531525356187016,0.414198975592668,0.15272800474760828,0.2878357142479412,0.4468474643812984,0.585801024407332
824153,2026-08-20 00:00:00,2026,680570,6.0,5.448127746582031,0.6564204692840576,0.8138858805088361,0.6652634730473285,0.4963208463484127,0.3439734955112751,0.18611411949116385,0.33473652695267153,0.5036791536515872,0.6560265044887249
822780,2026-08-10 00:00:00,2026,680573,2.0,3.4292525291442875,0.6402682662010193,0.5276204936265707,0.3362069421443268,0.17857062686564704,0.10110018404796885,0.4723795063734293,0.6637930578556732,0.8214293731343529,0.8988998159520312
824813,2026-07-11 00:00:00,2026,680694,5.0,6.164831066131592,0.6149396300315857,0.8708375443510123,0.7473563649282065,0.5984527577598238,0.4789909588658542,0.12916245564898765,0.25264363507179355,0.40154724224017624,0.5210090411341458
824732,2026-07-22 00:00:00,2026,680694,4.0,6.188984203338624,0.7236859202384949,0.8728999247350704,0.7502761075423683,0.6019937117609836,0.4839150106511552,0.1271000752649296,0.2497238924576317,0.3980062882390164,0.5160849893488448
824245,2026-07-27 00:00:00,2026,680694,4.0,4.944880294799805,0.5137826800346375,0.759376632496439,0.5947126074776898,0.41782946066459636,0.26489176584875085,0.24062336750356095,0.40528739252231016,0.5821705393354036,0.7351082341512492
824807,2026-08-02 00:00:00,2026,680694,3.0,5.108475589752198,0.5889657735824585,0.7782435415548961,0.6185495242584248,0.44364293343380323,0.2890247408436491,0.22175645844510394,0.3814504757415752,0.5563570665661968,0.710975259156351
822864,2026-08-08 00:00:00,2026,680694,4.0,5.241412925720215,0.5803802609443665,0.7906774978590662,0.6357570881227275,0.46404717967074427,0.3107434049573091,0.20932250214093384,0.36424291187727253,0.5359528203292557,0.6892565950426909
822941,2026-08-15 00:00:00,2026,680694,3.0,4.770889377593995,0.6007077097892761,0.7398478930470112,0.5694094966366284,0.3899320319294751,0.23960664639917822,0.26015210695298885,0.43059050336337157,0.6100679680705249,0.7603933536008218
824802,2026-08-20 00:00:00,2026,680694,5.0,4.714443206787109,0.6290143728256226,0.7321903050470667,0.5603947346438469,0.38093293178663495,0.23245005063946744,0.2678096949529333,0.4396052653561531,0.619067068213365,0.7675499493605326
824575,2026-07-10 00:00:00,2026,680732,9.0,5.459942150115967,0.5953792929649353,0.8137986576159819,0.6658089171049824,0.49773125252227407,0.3464506823470483,0.1862013423840181,0.33419108289501764,0.5022687474777259,0.6535493176529517
822786,2026-07-19 00:00:00,2026,680732,5.0,7.215026855468751,0.8244779706001282,0.9276965052713472,0.8389762262122755,0.7242695050681263,0.6892325694804928,0.07230349472865283,0.16102377378772448,0.27573049493187374,0.31076743051950717
824571,2026-07-25 00:00:00,2026,680732,10.0,6.15213680267334,0.7454043626785278,0.8706306998617706,0.7467282072705563,0.5972300727994995,0.47656691883518915,0.12936930013822945,0.25327179272944367,0.40276992720050053,0.5234330811648109
824568,2026-07-30 00:00:00,2026,680732,10.0,6.4343656539917,0.7766159772872925,0.8895935070940303,0.7755613158332542,0.6348439616506302,0.5341647025135902,0.11040649290596971,0.22443868416674584,0.3651560383493698,0.46583529748640984
824728,2026-08-05 00:00:00,2026,680732,4.0,5.85803279876709,0.7361405491828918,0.8495499612985364,0.7152791333548381,0.5568156760270393,0.41880875284340047,0.15045003870146356,0.28472086664516194,0.4431843239729607,0.5811912471565995
824563,2026-08-11 00:00:00,2026,680732,8.0,6.009083843231201,0.8466523885726929,0.8610828207663562,0.732158066836228,0.578097572457043,0.4481865226293607,0.13891717923364377,0.26784193316377203,0.42190242754295704,0.5518134773706393
824236,2026-08-16 00:00:00,2026,680732,2.0,5.564130401611329,0.7078248262405396,0.8245008526049817,0.6799177820969377,0.5137554492141528,0.36437366347247213,0.17549914739501826,0.32008221790306235,0.48624455078584716,0.6356263365275279
823929,2026-07-07 00:00:00,2026,680736,9.0,5.671727085113526,0.6640723347663879,0.8327159817172642,0.6920423687107955,0.529147906851583,0.3841383303744926,0.16728401828273576,0.3079576312892045,0.47085209314841703,0.6158616696255075
823437,2026-07-21 00:00:00,2026,680736,7.0,5.589143180847168,0.7216026186943054,0.8279023498744917,0.6840254424954039,0.5179428988369094,0.368525899724278,0.17209765012550826,0.31597455750459613,0.48205710116309064,0.631474100275722
823923,2026-07-28 00:00:00,2026,680736,7.0,6.110088825225831,0.7445923686027527,0.86752273879495,0.7421463840018899,0.5914145889949516,0.46813657072678533,0.13247726120505,0.2578536159981101,0.4085854110050484,0.5318634292732147
824647,2026-08-03 00:00:00,2026,680736,4.0,5.399170780181885,0.6625936031341553,0.808900844559842,0.658658401340213,0.4887828411591572,0.3357025717586468,0.191099155440158,0.34134159865978697,0.5112171588408427,0.6642974282413532
825050,2026-08-09 00:00:00,2026,680736,3.0,4.838979530334473,0.5586711168289185,0.7484719730333798,0.5799347752147709,0.4008528113700798,0.24878192348984196,0.25152802696662024,0.4200652247852291,0.5991471886299202,0.751218076510158
823914,2026-08-15 00:00:00,2026,680736,6.0,6.26556568145752,0.7166517376899719,0.876975069605807,0.7569528537355994,0.6113476688126204,0.49907580513098626,0.12302493039419304,0.2430471462644006,0.38865233118737963,0.5009241948690137
824652,2026-07-21 00:00:00,2026,680744,5.0,3.7364100456237797,0.4255952835083008,0.5818179645503291,0.3942918949665036,0.22800586244353396,0.12969698048120729,0.4181820354496709,0.6057081050334965,0.7719941375564661,0.8703030195187927
824975,2026-07-31 00:00:00,2026,680744,2.0,3.647139549255371,0.40952569246292114,0.5663204114865225,0.37800036375276236,0.21418294431109544,0.12168446450594944,0.43367958851347754,0.6219996362472376,0.7858170556889046,0.8783155354940506
823605,2026-07-08 00:00:00,2026,681035,5.0,6.931542396545411,0.6858866214752197,0.9124370210630381,0.8141522011787559,0.6902839854467707,0.631679096566062,0.08756297893696185,0.18584779882124414,0.3097160145532293,0.368320903433938
823440,2026-07-16 00:00:00,2026,681035,7.0,5.774596500396729,0.6090179085731506,0.8394261462276568,0.7025029817865268,0.543109394144121,0.40344572926432065,0.16057385377234323,0.2974970182134732,0.45689060585587904,0.5965542707356793
823761,2026-07-22 00:00:00,2026,681035,6.0,5.785748195648194,0.6294119954109192,0.8404434566916471,0.7038905062329627,0.5447520865235079,0.4055104859810744,0.1595565433083529,0.2961094937670373,0.45524791347649207,0.5944895140189256
823598,2026-07-29 00:00:00,2026,681035,7.0,5.5329168319702156,0.6025233268737793,0.817892170224448,0.6728419880821276,0.5077203556159225,0.36001044718778513,0.18210782977555195,0.3271580119178724,0.49227964438407745,0.6399895528122148
824402,2026-08-05 00:00:00,2026,681035,7.0,5.36272087097168,0.5931453704833984,0.8024677120464144,0.6516211314341547,0.4824662095919222,0.3307378051645708,0.19753228795358557,0.3483788685658453,0.5175337904080778,0.6692621948354291
824887,2026-08-10 00:00:00,2026,681035,6.0,6.137076282501221,0.6553295850753784,0.8673921979975031,0.7429189169767215,0.5936402562902898,0.4732001627490379,0.1326078020024969,0.2570810830232785,0.4063597437097102,0.5267998372509621
823590,2026-08-16 00:00:00,2026,681035,7.0,6.237765216827393,0.6313884258270264,0.8729125664594339,0.7518362028693857,0.6059972809022972,0.4929093069072225,0.12708743354056606,0.24816379713061432,0.3940027190977028,0.5070906930927774
823271,2026-07-30 00:00:00,2026,681190,1.0,3.3900033950805666,0.478748619556427,0.5196900882650564,0.32920640359168185,0.1737514501993698,0.09883981575395583,0.48030991173494364,0.6707935964083181,0.8262485498006302,0.9011601842460442
825054,2026-08-04 00:00:00,2026,681190,1.0,3.627635192871094,0.5618252158164978,0.5652643086606554,0.37319147538933334,0.207316711061655,0.11629849230421394,0.43473569133934464,0.6268085246106667,0.792683288938345,0.883701507695786
823268,2026-08-09 00:00:00,2026,681190,1.0,4.263361835479737,0.5271918773651123,0.6706143752873789,0.48715415020544717,0.3077642707202352,0.17744825235952905,0.3293856247126211,0.5128458497945528,0.6922357292797647,0.8225517476404709
824400,2026-08-15 00:00:00,2026,681190,5.0,3.8439453125000003,0.5581396818161011,0.6035443979891992,0.4131148087074403,0.24073131556571933,0.1352334745186015,0.39645560201080077,0.5868851912925597,0.7592686844342806,0.8647665254813985
822710,2026-07-08 00:00:00,2026,681293,2.0,3.8653331756591798,0.48734742403030396,0.6061425549920132,0.4171330744537566,0.24524525840765898,0.13848325953086638,0.3938574450079868,0.5828669255462434,0.754754741592341,0.8615167404691336
824169,2026-07-18 00:00:00,2026,681293,6.0,5.151290416717529,0.6716289520263672,0.7837747668356636,0.6251949878451695,0.4504544620424489,0.2951733261316047,0.2162252331643364,0.37480501215483053,0.5495455379575511,0.7048266738683953
822712,2026-07-06 00:00:00,2026,681347,3.0,3.9192823410034183,0.4022441804409027,0.6147587863035419,0.42684923374039124,0.25413113084093514,0.14403477668170542,0.38524121369645814,0.5731507662596087,0.7458688691590649,0.8559652233182946
823033,2026-07-10 00:00:00,2026,681517,2.0,3.7608961105346683,0.4313737154006958,0.5865733656972851,0.39857931632199217,0.23108616573993707,0.13117535118521906,0.41342663430271487,0.6014206836780078,0.768913834260063,0.8688246488147809
824006,2026-07-20 00:00:00,2026,681517,4.0,4.721575164794922,0.6136337518692017,0.7327868546370118,0.5613396030411557,0.38213659119823234,0.23362214202425488,0.26721314536298824,0.4386603969588443,0.6178634088017676,0.7663778579757451
823028,2026-07-26 00:00:00,2026,681517,9.0,4.1027291297912605,0.4931386113166809,0.6438543957747679,0.45910197159301225,0.2834834573825994,0.16259231524502807,0.3561456042252321,0.5408980284069878,0.7165165426174006,0.837407684754972
822782,2026-07-31 00:00:00,2026,681517,3.0,4.341915702819825,0.5154073238372803,0.6802417985709157,0.4998390544958527,0.32142447654675055,0.18793795292686802,0.3197582014290843,0.5001609455041474,0.6785755234532495,0.812062047073132
823024,2026-08-07 00:00:00,2026,681517,8.0,4.485175704956054,0.4996531009674072,0.7002012716485182,0.523269641210727,0.3445166082038181,0.2048428785384628,0.2997987283514818,0.47673035878927295,0.655483391796182,0.7951571214615372
823017,2026-08-12 00:00:00,2026,681517,6.0,5.024537754058838,0.6764351725578308,0.7683965417676144,0.60622459107257,0.43041409093129934,0.27663691744667407,0.2316034582323856,0.39377540892743,0.5695859090687007,0.7233630825533259
824475,2026-08-18 00:00:00,2026,681517,6.0,5.219046211242676,0.6742949485778809,0.7906207242038291,0.6343604414351369,0.4609887206468781,0.3060644038957248,0.20937927579617088,0.3656395585648631,0.5390112793531219,0.6939355961042752
824254,2026-07-07 00:00:00,2026,682052,4.0,3.719250774383545,0.4248823821544647,0.5796795320038584,0.39092396490998477,0.22424989300592313,0.12702666188750092,0.42032046799614164,0.6090760350900153,0.7757501069940769,0.8729733381124991
824978,2026-07-19 00:00:00,2026,682052,6.0,3.337558364868164,0.4700984060764313,0.5086237885259467,0.32060158632576036,0.16873213264210266,0.09696013151419947,0.4913762114740533,0.6793984136742397,0.8312678673578974,0.9030398684858005
823680,2026-07-24 00:00:00,2026,682052,4.0,4.2837518692016605,0.5927599668502808,0.6716342713402308,0.49007123990544754,0.3121626734215679,0.18154494295633264,0.3283657286597692,0.5099287600945525,0.6878373265784321,0.8184550570436674
824973,2026-07-29 00:00:00,2026,682052,8.0,4.018789577484132,0.5961058139801025,0.6303911901474859,0.4444541188768843,0.27033833978679156,0.15433442643735856,0.3696088098525141,0.5555458811231158,0.7296616602132084,0.8456655735626415
824482,2026-08-05 00:00:00,2026,682052,9.0,3.686446952819824,0.7812207341194153,0.5755119541443461,0.3843077429075639,0.21689906843198228,0.12186431155597077,0.4244880458556539,0.6156922570924361,0.7831009315680177,0.8781356884440292
824969,2026-08-10 00:00:00,2026,682052,5.0,3.88541316986084,0.7644037008285522,0.6112094655153233,0.4205898217017236,0.24659481383468188,0.13833463254848877,0.3887905344846767,0.5794101782982763,0.7534051861653182,0.8616653674515112
824965,2026-08-16 00:00:00,2026,682052,6.0,5.032189846038818,0.7563639283180237,0.7705758148328934,0.6081919928250656,0.4316819659062478,0.277004733690225,0.2294241851671066,0.39180800717493436,0.5683180340937521,0.722995266309775
823846,2026-07-09 00:00:00,2026,682243,3.0,6.379302597045899,0.7294835448265076,0.8850539895112304,0.7690050826703521,0.6267821257120338,0.5224040251603804,0.11494601048876962,0.23099491732964794,0.37321787428796616,0.4775959748396196
823115,2026-07-17 00:00:00,2026,682243,6.0,5.054788589477539,0.579664409160614,0.771648241857152,0.6104703978124905,0.4351618436937654,0.2812369259852568,0.22835175814284803,0.38952960218750954,0.5648381563062346,0.7187630740147433
822872,2026-07-24 00:00:00,2026,682243,0.0,5.479016304016113,0.5108746886253357,0.8140927939306329,0.6670255879911687,0.5001133535295041,0.3502710409277379,0.18590720606936706,0.33297441200883127,0.49988664647049585,0.6497289590722621
823111,2026-07-31 00:00:00,2026,682243,3.0,5.823517894744874,0.6911012530326843,0.8457323368982604,0.7103143731139215,0.5513044360384937,0.41233498376740085,0.15426766310173956,0.28968562688607846,0.44869556396150634,0.5876650162325991
823105,2026-08-06 00:00:00,2026,682243,5.0,5.01488265991211,0.6969932913780212,0.7698115158181065,0.6064663920486411,0.4289802160834214,0.27370574993938745,0.23018848418189353,0.39353360795135894,0.5710197839165786,0.7262942500606125
823511,2026-08-12 00:00:00,2026,682243,5.0,5.827748394012452,0.7162832617759705,0.8470099701072393,0.7116757432113244,0.5524104301244543,0.41303579066943824,0.15299002989276067,0.28832425678867557,0.44758956987554566,0.5869642093305618
823749,2026-08-18 00:00:00,2026,682243,3.0,4.781112194061279,0.6629499793052673,0.7410442132703307,0.5709371000896607,0.39158790945303784,0.24104761916904544,0.25895578672966935,0.4290628999103393,0.6084120905469621,0.7589523808309546
824488,2026-07-30 00:00:00,2026,682995,2.0,2.828429698944092,0.5592884421348572,0.403062212791259,0.2244080524866335,0.10123014769403627,0.062191157875720625,0.596937787208741,0.7755919475133665,0.8987698523059637,0.9378088421242794
823344,2026-08-16 00:00:00,2026,682995,4.0,2.490978527069092,0.5213234424591064,0.32813586165582737,0.16616494524942113,0.06743966251848978,0.04533243980981829,0.6718641383441726,0.8338350547505788,0.9325603374815102,0.9546675601901817
824981,2026-07-17 00:00:00,2026,683000,5.0,2.141200399398804,0.48924243450164795,0.24866859871712124,0.11064071483538528,0.03899272194362279,0.029914125450405737,0.7513314012828788,0.8893592851646147,0.9610072780563772,0.9700858745495943
822706,2026-07-26 00:00:00,2026,683000,0.0,3.0637453079223635,0.7776007652282715,0.45374278435857207,0.26657509902600174,0.12778709622240964,0.07496119969159719,0.5462572156414279,0.7334249009739983,0.8722129037775903,0.9250388003084028
823360,2026-07-08 00:00:00,2026,683003,8.0,6.1761342048645025,0.6748307347297668,0.8697542574212505,0.7466126332976105,0.5986142000002307,0.48088737328191133,0.13024574257874955,0.2533873667023895,0.4013857999997693,0.5191126267180887
824414,2026-07-18 00:00:00,2026,683003,9.0,5.59724006652832,0.6131500005722046,0.8262952326356165,0.6830280593775038,0.51822324260882,0.3706383925314097,0.17370476736438345,0.31697194062249623,0.48177675739118,0.6293616074685904
823352,2026-07-24 00:00:00,2026,683003,5.0,7.030103397369385,0.7378877401351929,0.9181133711262143,0.8231913706915305,0.702451283896528,0.6520038787668186,0.08188662887378573,0.17680862930846952,0.297548716103472,0.34799612123318135
823351,2026-07-29 00:00:00,2026,683003,5.0,6.69537582397461,0.7166820764541626,0.9021516526697716,0.7965929638795389,0.6648392003043625,0.5860760689877778,0.0978483473302284,0.20340703612046107,0.3351607996956375,0.41392393101222225
823756,2026-08-04 00:00:00,2026,683003,4.0,6.545054340362549,0.6545286178588867,0.8931624567357789,0.7825190319610642,0.6460086325822104,0.5552244340562188,0.10683754326422112,0.2174809680389358,0.3539913674177896,0.4447755659437812
823345,2026-08-09 00:00:00,2026,683003,3.0,6.819427490234376,0.6926156878471375,0.9072064212054717,0.8054163708648155,0.677887578139818,0.6098254440516758,0.09279357879452832,0.19458362913518445,0.32211242186018196,0.3901745559483242
823347,2026-08-15 00:00:00,2026,683003,7.0,6.142897987365723,0.609564483165741,0.8669796854879097,0.7426932697625231,0.5938424477505253,0.4742162812050049,0.1330203145120903,0.25730673023747686,0.4061575522494747,0.5257837187949951
822704,2026-07-25 00:00:00,2026,683352,3.0,3.7485733032226562,0.7301206588745117,0.5878481034718691,0.3953767516942754,0.2247021359279949,0.12548360363137046,0.4121518965281309,0.6046232483057246,0.7752978640720051,0.8745163963686295
824407,2026-07-31 00:00:00,2026,683352,2.0,2.73030686378479,0.47452595829963684,0.38133881852256035,0.20636311452655323,0.09000353024534297,0.056507157130659895,0.6186611814774396,0.7936368854734468,0.909996469754657,0.9434928428693401
825052,2026-08-05 00:00:00,2026,683352,9.0,3.258580255508423,0.5313333868980408,0.4937694144590219,0.304267936433121,0.1550337182665432,0.08907348598405089,0.5062305855409781,0.695732063566879,0.8449662817334568,0.9109265140159492
825046,2026-08-11 00:00:00,2026,683352,4.0,4.940339374542237,0.6170855760574341,0.7590219320001458,0.5941537794386224,0.41710703300578783,0.26412651865309256,0.24097806799985422,0.40584622056137765,0.5828929669942122,0.7358734813469074
824725,2026-08-17 00:00:00,2026,683352,0.0,3.807998275756836,0.4984799325466156,0.5959795363780501,0.40682387913758905,0.23676516938373382,0.13372441234139162,0.4040204636219499,0.5931761208624109,0.7632348306162662,0.8662755876586083
824489,2026-07-28 00:00:00,2026,683742,2.0,2.5624726295471194,0.6270442008972168,0.343848903066228,0.17729405298935522,0.07325365798411804,0.04813220926849134,0.656151096933772,0.8227059470106448,0.9267463420158819,0.9518677907315086
824493,2026-07-10 00:00:00,2026,684007,5.0,3.628458881378174,0.41878542304039,0.5643798778511514,0.3738826578578086,0.2091286399279161,0.11796248823540785,0.4356201221488486,0.6261173421421914,0.7908713600720839,0.8820375117645921
824653,2026-07-19 00:00:00,2026,684007,4.0,4.347874641418457,0.46702197194099426,0.6797969405747408,0.500412470579387,0.32299909244404207,0.18975992572348202,0.3202030594252592,0.499587529420613,0.677000907555958,0.810240074276518
823355,2026-07-25 00:00:00,2026,684007,4.0,4.238343906402588,0.5633559823036194,0.6669651387758305,0.4829047943826552,0.30366369530522774,0.17462384127596273,0.3330348612241695,0.5170952056173448,0.6963363046947723,0.8253761587240372
824651,2026-07-31 00:00:00,2026,684007,6.0,5.422918796539307,0.6279249787330627,0.8100220727382984,0.6608232052852869,0.4920574109639636,0.3402007484047425,0.1899779272617016,0.33917679471471307,0.5079425890360364,0.6597992515952575
824646,2026-08-05 00:00:00,2026,684007,6.0,5.146357727050781,0.5774620771408081,0.7820638835210038,0.623674397202247,0.44953689576674977,0.2950319282764098,0.21793611647899624,0.37632560279775296,0.5504631042332502,0.7049680717235902
822697,2026-08-11 00:00:00,2026,684007,5.0,4.564129734039307,0.5278989672660828,0.7114306972090285,0.5361749503994586,0.35702410932117395,0.21406152886475246,0.2885693027909715,0.4638250496005414,0.6429758906788261,0.7859384711352475
824641,2026-08-17 00:00:00,2026,684007,10.0,4.4576576232910154,0.48247894644737244,0.6964168755821396,0.5188105431202295,0.34008884260084976,0.20153730642963116,0.3035831244178604,0.48118945687977055,0.6599111573991503,0.7984626935703688
825053,2026-08-06 00:00:00,2026,684442,1.0,3.364197540283203,0.4980890452861786,0.5140041042906759,0.32528404269381483,0.17191846929872592,0.09845474902693208,0.4859958957093241,0.6747159573061852,0.8280815307012741,0.9015452509730679
823200,2026-07-10 00:00:00,2026,685299,1.0,3.781877899169922,0.3952111601829529,0.5895908593187665,0.4024966089080692,0.23503557634334032,0.13382212716043076,0.41040914068123346,0.5975033910919307,0.7649644236566597,0.8661778728395693
824330,2026-07-19 00:00:00,2026,685299,2.0,3.6313344955444338,0.4405929744243622,0.5640505269554614,0.3748364151991656,0.21092048407290143,0.1195011804270118,0.43594947304453857,0.6251635848008343,0.7890795159270986,0.8804988195729881
824324,2026-08-03 00:00:00,2026,685299,3.0,2.761120223999024,0.5327916741371155,0.38847132491544434,0.21324654031625634,0.09483279832979304,0.0592445833626165,0.6115286750845557,0.7867534596837437,0.9051672016702069,0.9407554166373835
823020,2026-08-09 00:00:00,2026,685299,2.0,3.1846757411956785,0.3837459087371826,0.47818371864195003,0.29218554314753736,0.14798297891815945,0.08629702892417129,0.52181628135805,0.7078144568524627,0.8520170210818405,0.9137029710758287
823184,2026-08-15 00:00:00,2026,685299,4.0,3.332555723190308,0.4186389148235321,0.5080252838617391,0.3190563606813753,0.16687225133103356,0.09563950654692945,0.49197471613826094,0.6809436393186248,0.8331277486689664,0.9043604934530706
823925,2026-07-12 00:00:00,2026,686218,7.0,4.87824821472168,0.5606093406677246,0.7506985095467006,0.5843626444275377,0.40729433773986506,0.2559274956310768,0.2493014904532994,0.4156373555724623,0.592705662260135,0.7440725043689231
823436,2026-07-20 00:00:00,2026,686218,6.0,5.552171897888184,0.5921705365180969,0.8207182502821055,0.6761449209685404,0.5109620798347138,0.3630552161793484,0.17928174971789446,0.3238550790314596,0.48903792016528624,0.6369447838206517
823599,2026-07-26 00:00:00,2026,686218,5.0,5.002164268493653,0.5843362212181091,0.7647201808766159,0.6022588546206226,0.4268518327212221,0.27399857208090056,0.23527981912338414,0.39774114537937744,0.5731481672787779,0.7260014279190994
823919,2026-08-02 00:00:00,2026,686218,4.0,6.1976544380188,0.6703985929489136,0.8701085193489232,0.7476676594685354,0.600648420630872,0.4849234359676346,0.1298914806510768,0.2523323405314646,0.399351579369128,0.5150765640323653
822878,2026-07-10 00:00:00,2026,686613,4.0,6.234152030944824,0.5878416299819946,0.8729465818636687,0.7517551395176976,0.6057285964213859,0.49226170018070764,0.1270534181363313,0.24824486048230243,0.3942714035786141,0.5077382998192923
824168,2026-07-19 00:00:00,2026,686613,4.0,6.220166778564453,0.6826532483100891,0.8745166674507535,0.7529541234648386,0.6057814218252933,0.4900786354419707,0.12548333254924648,0.2470458765351614,0.39421857817470674,0.5099213645580293
824571,2026-07-25 00:00:00,2026,686613,7.0,5.203410911560059,0.5289303660392761,0.7867950131713213,0.630626863117957,0.4582047743423578,0.30466063867893806,0.21320498682867872,0.369373136882043,0.5417952256576422,0.6953393613210619
824164,2026-07-31 00:00:00,2026,686613,5.0,5.914719772338867,0.6583849191665649,0.852180773533383,0.7199882518522911,0.5638200065494369,0.4298106135105125,0.14781922646661705,0.2800117481477089,0.43617999345056313,0.5701893864894876
824158,2026-08-05 00:00:00,2026,686613,8.0,5.915061378479004,0.7260000705718994,0.8531355514490649,0.7209176669984431,0.5644120599012301,0.4298392488439227,0.14686444855093506,0.27908233300155694,0.4355879400987699,0.5701607511560773
823186,2026-08-11 00:00:00,2026,686613,4.0,5.967874050140381,0.6511886715888977,0.8567420621554143,0.726388218208547,0.5715619938394257,0.44008870299990854,0.14325793784458574,0.27361178179145296,0.42843800616057426,0.5599112970000915
824156,2026-08-16 00:00:00,2026,686613,5.0,7.228125190734863,0.8786187171936035,0.9271396534023859,0.8384556312225214,0.72416499194126,0.6902134613754866,0.07286034659761409,0.16154436877747858,0.27583500805873995,0.30978653862451344
823203,2026-07-07 00:00:00,2026,686790,0.0,4.540122222900391,0.5368683338165283,0.7071844884894332,0.5318943766491434,0.3534818152169774,0.21190779332102852,0.29281551151056684,0.4681056233508566,0.6465181847830226,0.7880922066789715
823199,2026-07-12 00:00:00,2026,686790,4.0,3.9114950180053714,0.5453099608421326,0.6130191116864985,0.42548234925388645,0.2533583421523976,0.14381806760941337,0.3869808883135015,0.5745176507461136,0.7466416578476024,0.8561819323905866
824087,2026-07-20 00:00:00,2026,686790,3.0,3.0620357036590575,0.3986935317516327,0.45295865823936116,0.26991169933170106,0.13273422790168243,0.07874503542699512,0.5470413417606388,0.730088300668299,0.8672657720983176,0.9212549645730048
823679,2026-07-25 00:00:00,2026,686930,2.0,2.4528886795043947,0.46420228481292725,0.32008287411018316,0.16097731935288676,0.06501132370334152,0.0442788564688739,0.6799171258898169,0.8390226806471133,0.9349886762966585,0.9557211435311261
824974,2026-07-30 00:00:00,2026,686930,6.0,2.8871376514434814,0.616290271282196,0.4160191418104683,0.23682507513783424,0.11006246079731012,0.067060514577991,0.5839808581895317,0.7631749248621658,0.8899375392026899,0.932939485422009
824481,2026-08-06 00:00:00,2026,686930,7.0,3.275585746765137,0.531188428401947,0.49687324618964834,0.308139896885649,0.15853652124796802,0.09120314375516123,0.5031267538103517,0.691860103114351,0.841463478752032,0.9087968562448387
824970,2026-08-11 00:00:00,2026,686930,0.0,4.329043292999268,0.6701802611351013,0.679689370881326,0.498095004075496,0.3187043671358127,0.1853131374305193,0.32031062911867403,0.501904995924504,0.6812956328641873,0.8146868625694808
824077,2026-08-17 00:00:00,2026,686930,2.0,3.4242959022521973,0.48872509598731995,0.5260202156674589,0.3360088010603464,0.17942841286861738,0.10206730583482046,0.47397978433254107,0.6639911989396536,0.8205715871313826,0.8979326941651795
824817,2026-07-10 00:00:00,2026,687064,5.0,5.174485969543457,0.6336660385131836,0.7846963838031638,0.6273257878394194,0.45386668550190723,0.2996157920059891,0.21530361619683624,0.3726742121605806,0.5461333144980928,0.7003842079940109
824168,2026-07-19 00:00:00,2026,687064,7.0,5.230382347106934,0.6474576592445374,0.7919999494854292,0.6360627324573358,0.46278507742446806,0.3077809964479292,0.20800005051457082,0.3639372675426642,0.5372149225755319,0.6922190035520708
824811,2026-07-25 00:00:00,2026,687064,6.0,4.448576641082764,0.5402044057846069,0.6969030783368192,0.5179985766437909,0.3379567897301765,0.19900346697160853,0.3030969216631808,0.4820014233562091,0.6620432102698235,0.8009965330283915
824809,2026-07-31 00:00:00,2026,687064,5.0,4.541268348693848,0.5843501687049866,0.7097793381860273,0.5331337745230118,0.3529101581534917,0.21010782492113997,0.29022066181397266,0.4668662254769882,0.6470898418465083,0.78989217507886
824804,2026-08-06 00:00:00,2026,687064,4.0,5.045474147796631,0.6406019926071167,0.7728486699684702,0.6106248907417291,0.43382503845945714,0.2785383780692644,0.22715133003152976,0.3893751092582709,0.5661749615405429,0.7214616219307356
823673,2026-08-11 00:00:00,2026,687064,4.0,4.56544303894043,0.6349748373031616,0.7136251543980463,0.5372838362833225,0.3566453212465909,0.21263531656999005,0.2863748456019537,0.46271616371667745,0.6433546787534091,0.78736468343001
822939,2026-08-17 00:00:00,2026,687064,3.0,4.692468738555908,0.6488098502159119,0.7312250346454973,0.5579122807701092,0.37703678697368376,0.22820306374817415,0.26877496535450274,0.44208771922989076,0.6229632130263163,0.7717969362518259
823357,2026-07-11 00:00:00,2026,687075,3.0,6.0465113639831545,0.669867217540741,0.8614316728820471,0.7338360640919341,0.5817039857967918,0.4554053914104724,0.13856832711795286,0.26616393590806586,0.41829601420320817,0.5445946085895276
823760,2026-07-21 00:00:00,2026,687075,4.0,6.206370830535889,0.7319244146347046,0.8736630424193021,0.7516272637673252,0.6040053354218533,0.48732066780584915,0.12633695758069785,0.24837273623267475,0.3959946645781467,0.5126793321941508
823195,2026-07-27 00:00:00,2026,687075,5.0,5.880187702178955,0.6531351804733276,0.8496499704385507,0.716248777714387,0.5590452600249526,0.4231759006889549,0.15035002956144927,0.283751222285613,0.4409547399750474,0.5768240993110452
823757,2026-08-03 00:00:00,2026,687075,4.0,6.164410877227783,0.7581741213798523,0.8712639019160762,0.7477866474869552,0.5987316134015286,0.4789886866716933,0.12873609808392383,0.2522133525130448,0.4012683865984714,0.5210113133283067
824327,2026-07-22 00:00:00,2026,687312,5.0,3.784351253509522,0.43799465894699097,0.5906646589525447,0.402803213708732,0.23462571416576064,0.13320436958914558,0.4093353410474553,0.5971967862912679,0.7653742858342394,0.8667956304108544
823273,2026-07-29 00:00:00,2026,687312,2.0,4.412443161010742,0.42617297172546387,0.6888652331142973,0.5109823477703859,0.33334967329264586,0.197267404502062,0.31113476688570274,0.48901765222961413,0.6666503267073541,0.802732595497938
824321,2026-08-04 00:00:00,2026,687312,7.0,3.639348125457764,0.5689327120780945,0.5664770538369126,0.37583628341227754,0.21057623663392708,0.11868612802873081,0.4335229461630874,0.6241637165877225,0.7894237633660729,0.8813138719712692
825048,2026-08-10 00:00:00,2026,687312,3.0,3.7778319358825687,0.4960901141166687,0.5907623695826618,0.40134691935143535,0.23211152177620517,0.13103017036926032,0.4092376304173382,0.5986530806485646,0.7678884782237948,0.8689698296307397
823182,2026-08-16 00:00:00,2026,687312,2.0,4.0944005966186525,0.5296973586082458,0.6431508184710628,0.45773534404362737,0.2817107621699124,0.1611265316694913,0.3568491815289372,0.5422646559563726,0.7182892378300876,0.8388734683305087
823843,2026-07-24 00:00:00,2026,687473,4.0,3.5945436477661135,0.5422454476356506,0.5575967021070136,0.3679448350584637,0.2050501044201014,0.11610553176587976,0.4424032978929864,0.6320551649415362,0.7949498955798986,0.8838944682341202
823837,2026-07-29 00:00:00,2026,687473,3.0,3.510675764083863,0.5649172067642212,0.5424371630734313,0.35213255844149827,0.19195192570094483,0.10872813888653464,0.45756283692656874,0.6478674415585017,0.8080480742990552,0.8912718611134653
824888,2026-08-04 00:00:00,2026,687473,5.0,3.435236930847168,0.5031763911247253,0.5280847318180639,0.33809565563792515,0.18108747342126436,0.10297065785774835,0.4719152681819361,0.6619043443620749,0.8189125265787356,0.8970293421422516
823835,2026-08-09 00:00:00,2026,687473,4.0,4.156493282318115,0.5587249398231506,0.6537538400106699,0.46865592721930543,0.2909572896558728,0.16660260478877675,0.34624615998933006,0.5313440727806946,0.7090427103441272,0.8333973952112232
824480,2026-08-15 00:00:00,2026,687473,6.0,4.439931774139405,0.48581814765930176,0.6941895532872986,0.516013635882134,0.3371550156881926,0.1992444491513666,0.3058104467127014,0.483986364117866,0.6628449843118074,0.8007555508486334
824578,2026-07-08 00:00:00,2026,687562,4.0,4.753961277008057,0.47171294689178467,0.7350995206180742,0.565384296604243,0.38758937268475396,0.2391835628417577,0.26490047938192585,0.43461570339575695,0.6124106273152461,0.7608164371582423
824766,2026-07-17 00:00:00,2026,687562,3.0,3.8455021858215335,0.4257833659648895,0.6011835824516123,0.4137665930296395,0.2439251257175116,0.1386156665584747,0.3988164175483877,0.5862334069703605,0.7560748742824884,0.8613843334415253
824735,2026-07-22 00:00:00,2026,687562,4.0,5.5029541015625,0.6076797246932983,0.8167471553012574,0.6704113749582158,0.5038347305759461,0.35427857464759227,0.1832528446987426,0.3295886250417842,0.4961652694240539,0.6457214253524077
824976,2026-07-28 00:00:00,2026,687562,4.0,3.8913515090942385,0.4391815960407257,0.6088689297613442,0.42194621607990346,0.25103194195879036,0.14286453112320863,0.3911310702386558,0.5780537839200965,0.7489680580412097,0.8571354688767914
823919,2026-08-02 00:00:00,2026,687562,4.0,4.148384284973145,0.5160684585571289,0.6507068287844131,0.46693804490088936,0.2908892347617356,0.16753128284588728,0.3492931712155869,0.5330619550991107,0.7091107652382644,0.8324687171541127
824726,2026-08-08 00:00:00,2026,687562,5.0,4.105161380767822,0.5033937096595764,0.6447013757301503,0.4595877886065279,0.283524741071124,0.1623657143927997,0.3552986242698497,0.5404122113934722,0.716475258928876,0.8376342856072003
823346,2026-08-14 00:00:00,2026,687562,6.0,4.764005088806153,0.5125699043273926,0.737729814024088,0.5676661265701743,0.3889993055053694,0.23956278439907075,0.262270185975912,0.43233387342982565,0.6110006944946307,0.7604372156009293
823684,2026-07-08 00:00:00,2026,687570,6.0,5.180804061889649,0.6464779376983643,0.7850697259153049,0.62798815980239,0.4548056207648904,0.30076162146955354,0.21493027408469512,0.37201184019761,0.5451943792351096,0.6992383785304465
823678,2026-07-26 00:00:00,2026,687570,5.0,4.884044551849366,0.5731595158576965,0.7531677436079554,0.5862855551446012,0.40812268561822845,0.25558936161774715,0.24683225639204465,0.41371444485539877,0.5918773143817715,0.7444106383822529
823109,2026-08-01 00:00:00,2026,687570,5.0,6.042807579040528,0.7430078983306885,0.8633089881109576,0.7355732931239464,0.5826075886315238,0.45483600255017703,0.13669101188904242,0.26442670687605363,0.41739241136847616,0.545163997449823
823751,2026-08-09 00:00:00,2026,687570,7.0,6.747113037109376,0.7985381484031677,0.905477268456422,0.8017346268213998,0.6715923568669757,0.5969879324031312,0.09452273154357804,0.19826537317860016,0.3284076431330243,0.4030120675968688
823671,2026-08-15 00:00:00,2026,687570,6.0,5.79250020980835,0.6499729156494141,0.8424000721132762,0.7059609841539908,0.5464336026332979,0.40658790067586015,0.15759992788672383,0.2940390158460092,0.4535663973667021,0.5934120993241399
823272,2026-07-31 00:00:00,2026,687931,3.0,4.6680260658264165,0.4699380695819855,0.7235956978603505,0.5518332978698475,0.37400560640931474,0.22832621712472567,0.2764043021396495,0.44816670213015253,0.6259943935906853,0.7716737828752743
822866,2026-08-05 00:00:00,2026,687931,4.0,3.7128818511962893,0.557591438293457,0.5794510855312602,0.38946413125757534,0.22204604941733197,0.12523233798777147,0.42054891446873977,0.6105358687424247,0.777953950582668,0.8747676620122286
823186,2026-08-11 00:00:00,2026,687931,2.0,4.365139961242676,0.5022604465484619,0.682203291134066,0.5032395068557829,0.32578426120814225,0.19178146517530173,0.31779670886593403,0.4967604931442171,0.6742157387918577,0.8082185348246983
824398,2026-08-18 00:00:00,2026,687931,1.0,4.117942428588867,0.5430954694747925,0.6466172863616789,0.46179070525825744,0.2856123168656261,0.1637559468421213,0.3533827136383211,0.5382092947417425,0.7143876831343738,0.8362440531578788
823035,2026-07-07 00:00:00,2026,688107,4.0,4.316591072082519,0.36058467626571655,0.6748029513547263,0.4950829192428008,0.3182462865775503,0.186661000610842,0.32519704864527366,0.5049170807571992,0.6817537134224497,0.813338999389158
823358,2026-07-12 00:00:00,2026,688107,3.0,5.948931407928468,0.6072219610214233,0.854069303059191,0.7230965684807278,0.5681710578345518,0.43641517154141724,0.14593069694080896,0.2769034315192722,0.4318289421654482,0.5635848284585827
823764,2026-07-19 00:00:00,2026,688107,5.0,5.042519187927247,0.5049065947532654,0.7676065259401028,0.6069519634701533,0.4330756617658375,0.2809185058137705,0.2323934740598972,0.39304803652984666,0.5669243382341624,0.7190814941862296
823758,2026-07-25 00:00:00,2026,688107,4.0,5.782794094085694,0.5927039980888367,0.8400620890560324,0.7034192715684056,0.5442595700063205,0.4049803429112242,0.1599379109439676,0.29658072843159444,0.4557404299936795,0.5950196570887758
824000,2026-08-01 00:00:00,2026,688107,6.0,5.683065509796143,0.6231422424316406,0.8332995376150839,0.6930624969282121,0.5306302468624885,0.38629896113357043,0.1667004623849161,0.3069375030717879,0.4693697531375115,0.6137010388664296
823752,2026-08-08 00:00:00,2026,688107,3.0,4.5152019500732425,0.6238012313842773,0.705567802679512,0.5286401479435507,0.34891507503176705,0.20745220497063213,0.294432197320488,0.47135985205644926,0.6510849249682329,0.7925477950293679
823913,2026-08-14 00:00:00,2026,688107,7.0,4.818555068969727,0.4929163455963135,0.7414787926003116,0.5742765863444474,0.3980013649925615,0.2489888660760713,0.2585212073996884,0.42572341365555255,0.6019986350074384,0.7510111339239287
823747,2026-08-20 00:00:00,2026,688107,4.0,4.827480030059815,0.5250842571258545,0.7435067865159404,0.5761513277915861,0.39932480151741245,0.24957816332509192,0.2564932134840596,0.42384867220841393,0.6006751984825875,0.750421836674908
824327,2026-07-22 00:00:00,2026,688642,1.0,2.1120869159698485,0.48827022314071655,0.24255027584199737,0.10702147862775326,0.03744327624170049,0.029100386966289343,0.7574497241580026,0.8929785213722468,0.9625567237582995,0.9708996130337106
825048,2026-08-10 00:00:00,2026,688642,1.0,2.1277963638305666,0.4893205761909485,0.2461968232171581,0.10944595596304942,0.03861200552373474,0.02979414255927412,0.7538031767828419,0.8905540440369506,0.9613879944762652,0.9702058574407258
824566,2026-08-07 00:00:00,2026,689818,4.0,4.349936008453369,0.5390578508377075,0.6818623877575247,0.5013211789534249,0.3224890151398202,0.18843740276893164,0.3181376122424753,0.4986788210465751,0.6775109848601798,0.8115625972310684
823035,2026-07-07 00:00:00,2026,690928,4.0,4.323711776733399,0.49160176515579224,0.6765768351847696,0.4964918902042886,0.3190177331567479,0.1868029365731701,0.32342316481523037,0.5035081097957115,0.6809822668432521,0.81319706342683
824004,2026-07-22 00:00:00,2026,690928,5.0,4.521848011016846,0.5569150447845459,0.707245734250334,0.5300396324334529,0.34973319135181696,0.20763954617286995,0.292754265749666,0.46996036756654713,0.6502668086481831,0.79236045382713
823025,2026-07-27 00:00:00,2026,690928,4.0,4.698297786712646,0.4275347590446472,0.7249584104287713,0.5552289588477674,0.37926400567374974,0.23405170750716567,0.2750415895712287,0.44477104115223265,0.6207359943262503,0.7659482924928344
823517,2026-08-04 00:00:00,2026,690928,4.0,5.811960792541504,0.8059887886047363,0.8460306347421775,0.7101192455875994,0.5502961708602252,0.40999704944309245,0.15396936525782245,0.2898807544124006,0.4497038291397748,0.5900029505569075
823018,2026-08-10 00:00:00,2026,690928,6.0,4.7044394493103034,0.7530979514122009,0.731269544091979,0.5590218931463972,0.37925903832854385,0.230874431946638,0.268730455908021,0.44097810685360284,0.6207409616714561,0.769125568053362
824642,2026-08-16 00:00:00,2026,690928,7.0,4.2845314025878904,0.5414479970932007,0.6725118740297432,0.49041269908241036,0.31187314183060266,0.180931997173997,0.3274881259702568,0.5095873009175896,0.6881268581693973,0.819068002826003
823032,2026-07-08 00:00:00,2026,690986,2.0,4.239139652252197,0.4417860507965088,0.6639188891088286,0.4822680494474884,0.305654693935672,0.1776834240404984,0.33608111089117143,0.5177319505525115,0.694345306064328,0.8223165759595016
823753,2026-08-05 00:00:00,2026,690986,10.0,5.731964206695557,0.7827199101448059,0.8384602294671376,0.6998154460359653,0.5382231940335733,0.39511505903155303,0.1615397705328624,0.30018455396403465,0.4617768059664267,0.6048849409684469
823264,2026-08-11 00:00:00,2026,690986,3.0,5.875055503845215,0.6872824430465698,0.847398539990504,0.7139270738473149,0.5572865207940814,0.4223147090533162,0.15260146000949604,0.2860729261526851,0.44271347920591864,0.5776852909466839
823749,2026-08-18 00:00:00,2026,690986,8.0,5.882189464569092,0.6838066577911377,0.8467078958167545,0.7135557087502609,0.5575864711230112,0.42373771800818394,0.15329210418324546,0.28644429124973914,0.4424135288769888,0.5762622819918161
823604,2026-07-10 00:00:00,2026,690997,7.0,5.72628927230835,0.6156753301620483,0.8370520404093301,0.6983023964543061,0.5369552738964015,0.39423274374966594,0.16294795959066988,0.30169760354569386,0.4630447261035985,0.605767256250334
823439,2026-07-19 00:00:00,2026,690997,10.0,6.060252571105957,0.6782552599906921,0.8639902267891015,0.7368701541915441,0.5846237618056037,0.45824103900979046,0.13600977321089847,0.2631298458084559,0.4153762381943963,0.5417589609902096
823600,2026-07-25 00:00:00,2026,690997,7.0,6.103841114044189,0.7042661309242249,0.8669706014477977,0.7413722852171566,0.5904863476656043,0.46687923018864264,0.1330293985522023,0.2586277147828434,0.40951365233439574,0.5331207698113574
823595,2026-07-30 00:00:00,2026,690997,6.0,5.753052902221681,0.6337469816207886,0.8394817977167557,0.7016439903125946,0.5409223007097418,0.3991639670462804,0.16051820228324432,0.2983560096874054,0.4590776992902582,0.6008360329537197
824401,2026-08-06 00:00:00,2026,690997,8.0,5.386389923095703,0.6554994583129883,0.8084101089231875,0.6575735167192127,0.48703550632883563,0.33323089341115136,0.19158989107681246,0.3424264832807873,0.5129644936711644,0.6667691065888486
824886,2026-08-11 00:00:00,2026,690997,3.0,6.1085710525512695,0.6635513305664062,0.8673531476592319,0.7419221953298396,0.5911642789003452,0.4678263029420446,0.13264685234076812,0.2580778046701604,0.4088357210996548,0.5321736970579554
823589,2026-08-17 00:00:00,2026,690997,3.0,6.313531875610352,0.8586861491203308,0.8818380082929748,0.7635934462143997,0.6190313457575753,0.5093351405822961,0.11816199170702524,0.23640655378560027,0.38096865424242465,0.4906648594177039
823844,2026-07-11 00:00:00,2026,691587,6.0,6.508024787902832,0.7487872838973999,0.892481166058118,0.7807845473252392,0.6427842601596062,0.5485064556063629,0.107518833941882,0.21921545267476084,0.3572157398403938,0.4514935443936371
823764,2026-07-19 00:00:00,2026,691587,9.0,6.1753129959106445,0.8045311570167542,0.8727748861819118,0.749703454250141,0.6007553671375032,0.4813248735436321,0.1272251138180882,0.25029654574985905,0.3992446328624968,0.5186751264563678
823841,2026-07-25 00:00:00,2026,691587,2.0,7.255536365509034,0.698205828666687,0.927483788704319,0.8393767310504712,0.7259676311276695,0.6942529464989582,0.07251621129568098,0.16062326894952883,0.2740323688723305,0.3057470535010418
823595,2026-07-30 00:00:00,2026,691587,6.0,7.303349494934082,0.8414990901947021,0.9318268281444944,0.8459893759327372,0.7342004402804213,0.7064316052280293,0.06817317185550564,0.15401062406726285,0.2657995597195787,0.2935683947719707
824889,2026-08-05 00:00:00,2026,691587,9.0,7.048484802246094,0.8440831303596497,0.92128309022229,0.8275866215390842,0.7073409216161696,0.6582203472335215,0.07871690977770995,0.17241337846091576,0.29265907838383043,0.3417796527664785
823832,2026-08-11 00:00:00,2026,691587,7.0,7.058810234069824,0.8648117184638977,0.921317393287369,0.8278254850725736,0.7079408296306392,0.6597405556109327,0.07868260671263105,0.17217451492742641,0.2920591703693608,0.3402594443890673
824477,2026-08-16 00:00:00,2026,691587,5.0,6.168576622009278,0.8080847859382629,0.8738813488733442,0.7506342470156295,0.6010016385217871,0.4802580438980299,0.12611865112665577,0.24936575298437047,0.3989983614782129,0.51974195610197
824809,2026-07-31 00:00:00,2026,691725,6.0,3.9676356315612793,0.47579509019851685,0.6220576326796773,0.43544953120416596,0.26234448793160736,0.14940512738465891,0.3779423673203227,0.564550468795834,0.7376555120683926,0.8505948726153411
823429,2026-08-05 00:00:00,2026,691725,4.0,4.553823566436767,0.6180310845375061,0.7104609653341474,0.5347098557018377,0.3552437706212516,0.21245859332269063,0.2895390346658526,0.4652901442981623,0.6447562293787483,0.7875414066773094
823018,2026-08-10 00:00:00,2026,691725,6.0,3.9748715400695804,0.5659541487693787,0.6245181658345992,0.4367449409467014,0.26231182573940015,0.14867845199540136,0.3754818341654008,0.5632550590532985,0.7376881742605998,0.8513215480045986
823670,2026-08-16 00:00:00,2026,691725,2.0,4.5066958427429205,0.5556573867797852,0.703344217107854,0.5268244806440748,0.3479018067407753,0.20727825490827262,0.296655782892146,0.47317551935592517,0.6520981932592247,0.7927217450917274
823836,2026-08-07 00:00:00,2026,691946,3.0,4.192877674102784,0.7211978435516357,0.6606800427969783,0.47521006709990493,0.2959244371591079,0.16913784243437027,0.33931995720302166,0.5247899329000951,0.7040755628408921,0.8308621575656298
823994,2026-08-12 00:00:00,2026,691946,5.0,5.462427043914795,0.8372578024864197,0.8162766948918742,0.6679559890604354,0.49882055172427114,0.34606785442196153,0.18372330510812585,0.3320440109395646,0.5011794482757288,0.6539321455780385
824154,2026-08-18 00:00:00,2026,691946,7.0,5.157326412200928,0.6847821474075317,0.7847217049327768,0.6262518206765727,0.4514386410546723,0.2959583927591775,0.21527829506722318,0.3737481793234273,0.5485613589453278,0.7040416072408224
823847,2026-07-07 00:00:00,2026,693433,5.0,6.317650604248048,0.6112323999404907,0.8798690627591672,0.761602800285395,0.6177541233834986,0.5094290654422015,0.12013093724083279,0.23839719971460505,0.38224587661650145,0.49057093455779854
823116,2026-07-18 00:00:00,2026,693433,7.0,5.984317016601563,0.6593218445777893,0.8569871844222595,0.7272322462417171,0.5732349102753334,0.44327095118596077,0.14301281557774048,0.2727677537582829,0.42676508972466665,0.5567290488140393
822869,2026-07-25 00:00:00,2026,693433,5.0,5.776131248474121,0.5672659277915955,0.8400282219218634,0.7031119736548197,0.5435659839503726,0.40366866779945765,0.15997177807813656,0.2968880263451803,0.4564340160496274,0.5963313322005424
823921,2026-07-30 00:00:00,2026,693433,8.0,5.10888090133667,0.48888203501701355,0.7780906013961645,0.6184714778725141,0.44368651868803355,0.2891936528435745,0.22190939860383552,0.3815285221274859,0.5563134813119665,0.7108063471564254
823106,2026-08-05 00:00:00,2026,693433,5.0,6.357072257995606,0.7762933373451233,0.8845119359081178,0.7677717836302164,0.6246274179225465,0.5181939818279987,0.11548806409188217,0.23222821636978364,0.3753725820774535,0.4818060181720013
823512,2026-08-11 00:00:00,2026,693433,5.0,6.29917974472046,0.7860085964202881,0.8805213402915407,0.7617505453878529,0.6168352233836356,0.506285324921115,0.11947865970845928,0.23824945461214708,0.3831647766163644,0.493714675078885
824156,2026-08-16 00:00:00,2026,693433,5.0,6.084918022155762,0.7782516479492188,0.8674949351760549,0.7412545270763218,0.5891858256890267,0.46332105707310595,0.13250506482394508,0.2587454729236782,0.41081417431097333,0.5366789429268941
822958,2026-07-06 00:00:00,2026,693645,8.0,5.933367824554443,0.7497891187667847,0.8566466163524148,0.7250006783819029,0.5682453048303236,0.43332735829590013,0.1433533836475852,0.27499932161809715,0.43175469516967635,0.5666726417040999
822711,2026-07-11 00:00:00,2026,693645,6.0,6.300973606109619,0.7388641834259033,0.8816921232695131,0.7630601113482217,0.6179219873946707,0.5069846717082735,0.11830787673048693,0.23693988865177829,0.38207801260532925,0.49301532829172645
823523,2026-07-19 00:00:00,2026,693645,8.0,6.42915153503418,0.8003761172294617,0.889333191609606,0.7751263270867668,0.6342262903099103,0.5331187578981912,0.110666808390394,0.22487367291323324,0.3657737096900897,0.4668812421018088
823434,2026-07-24 00:00:00,2026,693645,12.0,6.66643238067627,0.8859036564826965,0.9035181862793188,0.7975212695816468,0.664358880991593,0.5822990016903499,0.09648181372068121,0.20247873041835318,0.335641119008407,0.41770099830965013
824567,2026-07-29 00:00:00,2026,693645,8.0,6.242721366882325,0.7553304433822632,0.8780294404599888,0.7573625985906343,0.6103255170600748,0.49514095685438736,0.12197055954001124,0.24263740140936574,0.38967448293992524,0.5048590431456126
823520,2026-08-03 00:00:00,2026,693645,6.0,7.156335830688477,0.9623130559921265,0.9272267089172597,0.8373248731136657,0.7206670402298174,0.6806589320560597,0.07277329108274033,0.16267512688633434,0.2793329597701826,0.31934106794394035
823513,2026-08-09 00:00:00,2026,693645,11.0,7.562059020996094,0.9320390224456787,0.9414263923440541,0.8632649288011963,0.759917147847511,0.7523166149834033,0.05857360765594588,0.13673507119880368,0.24008285215248903,0.2476833850165967
822775,2026-08-15 00:00:00,2026,693645,7.0,7.755806159973145,1.0786192417144775,0.9485927514254194,0.8762989829652637,0.7792871261587531,0.785474117374952,0.051407248574580566,0.12370101703473635,0.22071287384124694,0.21452588262504801
823203,2026-07-07 00:00:00,2026,693686,1.0,3.97249174118042,0.4985588788986206,0.6230064720375548,0.4363092373233724,0.2629634784580083,0.14969931249368493,0.37699352796244523,0.5636907626766277,0.7370365215419916,0.850300687506315
822789,2026-07-17 00:00:00,2026,693686,4.0,3.9719861984252933,0.49878957867622375,0.6231871252804437,0.4362233847896228,0.26264438075493174,0.14935765341394913,0.37681287471955627,0.5637766152103771,0.7373556192450683,0.8506423465860509
822784,2026-07-22 00:00:00,2026,693686,4.0,4.414071655273437,0.6790569424629211,0.6918654640432824,0.5122464611114996,0.3324508453544163,0.19509683788736998,0.3081345359567176,0.48775353888850037,0.6675491546455836,0.80490316211263
824158,2026-08-05 00:00:00,2026,693686,2.0,3.8506665229797363,0.529150664806366,0.604118531583014,0.41442130389884324,0.2424366389504865,0.13656115749680464,0.395881468416986,0.5855786961011568,0.7575633610495135,0.8634388425031954
823359,2026-07-09 00:00:00,2026,693821,3.0,4.7528962135314945,0.48907753825187683,0.7347688095363272,0.5651151122380286,0.38744431658972717,0.23917429123442463,0.26523119046367283,0.43488488776197143,0.6125556834102728,0.7608257087655754
824898,2026-07-20 00:00:00,2026,693821,4.0,4.335333442687988,0.5465144515037537,0.6784462669558177,0.49847913998728577,0.32077771710650005,0.18793994647562623,0.32155373304418233,0.5015208600127142,0.6792222828935,0.8120600535243738
824811,2026-07-25 00:00:00,2026,693821,8.0,3.8296407699584964,0.44188520312309265,0.5989814893760179,0.4108499693973611,0.2409245349014898,0.1365644322049399,0.4010185106239821,0.5891500306026389,0.7590754650985102,0.86343556779506
824892,2026-07-31 00:00:00,2026,693821,3.0,4.683024501800538,0.5066299438476562,0.7253639397216296,0.554079071354329,0.3764244350298584,0.2303826646511409,0.2746360602783704,0.445920928645671,0.6235755649701415,0.7696173353488591
824889,2026-08-05 00:00:00,2026,693821,3.0,4.461575317382812,0.6130338311195374,0.6981193678919082,0.5198988140220159,0.3402858426321862,0.20104554324964347,0.3018806321080918,0.4801011859779841,0.6597141573678138,0.7989544567503566
824887,2026-08-10 00:00:00,2026,693821,4.0,4.108597373962402,0.4891304075717926,0.6457716089121509,0.4602581879643961,0.2836772264690373,0.16217472901116506,0.3542283910878491,0.5397418120356039,0.7163227735309627,0.837825270988835
824880,2026-08-16 00:00:00,2026,693821,5.0,4.555197715759277,0.6118116974830627,0.7119623834027173,0.5355095544569956,0.35507072690667874,0.21158794157345326,0.28803761659728266,0.46449044554300445,0.6449292730933213,0.7884120584265467
822956,2026-07-07 00:00:00,2026,693855,12.0,3.178872585296631,0.41065266728401184,0.47652050985706174,0.292669913611781,0.14972184287409893,0.08787602523093994,0.5234794901429383,0.707330086388219,0.850278157125901,0.91212397476906
822951,2026-07-12 00:00:00,2026,693855,3.0,4.074767971038819,0.5496607422828674,0.6392662773420417,0.4542254723335381,0.27920390752134533,0.1599549549055571,0.36073372265795833,0.5457745276664618,0.7207960924786547,0.8400450450944429
824738,2026-07-18 00:00:00,2026,693855,4.0,4.531173419952393,0.5118246078491211,0.7054328720132759,0.5302299292859156,0.35221366989499114,0.21123706288746383,0.29456712798672413,0.4697700707140844,0.6477863301050089,0.7887629371125362
822785,2026-07-23 00:00:00,2026,693855,7.0,4.754569149017334,0.5367233753204346,0.7355515367016537,0.5656799595575466,0.38763089463327716,0.23899778941976735,0.26444846329834626,0.4343200404424534,0.6123691053667228,0.7610022105802327
822947,2026-07-29 00:00:00,2026,693855,4.0,4.179897117614747,0.45055603981018066,0.6535114306431291,0.4719235778431162,0.29719217185106794,0.17278679032217026,0.3464885693568709,0.5280764221568838,0.7028078281489321,0.8272132096778297
824324,2026-08-03 00:00:00,2026,693855,9.0,4.1966087341308596,0.5283733010292053,0.6579736284492504,0.47516568626119815,0.2986211524372126,0.17270141246297918,0.34202637155074955,0.5248343137388018,0.7013788475627873,0.8272985875370208
823104,2026-08-09 00:00:00,2026,693855,7.0,4.349948596954346,0.5249722599983215,0.6813254300712798,0.5011509362889646,0.32274879079493923,0.18891449726386234,0.31867456992872023,0.49884906371103543,0.6772512092050608,0.8110855027361377
822941,2026-08-15 00:00:00,2026,693855,9.0,5.286926078796387,0.6418038010597229,0.7963530167717758,0.6426615467230783,0.471244863526346,0.3176265778089834,0.20364698322822417,0.3573384532769217,0.528755136473654,0.6823734221910166
822934,2026-08-20 00:00:00,2026,693855,8.0,4.0234722137451175,0.46488991379737854,0.6320881710617213,0.44533619187095336,0.27028166975228723,0.15378148573598185,0.3679118289382787,0.5546638081290467,0.7297183302477128,0.8462185142640182
823282,2026-07-06 00:00:00,2026,694297,6.0,4.121395587921143,0.5306712985038757,0.6471029967456379,0.462382179918877,0.2862026721842796,0.1641663697919614,0.35289700325436213,0.537617820081123,0.7137973278157204,0.8358336302080386
823926,2026-07-11 00:00:00,2026,694297,2.0,3.9147320747375494,0.4675125777721405,0.6132594078547811,0.42607359953481116,0.25415979004373024,0.1444683052160819,0.38674059214521894,0.5739264004651888,0.7458402099562698,0.8555316947839181
825059,2026-07-18 00:00:00,2026,694297,3.0,3.198767948150635,0.36999329924583435,0.48059804392358063,0.29606324975442017,0.15191642762713742,0.08887964929538734,0.5194019560764194,0.7039367502455798,0.8480835723728626,0.9111203507046126
823042,2026-07-23 00:00:00,2026,694297,1.0,3.187393999099732,0.31132790446281433,0.47826010006874153,0.2941370654569198,0.15068707833211106,0.08832869436006435,0.5217398999312585,0.7058629345430802,0.849312921667889,0.9116713056399357
823350,2026-07-28 00:00:00,2026,694297,4.0,3.4665246963500977,0.3916703760623932,0.533916013529442,0.3440695946236153,0.18590893948820134,0.10563369040150171,0.46608398647055804,0.6559304053763847,0.8140910605117987,0.8943663095984983
825095,2026-08-03 00:00:00,2026,694297,3.0,3.5282080650329593,0.5606238842010498,0.5461913753287052,0.35503743664094634,0.19361030588061912,0.10928902245561233,0.4538086246712948,0.6449625633590537,0.8063896941193809,0.8907109775443877
825049,2026-08-08 00:00:00,2026,694297,2.0,3.2484811782836913,0.4348517060279846,0.49161375068387453,0.30264865085084314,0.15413681010969563,0.08875343479883664,0.5083862493161255,0.6973513491491569,0.8458631898903044,0.9112465652011633
824882,2026-08-14 00:00:00,2026,694297,7.0,3.6850881576538086,0.5190936326980591,0.5750324554524572,0.3841524104913769,0.21704105035745355,0.12208926201717663,0.4249675445475428,0.6158475895086231,0.7829589496425464,0.8779107379828234
824722,2026-08-19 00:00:00,2026,694297,8.0,4.253808784484863,0.512579083442688,0.6683686369606521,0.4853186724638944,0.3066969236623241,0.17716906333485166,0.3316313630393479,0.5146813275361056,0.693303076337676,0.8228309366651483
823192,2026-07-29 00:00:00,2026,694477,1.0,4.205177879333496,0.6957473754882812,0.6623847390469014,0.47730165868207564,0.2980287636457837,0.17062303086841552,0.3376152609530986,0.5226983413179244,0.7019712363542163,0.8293769691315844
823747,2026-08-20 00:00:00,2026,694477,4.0,4.556064605712891,0.705116331577301,0.7130749243406631,0.5360872048577767,0.3549085538365616,0.21090366805935817,0.2869250756593369,0.4639127951422233,0.6450914461634384,0.7890963319406419
823205,2026-07-06 00:00:00,2026,694738,5.0,4.730329418182373,0.61701500415802,0.7345263979139879,0.5630276125721677,0.3834388484862348,0.2343298683703466,0.2654736020860121,0.4369723874278323,0.6165611515137652,0.7656701316296534
823115,2026-07-17 00:00:00,2026,694738,2.0,6.25661964416504,0.7563040852546692,0.878054500476612,0.7578198742046747,0.6114728492790047,0.4977296116038018,0.12194549952338796,0.24218012579532533,0.3885271507209953,0.5022703883961982
824083,2026-07-22 00:00:00,2026,694738,7.0,5.421471881866455,0.6033664345741272,0.8106370811966406,0.6612384283238154,0.4920596974063158,0.3396650855617448,0.18936291880335943,0.3387615716761846,0.5079403025936842,0.6603349144382552
823193,2026-07-28 00:00:00,2026,694738,1.0,5.249133396148682,0.5485509634017944,0.7925682782982818,0.637611930145236,0.4654404708097145,0.31146248966063567,0.2074317217017182,0.362388069854764,0.5345595291902855,0.6885375103393643
823270,2026-08-02 00:00:00,2026,694738,6.0,4.508453845977783,0.6352666616439819,0.7058899536389699,0.5280634756614243,0.3474015953170685,0.20561916905834188,0.2941100463610301,0.4719365243385757,0.6525984046829315,0.7943808309416581
823188,2026-08-08 00:00:00,2026,694738,3.0,5.343463516235351,0.589112401008606,0.8015015645137703,0.649806937827971,0.47977686706092026,0.327151407399859,0.1984984354862297,0.35019306217202895,0.5202231329390797,0.6728485926001411
823185,2026-08-14 00:00:00,2026,694738,5.0,4.79083251953125,0.6291513442993164,0.7412841612599947,0.5718891382945998,0.39326426114610463,0.24303567066030193,0.25871583874000526,0.42811086170540025,0.6067357388538954,0.756964329339698
824395,2026-08-20 00:00:00,2026,694738,2.0,4.6193132400512695,0.5412237048149109,0.7197340691178115,0.5453988623503664,0.36564531359351365,0.2202372079787525,0.28026593088218854,0.4546011376496336,0.6343546864064864,0.7797627920212475
823062,2026-07-07 00:00:00,2026,694819,11.0,7.727843856811523,1.071997880935669,0.9483971191655818,0.8756590699766789,0.7778883607510969,0.7823226028191959,0.05160288083441822,0.12434093002332114,0.2221116392489031,0.21767739718080414
823762,2026-07-20 00:00:00,2026,694819,6.0,8.575035285949706,1.0631707906723022,0.9685379087192864,0.9163628364447107,0.8434235446748872,0.8889155400784221,0.031462091280713644,0.08363716355528927,0.15657645532511277,0.1110844599215779
823755,2026-07-26 00:00:00,2026,694819,12.0,8.603031158447266,1.0208183526992798,0.9687357377993637,0.9169174586115886,0.8445588679843274,0.8908372577628714,0.03126426220063627,0.08308254138841142,0.15544113201567256,0.10916274223712863
823996,2026-08-02 00:00:00,2026,694819,10.0,8.827351379394532,1.2288424968719482,0.9734217829333356,0.9268270009570997,0.8607135847677058,0.9122431233114124,0.02657821706666441,0.07317299904290031,0.13928641523229424,0.08775687668858756
823751,2026-08-09 00:00:00,2026,694819,9.0,8.809195518493652,1.0886863470077515,0.9728843598930302,0.9257297758641265,0.8590091770997194,0.9102104972861815,0.027115640106969763,0.07427022413587347,0.14099082290028064,0.08978950271381847
823914,2026-08-15 00:00:00,2026,694819,6.0,8.627327156066896,1.2128169536590576,0.9695999385485884,0.9186112312237623,0.8471152157327339,0.8940869960970302,0.03040006145141161,0.08138876877623769,0.15288478426726615,0.10591300390296976
823182,2026-08-16 00:00:00,2026,694918,1.0,4.909997177124024,0.6297642588615417,0.7549181306374573,0.5893439500799568,0.4123084135489723,0.26012520985826276,0.24508186936254273,0.41065604992004323,0.5876915864510277,0.7398747901417373
823361,2026-07-07 00:00:00,2026,694973,4.0,6.748948574066163,0.7547009587287903,0.9056592038070453,0.8019943099589082,0.6719009554260942,0.5974281650554473,0.09434079619295466,0.1980056900410918,0.3280990445739058,0.40257183494455273
823358,2026-07-12 00:00:00,2026,694973,7.0,6.83878288269043,0.7772096395492554,0.9107269890631942,0.8101114069582299,0.6829298697219758,0.6159542918896349,0.08927301093680584,0.18988859304177008,0.3170701302780242,0.3840457081103651
824411,2026-07-19 00:00:00,2026,694973,8.0,5.8222369194030765,0.7545811533927917,0.84670903825815,0.7111692889442881,0.5516939724798653,0.41197216453194796,0.15329096174184997,0.2888307110557119,0.4483060275201347,0.588027835468052
823355,2026-07-25 00:00:00,2026,694973,11.0,6.494363880157471,0.7207276225090027,0.8930369750076927,0.7810510042936587,0.6423240225556809,0.5464245171968294,0.10696302499230725,0.2189489957063413,0.3576759774443191,0.4535754828031706
824486,2026-07-31 00:00:00,2026,694973,7.0,5.611793708801271,0.8007206320762634,0.8302562384555031,0.6871335572462952,0.5214657045061849,0.3725313789421426,0.16974376154449689,0.3128664427537048,0.4785342954938151,0.6274686210578574
823753,2026-08-05 00:00:00,2026,694973,6.0,6.7386053085327156,0.8797432780265808,0.9075972904675107,0.8040822192006328,0.6733087696914014,0.597300917130784,0.0924027095324893,0.19591778079936717,0.3266912303085986,0.40269908286921596
823832,2026-08-11 00:00:00,2026,694973,4.0,6.3250833511352536,0.9054262042045593,0.884009220081692,0.7662876998293873,0.6217254480444637,0.5121809820465569,0.11599077991830797,0.23371230017061273,0.3782745519555363,0.48781901795344307
823342,2026-08-19 00:00:00,2026,694973,5.0,7.064653015136719,0.7978276014328003,0.9206068149096056,0.8270242231791799,0.7073726845641365,0.659753378453774,0.07939318509039439,0.1729757768208201,0.2926273154358635,0.340246621546226
824331,2026-07-18 00:00:00,2026,695076,2.0,3.892228221893311,0.4940524399280548,0.6099732474654999,0.4220317982592503,0.25018271880791465,0.14181565432302504,0.39002675253450014,0.5779682017407497,0.7498172811920853,0.858184345676975
823031,2026-07-24 00:00:00,2026,695076,4.0,3.01342978477478,0.37655186653137207,0.4428958553779129,0.2600010085087432,0.1253207198933291,0.07468780969130916,0.5571041446220871,0.7399989914912568,0.874679280106671,0.9253121903086908
824488,2026-07-30 00:00:00,2026,695076,5.0,3.678027248382569,0.5156537890434265,0.5735113179924836,0.3829506346722472,0.2163402092720602,0.12185646480493878,0.42648868200751644,0.6170493653277528,0.7836597907279398,0.8781435351950613
824482,2026-08-05 00:00:00,2026,695076,3.0,4.026364994049072,0.519829273223877,0.631779585511554,0.4457938196454161,0.2713878961986147,0.15489701165466785,0.368220414488446,0.5542061803545839,0.7286121038013853,0.8451029883453322
824562,2026-08-12 00:00:00,2026,695076,4.0,3.803689575195313,0.5044922828674316,0.5952923758735573,0.40603096097911395,0.23603170219119618,0.13326639068954474,0.4047076241264427,0.593969039020886,0.7639682978088038,0.8667336093104553
824478,2026-08-17 00:00:00,2026,695076,5.0,3.9887242317199707,0.5567872524261475,0.6264979440742551,0.4391979198825042,0.2647546696750243,0.1503351756477,0.3735020559257449,0.5608020801174958,0.7352453303249757,0.8496648243523
822700,2026-08-09 00:00:00,2026,695418,4.0,2.763083791732788,0.6252808570861816,0.38866010189935873,0.2124755262660702,0.09381187434110758,0.05846497360045996,0.6113398981006413,0.7875244737339298,0.9061881256588924,0.94153502639954
823588,2026-08-15 00:00:00,2026,695418,1.0,3.1987842559814457,0.767423689365387,0.48188272785250813,0.29222361262140445,0.1456861911685422,0.08398578140571038,0.5181172721474918,0.7077763873785956,0.8543138088314578,0.9160142185942897
824496,2026-07-08 00:00:00,2026,695505,2.0,6.690242767333985,0.7777072191238403,0.9032374196663246,0.7977549109896038,0.6656259764485419,0.5860377647215201,0.09676258033367535,0.20224508901039617,0.33437402355145807,0.41396223527847986
823114,2026-07-21 00:00:00,2026,695505,6.0,7.90607032775879,0.862669050693512,0.9515181070039819,0.882489481237352,0.7898121951890711,0.8051989936833689,0.04848189299601813,0.11751051876264795,0.2101878048109289,0.1948010063166311
824490,2026-07-28 00:00:00,2026,695505,4.0,7.224912071228028,0.7697547674179077,0.9271746624469885,0.8384487797561986,0.7240557129456281,0.6898398075315337,0.07282533755301146,0.16155122024380142,0.2759442870543719,0.31016019246846627
824483,2026-08-02 00:00:00,2026,695505,9.0,7.053194618225097,0.9219701886177063,0.9213122635669136,0.8277146812112083,0.707634296757954,0.6589329568660136,0.07868773643308635,0.17228531878879172,0.292365703242046,0.3410670431339864
822701,2026-08-08 00:00:00,2026,695505,6.0,5.891543388366699,0.7443773150444031,0.8515775020362206,0.7185199636610409,0.5612419618195432,0.42529211210894674,0.14842249796377938,0.2814800363389591,0.4387580381804568,0.5747078878910532
824479,2026-08-14 00:00:00,2026,695505,8.0,6.172957038879395,0.7620604634284973,0.8708990536722686,0.7476886084518042,0.5991838984766493,0.48052048120475843,0.1291009463277314,0.2523113915481958,0.4008161015233507,0.5194795187952416
824476,2026-08-19 00:00:00,2026,695505,8.0,6.646382522583009,0.7113426923751831,0.8996372820712363,0.792482524857526,0.6591083910213564,0.5762552470961975,0.10036271792876372,0.20751747514247398,0.34089160897864357,0.42374475290380254
824576,2026-07-11 00:00:00,2026,695611,7.0,6.158996391296387,0.6215503215789795,0.8687862563541513,0.7450607231287202,0.5964812825867312,0.4775255972599784,0.1312137436458487,0.2549392768712798,0.40351871741326883,0.5224744027400217
824981,2026-07-17 00:00:00,2026,695611,8.0,5.866568470001221,0.5901851058006287,0.8452961374461126,0.7116248907121556,0.5553015734566497,0.42080534044822027,0.15470386255388735,0.2883751092878444,0.44469842654335034,0.5791946595517797
825055,2026-07-22 00:00:00,2026,695611,5.0,5.061097908020019,0.47904714941978455,0.7710535030548666,0.6105034199750003,0.43606365840401146,0.2829247962158694,0.22894649694513336,0.38949658002499965,0.5639363415959886,0.7170752037841306
824976,2026-07-28 00:00:00,2026,695611,7.0,5.610800457000733,0.5133214592933655,0.8229802146170333,0.6808263806829913,0.5183958155297982,0.37422040121774147,0.1770197853829667,0.3191736193170087,0.4816041844702018,0.6257795987822585
824971,2026-08-02 00:00:00,2026,695611,5.0,5.460127925872802,0.6190880537033081,0.8104628953995787,0.6631154220332776,0.4966952473267071,0.347669261948569,0.18953710460042128,0.33688457796672244,0.5033047526732929,0.6523307380514309
824726,2026-08-08 00:00:00,2026,695611,11.0,6.015490341186524,0.6164507269859314,0.8584881230938055,0.7298290104015982,0.5770187641874671,0.44930159432094424,0.1415118769061945,0.2701709895984018,0.4229812358125329,0.5506984056790558
824968,2026-08-14 00:00:00,2026,695611,1.0,5.901121044158936,0.6342068314552307,0.850913602589442,0.7182602044711411,0.5617863651313425,0.4272051063257345,0.14908639741055796,0.28173979552885886,0.4382136348686575,0.5727948936742655
824074,2026-08-20 00:00:00,2026,695611,3.0,5.368489456176759,0.5808401107788086,0.8034420146908705,0.6526953308313261,0.48344685845624596,0.3315330388717069,0.1965579853091295,0.34730466916867386,0.5165531415437541,0.6684669611282932
823522,2026-07-20 00:00:00,2026,696062,5.0,3.7544534683227546,0.6325106620788574,0.5879738394157165,0.396731250862761,0.22683204094901369,0.12723709359860969,0.41202616058428354,0.603268749137239,0.7731679590509863,0.8727629064013903
823683,2026-07-09 00:00:00,2026,696070,3.0,3.8801966667175294,0.5873539447784424,0.6090269652994187,0.4197743325799938,0.24716803238533827,0.13941131086010483,0.3909730347005813,0.5802256674200061,0.7528319676146618,0.8605886891398952
824409,2026-07-21 00:00:00,2026,696070,2.0,3.798862266540528,0.6138245463371277,0.5957378379061768,0.4048879344970291,0.23372970141332736,0.13118727018627252,0.40426216209382315,0.5951120655029709,0.7662702985866726,0.8688127298137275
823679,2026-07-25 00:00:00,2026,696070,5.0,3.933913612365723,0.6873908638954163,0.6189458050354213,0.4293972438604993,0.25469435967057735,0.1433931040718425,0.3810541949645787,0.5706027561395006,0.7453056403294227,0.8566068959281575
823677,2026-07-29 00:00:00,2026,696070,4.0,4.2749120712280275,0.7551965713500977,0.6735150418082287,0.48943506824756877,0.3089669771620718,0.17762376227907084,0.32648495819177126,0.5105649317524312,0.6910330228379282,0.8223762377209292
823916,2026-08-12 00:00:00,2026,696131,1.0,3.405043697357178,0.6272364854812622,0.5230210444073969,0.33152741561927,0.17484775406633135,0.09907271807886059,0.47697895559260306,0.66847258438073,0.8251522459336686,0.9009272819211394
824075,2026-08-18 00:00:00,2026,696131,1.0,2.981106662750244,0.5604490637779236,0.4360955863617874,0.2523551761436615,0.11911626324752426,0.07105095097749774,0.5639044136382125,0.7476448238563385,0.8808837367524758,0.9289490490225023
823356,2026-07-11 00:00:00,2026,696149,6.0,4.972321224212647,0.6726567149162292,0.7640612061958222,0.5996847947766448,0.42218359495125857,0.2679463403785736,0.23593879380417782,0.4003152052233552,0.5778164050487414,0.7320536596214264
823519,2026-07-22 00:00:00,2026,696149,5.0,5.122000408172608,0.650879442691803,0.7809862264786376,0.6213370523095499,0.4458962773034137,0.290412594523584,0.21901377352136242,0.37866294769045006,0.5541037226965864,0.709587405476416
823350,2026-07-28 00:00:00,2026,696149,3.0,5.016103839874267,0.622180700302124,0.7693174923680932,0.6062306850094032,0.42915412849928836,0.2742702484059099,0.23068250763190679,0.39376931499059675,0.5708458715007116,0.7257297515940901
823757,2026-08-03 00:00:00,2026,696149,5.0,5.444562149047852,0.7984992861747742,0.8143722887214635,0.6654708670698646,0.4960328826946485,0.3430470921145582,0.1856277112785365,0.3345291329301354,0.5039671173053515,0.6569529078854418
823348,2026-08-08 00:00:00,2026,696149,5.0,6.0655179977417,0.8099779486656189,0.8647625837614733,0.7378266806416142,0.5856086014364463,0.4593207387436976,0.1352374162385267,0.26217331935838584,0.41439139856355367,0.5406792612563024
823346,2026-08-14 00:00:00,2026,696149,5.0,6.217623043060303,0.7660712003707886,0.8750655433340638,0.7534483057611194,0.605988877593299,0.4897358800575862,0.12493445666593617,0.24655169423888057,0.394011122406701,0.5102641199424138
823682,2026-07-11 00:00:00,2026,696270,1.0,4.298375797271729,0.45730718970298767,0.6711542340505762,0.4917683709346102,0.3158680277741337,0.18553476466315028,0.32884576594942383,0.5082316290653899,0.6841319722258663,0.8144652353368498
824007,2026-07-19 00:00:00,2026,696270,5.0,4.953520965576172,0.5862479209899902,0.759321743404699,0.5953173903844892,0.4192014541069293,0.2667956570767189,0.24067825659530095,0.40468260961551084,0.5807985458930707,0.7332043429232811
823197,2026-07-25 00:00:00,2026,696270,4.0,4.413699054718018,0.41296714544296265,0.6870848185943462,0.5104756167017773,0.3343386874232174,0.19905430595536125,0.3129151814056538,0.4895243832982227,0.6656613125767826,0.8009456940446388
823999,2026-07-31 00:00:00,2026,696270,3.0,4.353054618835449,0.5529018044471741,0.6814821292502917,0.5015739994081462,0.32338720263843307,0.18952530728951034,0.3185178707497083,0.4984260005918538,0.676612797361567,0.8104746927104897
824804,2026-08-06 00:00:00,2026,696270,1.0,4.013390159606934,0.5534563064575195,0.6307068638395051,0.4435717584791482,0.26847690653247835,0.1525234267487325,0.36929313616049486,0.5564282415208518,0.7315230934675216,0.8474765732512675
823997,2026-08-11 00:00:00,2026,696270,5.0,4.123760223388672,0.585933268070221,0.648043755870454,0.4628775664054847,0.28616395736510725,0.16383072401848967,0.35195624412954596,0.5371224335945153,0.7138360426348928,0.8361692759815104
823991,2026-08-16 00:00:00,2026,696270,4.0,4.389992332458497,0.5987747311592102,0.6874706588981946,0.507923785943673,0.3289931489990091,0.19314204244267222,0.3125293411018054,0.49207621405632695,0.6710068510009909,0.8068579575573278
823032,2026-07-08 00:00:00,2026,700241,6.0,3.9942328453063967,0.5623935461044312,0.6279656580858518,0.44019133521537757,0.26511613603845785,0.1502429863572846,0.3720343419141482,0.5598086647846224,0.7348838639615421,0.8497570136427154
825060,2026-07-17 00:00:00,2026,700241,5.0,3.77470235824585,0.39435359835624695,0.5900427011568633,0.40081845141159794,0.23184853436049974,0.13098251307427763,0.4099572988431367,0.599181548588402,0.7681514656395003,0.8690174869257223
823042,2026-07-23 00:00:00,2026,700241,3.0,3.7537896156311037,0.3734915256500244,0.5861738375743583,0.3970744453810762,0.2289292130052227,0.12943791575727204,0.41382616242564174,0.6029255546189238,0.7710707869947773,0.870562084242728
823026,2026-07-28 00:00:00,2026,700241,2.0,4.053085613250732,0.44149050116539,0.6364912580819055,0.45051181782246064,0.27525275327360305,0.1570864845220144,0.36350874191809446,0.5494881821775394,0.7247472467263969,0.8429135154779857
823520,2026-08-03 00:00:00,2026,700241,5.0,3.786756992340088,0.5621007084846497,0.5935560260032523,0.4026847150773043,0.23193750608494326,0.1302011456558029,0.4064439739967477,0.5973152849226957,0.7680624939150568,0.8697988543441971
823020,2026-08-09 00:00:00,2026,700241,4.0,4.0487799644470215,0.5740724205970764,0.637113242959048,0.4498682235704913,0.2735023815850558,0.15526914669776515,0.36288675704095197,0.5501317764295087,0.7264976184149442,0.8447308533022349
824644,2026-08-15 00:00:00,2026,700241,6.0,4.074474239349366,0.5617237687110901,0.6413569917552682,0.45440795424569963,0.2774885805464263,0.15770055399217736,0.35864300824473183,0.5455920457543004,0.7225114194535738,0.8422994460078226
824474,2026-08-20 00:00:00,2026,700241,4.0,4.297560787200927,0.6641008257865906,0.6767596435029162,0.4932670901602834,0.31271527952472716,0.18024611252397005,0.3232403564970838,0.5067329098397166,0.6872847204752728,0.81975388747603
824805,2026-08-04 00:00:00,2026,700249,7.0,3.9148981094360353,0.5489327907562256,0.6144306978739326,0.42604453793876285,0.25304138572827933,0.14315375043678752,0.38556930212606744,0.5739554620612372,0.7469586142717206,0.8568462495632125
822862,2026-08-09 00:00:00,2026,700249,2.0,4.182129573822022,0.47749823331832886,0.6560299243817931,0.47275042811989126,0.29615681736177174,0.17092255716578963,0.3439700756182069,0.5272495718801087,0.7038431826382283,0.8290774428342104
822880,2026-07-08 00:00:00,2026,700712,3.0,6.0381381034851085,0.6653557419776917,0.8614812716316831,0.7335887093192048,0.5809872766067918,0.45381167639252196,0.1385187283683169,0.26641129068079517,0.41901272339320816,0.546188323607478
824005,2026-07-21 00:00:00,2026,700712,5.0,5.5649511337280275,0.6655174493789673,0.8219008065688708,0.6777539775227629,0.5128625663579985,0.3653080037187332,0.17809919343112923,0.3222460224772371,0.48713743364200146,0.6346919962812668
824001,2026-07-27 00:00:00,2026,700712,5.0,6.777941989898682,0.7376970052719116,0.9059652012978636,0.8030127412701022,0.6740276054976231,0.6022900465637226,0.09403479870213638,0.19698725872989775,0.3259723945023769,0.39770995343627735
823996,2026-08-02 00:00:00,2026,700712,7.0,7.277773475646972,0.7975163459777832,0.9294708327319153,0.8423917143365016,0.7297216662010656,0.6998323125436338,0.07052916726808467,0.15760828566349838,0.2702783337989344,0.30016768745636624
823834,2026-08-08 00:00:00,2026,700712,2.0,7.0750318527221685,0.7906548380851746,0.9218970924660775,0.8288772620388681,0.7095370181582195,0.6627281331007181,0.07810290753392246,0.17112273796113187,0.29046298184178054,0.3372718668992819
823995,2026-08-13 00:00:00,2026,700712,5.0,6.415409660339356,0.7818388938903809,0.8873468173572603,0.7725402798958465,0.6314595054175044,0.5297954394287484,0.11265318264273971,0.2274597201041535,0.3685404945824956,0.4702045605712516
824155,2026-08-19 00:00:00,2026,700712,7.0,6.847758102416993,0.7560155391693115,0.9107160392638374,0.8102908355025806,0.6834554415631843,0.6173394783447658,0.08928396073616263,0.18970916449741937,0.3165445584368157,0.38266052165523423
824732,2026-07-22 00:00:00,2026,700842,1.0,4.2666160583496096,0.7436885833740234,0.671204309552134,0.4877365401026428,0.30823244404304834,0.1777095737092714,0.32879569044786605,0.5122634598973572,0.6917675559569516,0.8222904262907286
823669,2026-08-13 00:00:00,2026,701519,1.0,3.2268797874450685,0.6119605302810669,0.48730153022148376,0.29844675144843874,0.15097095136347424,0.0870745758527612,0.5126984697785162,0.7015532485515612,0.8490290486365257,0.9129254241472388
822956,2026-07-07 00:00:00,2026,701542,3.0,4.292435741424561,0.4545527398586273,0.6729329992022415,0.49153494789313196,0.3135379417955499,0.18248265144504922,0.3270670007977585,0.5084650521068681,0.68646205820445,0.8175173485549507
822708,2026-07-12 00:00:00,2026,701542,2.0,3.995411682128906,0.47099095582962036,0.626262759892152,0.44033361965401335,0.266974190824516,0.15243540173179781,0.37373724010784803,0.5596663803459867,0.733025809175484,0.8475645982682022
823433,2026-07-26 00:00:00,2026,701542,5.0,3.876030445098877,0.5632486939430237,0.6078755968396206,0.4190672619109821,0.2469939863074081,0.13956245092886213,0.39212440316037944,0.5809327380890179,0.7530060136925919,0.8604375490711379
824651,2026-07-31 00:00:00,2026,701542,7.0,3.895803165435791,0.5095027089118958,0.6097857902059751,0.42272606417385367,0.25154442830475277,0.14307435898453738,0.3902142097940249,0.5772739358261463,0.7484555716952472,0.8569256410154626
823516,2026-08-05 00:00:00,2026,701542,5.0,4.673303604125977,0.6457269191741943,0.7258099947603273,0.5534218027702046,0.37453984195402235,0.227883615279774,0.27419000523967274,0.4465781972297954,0.6254601580459777,0.772116384720226
823511,2026-08-12 00:00:00,2026,701542,3.0,4.881455326080323,0.619560182094574,0.7516043901564866,0.5851514850475495,0.40777383426959873,0.2560355427872647,0.2483956098435134,0.41484851495245045,0.5922261657304013,0.7439644572127353
824801,2026-08-19 00:00:00,2026,701542,5.0,4.404768180847168,0.601094663143158,0.6905273979470132,0.510701600118064,0.330957836982902,0.19403084100535778,0.30947260205298677,0.489298399881936,0.669042163017098,0.8059691589946423
823034,2026-07-09 00:00:00,2026,701656,4.0,4.047428035736084,0.46685847640037537,0.635150928312848,0.44948277005791437,0.2747115551167958,0.15698457287160214,0.36484907168715197,0.5505172299420856,0.7252884448832042,0.8430154271283978
823766,2026-07-17 00:00:00,2026,701656,4.0,4.802504920959473,0.4640667736530304,0.7396842541722543,0.57196138058486,0.39545016695359,0.2466869499199852,0.26031574582774575,0.42803861941514,0.6045498330464101,0.7533130500800148
823761,2026-07-22 00:00:00,2026,701656,9.0,5.360836505889893,0.45305806398391724,0.7982624805535039,0.6482665732627708,0.48113843065390455,0.3320300968110231,0.2017375194464961,0.3517334267372292,0.5188615693460954,0.667969903188977
823193,2026-07-28 00:00:00,2026,701656,7.0,4.384859180450439,0.46622806787490845,0.6840396418255449,0.5061459896396797,0.32934876581186884,0.1948696963120085,0.3159603581744551,0.4938540103603203,0.6706512341881312,0.8051303036879915
823756,2026-08-04 00:00:00,2026,701656,8.0,5.4182991027832035,0.6187560558319092,0.8088098215502246,0.6596097414571911,0.4911332305982359,0.3397094068413407,0.19119017844977537,0.3403902585428089,0.5088667694017641,0.6602905931586593
823265,2026-08-10 00:00:00,2026,701656,7.0,4.806564903259278,0.5363394021987915,0.7424157171878409,0.5738288512186338,0.3958687323888221,0.24573635105344924,0.25758428281215906,0.4261711487813662,0.6041312676111779,0.7542636489465507
823912,2026-08-16 00:00:00,2026,701656,6.0,5.689546203613282,0.7003527283668518,0.833954748316345,0.6939323042603615,0.5316215485094051,0.3874610739089538,0.16604525168365503,0.30606769573963855,0.46837845149059487,0.6125389260910462
823276,2026-07-11 00:00:00,2026,702056,1.0,5.5062336921691895,0.561896026134491,0.8163034423957308,0.6702129689804349,0.5040668814577585,0.35508378498454923,0.18369655760426917,0.3297870310195651,0.49593311854224154,0.6449162150154508
822786,2026-07-19 00:00:00,2026,702056,9.0,5.4032587051391605,0.5344923734664917,0.8061867486724716,0.6567287472842357,0.48852654738228063,0.33761368802944686,0.19381325132752836,0.3432712527157643,0.5114734526177194,0.6623863119705531
824733,2026-07-24 00:00:00,2026,702056,9.0,5.21466178894043,0.6277368068695068,0.7868853318154773,0.6313789555994777,0.4597578354411464,0.3069735329634225,0.21311466818452274,0.36862104440052235,0.5402421645588535,0.6930264670365776
822702,2026-07-29 00:00:00,2026,702056,4.0,5.483188629150391,0.5670369267463684,0.8140847157644011,0.6672303799380073,0.5006055589920819,0.35112700234586075,0.1859152842355989,0.33276962006199273,0.4993944410079181,0.6488729976541392
824089,2026-07-06 00:00:00,2026,702070,7.0,4.336190223693848,0.4500342011451721,0.68033945374506,0.4991723158368865,0.3200475934626499,0.18646464981170258,0.31966054625494,0.5008276841631135,0.6799524065373501,0.8135353501882974
824813,2026-07-11 00:00:00,2026,702070,9.0,4.514297962188721,0.5554255843162537,0.7070066841556975,0.5291458380749985,0.3482425510641439,0.206073797116167,0.29299331584430255,0.4708541619250015,0.6517574489358561,0.793926202883833
824086,2026-07-19 00:00:00,2026,702070,1.0,4.839925289154053,0.5698092579841614,0.7476368026736602,0.5795288193248008,0.4010848046676076,0.24955148392333001,0.2523631973263398,0.4204711806751992,0.5989151953323923,0.75044851607667
824248,2026-07-24 00:00:00,2026,702070,8.0,4.320499515533448,0.4183673858642578,0.6775514917519657,0.4963908815147189,0.3177759706753555,0.18515033393685926,0.3224485082480343,0.5036091184852811,0.6822240293246444,0.8148496660631408
823674,2026-07-30 00:00:00,2026,702070,7.0,4.61336669921875,0.4709698259830475,0.7192189609452152,0.5445823314101212,0.3646169595485083,0.219274689223752,0.2807810390547848,0.45541766858987875,0.6353830404514917,0.780725310776248
824082,2026-08-05 00:00:00,2026,702070,9.0,5.406763076782227,0.6243367195129395,0.8099559296075043,0.6599068864833967,0.4900321901792497,0.3368677894898776,0.1900440703924957,0.3400931135166033,0.5099678098207503,0.6631322105101224
823918,2026-08-10 00:00:00,2026,702070,2.0,5.589076328277589,0.6592350602149963,0.8271641479864297,0.6833875172811644,0.5176436870692899,0.3687247922875694,0.17283585201357032,0.3166124827188356,0.48235631293071013,0.6312752077124306
823991,2026-08-16 00:00:00,2026,702070,8.0,5.906326389312744,0.6972377896308899,0.8537242912158154,0.7211438755258365,0.5639132057107193,0.42809550204250574,0.1462757087841846,0.2788561244741635,0.43608679428928065,0.5719044979574943
824579,2026-07-07 00:00:00,2026,702273,3.0,3.9764478683471682,0.4078740179538727,0.6208596724181142,0.4369394128636041,0.2660699300136191,0.15315833831496484,0.37914032758188576,0.5630605871363958,0.7339300699863809,0.8468416616850352
824574,2026-07-12 00:00:00,2026,702273,4.0,3.8491251945495604,0.43781396746635437,0.6020822995068998,0.41437914749515975,0.24417048504593872,0.13859757288217212,0.39791770049310016,0.5856208525048403,0.7558295149540613,0.8614024271178279
822871,2026-07-21 00:00:00,2026,702273,2.0,4.037530422210693,0.4640125334262848,0.63299879666406,0.4477043008710994,0.27361385200660154,0.15660579900507526,0.36700120333594,0.5522956991289005,0.7263861479933984,0.8433942009949247
824570,2026-07-27 00:00:00,2026,702273,5.0,4.263486194610596,0.4661468267440796,0.6682051608303947,0.4865415397029082,0.3091558298694114,0.1797131705150757,0.3317948391696053,0.5134584602970917,0.6908441701305885,0.8202868294849243
822944,2026-08-01 00:00:00,2026,702273,4.0,3.819649887084961,0.517291784286499,0.5979101821334057,0.40894571362479226,0.2386500404158402,0.13486434736070785,0.40208981786659426,0.5910542863752077,0.7613499595841597,0.8651356526392922
823029,2026-07-12 00:00:00,2026,702275,2.0,3.8775480270385745,0.3934934139251709,0.605301630674507,0.41959690513369885,0.2502056113476396,0.14308044320467714,0.39469836932549296,0.5804030948663012,0.7497943886523604,0.8569195567953228
824895,2026-07-21 00:00:00,2026,702275,4.0,4.208070182800293,0.5380834937095642,0.6594714639649261,0.47706319423119903,0.30059115413633575,0.1741474302844538,0.34052853603507394,0.522936805768801,0.6994088458636643,0.8258525697155462
824891,2026-08-02 00:00:00,2026,702275,4.0,4.2571821212768555,0.6154974699020386,0.667810369967052,0.4856196533742254,0.3078461773738029,0.1785256848205535,0.332189630032948,0.5143803466257746,0.6921538226261972,0.8214743151794465
824657,2026-07-18 00:00:00,2026,702474,4.0,2.4778744220733646,0.36119359731674194,0.3255087432560359,0.16469831558791204,0.06689194305423644,0.0451782046654364,0.674491256743964,0.835301684412088,0.9331080569457636,0.9548217953345636
824409,2026-07-21 00:00:00,2026,702474,0.0,3.908539199829102,0.6473748683929443,0.6147345850102235,0.42481627434679525,0.2506470810006564,0.140951512113682,0.3852654149897765,0.5751837256532047,0.7493529189993435,0.859048487886318
823594,2026-08-01 00:00:00,2026,702752,3.0,3.266941833496094,0.6370647549629211,0.49550360762877343,0.305734957624494,0.15598826421712386,0.08950373799925473,0.5044963923712266,0.694265042375506,0.8440117357828761,0.9104962620007453
823279,2026-07-08 00:00:00,2026,703615,2.0,3.6365500450134283,0.43521198630332947,0.5648424124841699,0.37586660386015047,0.21193866221675178,0.12016227661708953,0.4351575875158301,0.6241333961398495,0.7880613377832482,0.8798377233829104
823845,2026-07-10 00:00:00,2026,800048,1.0,6.015073585510255,0.6219965815544128,0.8597904720828474,0.7310960800929446,0.5778141253111889,0.449287557462928,0.14020952791715258,0.2689039199070554,0.4221858746888111,0.550712442537072
824409,2026-07-21 00:00:00,2026,800048,6.0,6.933169555664064,0.7978252172470093,0.9150147140819908,0.8173828686631742,0.6933599122675689,0.6344994967161637,0.08498528591800925,0.18261713133682578,0.3066400877324311,0.3655005032838363
822950,2026-07-26 00:00:00,2026,800048,6.0,4.696836376190186,0.6675200462341309,0.73210957051322,0.5587638548635784,0.3776830184606898,0.2285390878630124,0.26789042948678,0.4412361451364216,0.6223169815393101,0.7714609121369875
824405,2026-08-01 00:00:00,2026,800048,6.0,5.651382827758789,0.7664163708686829,0.8336433255774128,0.6919336932131849,0.5273243251440736,0.3797879254068899,0.16635667442258717,0.3080663067868151,0.47267567485592643,0.6202120745931101
824566,2026-08-07 00:00:00,2026,800048,8.0,5.420901298522949,0.6871881484985352,0.8123384589698844,0.6625714508243913,0.4924877160939254,0.33888565830962175,0.18766154103011556,0.3374285491756087,0.5075122839060746,0.6611143416903782
824238,2026-08-13 00:00:00,2026,800048,6.0,5.623963642120361,0.650260865688324,0.8305399051828587,0.6879494099497638,0.5229529028925581,0.37495740824068763,0.1694600948171413,0.31205059005023617,0.47704709710744186,0.6250425917593123
824394,2026-08-19 00:00:00,2026,800048,10.0,7.113275718688965,0.856611430644989,0.9238602150946306,0.8321267486021067,0.7140477410001712,0.6704620320891316,0.07613978490536943,0.16787325139789333,0.2859522589998288,0.3295379679108684
824896,2026-07-22 00:00:00,2026,800311,2.0,6.078253078460693,0.6967840194702148,0.8643848031723939,0.7378893866998,0.5864799565729493,0.46171514941710895,0.13561519682760614,0.2621106133002,0.41352004342705073,0.538284850582891
824579,2026-07-07 00:00:00,2026,801139,6.0,5.700810718536378,0.5699970722198486,0.8335848537786854,0.6940995348249541,0.5326520220328872,0.3897934345117896,0.1664151462213146,0.3059004651750459,0.4673479779671128,0.6102065654882104
823602,2026-07-12 00:00:00,2026,801139,7.0,6.030907726287842,0.5901972055435181,0.8592468864299809,0.7311225922630862,0.5788880691665685,0.45228172311574905,0.14075311357001907,0.2688774077369138,0.42111193083343146,0.547718276884251
824736,2026-07-20 00:00:00,2026,801139,9.0,5.834050083160401,0.6467240452766418,0.8458831545869792,0.7108799701485449,0.5524363735011619,0.4144053431656934,0.15411684541302084,0.28912002985145513,0.4475636264988381,0.5855946568343067
824977,2026-07-27 00:00:00,2026,801139,7.0,5.2910701751708995,0.6276203393936157,0.7978485199305361,0.644031221197886,0.47211072807934495,0.31780785600758515,0.20215148006946393,0.35596877880211397,0.527889271920655,0.6821921439924148
823920,2026-08-01 00:00:00,2026,801139,7.0,6.1084692001342775,0.795373797416687,0.868341504124361,0.7429246301941559,0.5918453046380316,0.467935389568428,0.13165849587563905,0.2570753698058441,0.40815469536196836,0.532064610431572
824727,2026-08-07 00:00:00,2026,801139,14.0,5.921124076843262,0.784099817276001,0.8540211340832536,0.7219980110414708,0.5655114306237039,0.4309986545892788,0.14597886591674636,0.27800198895852923,0.4344885693762961,0.5690013454107212
822776,2026-08-13 00:00:00,2026,801139,4.0,6.153954887390137,0.7855743765830994,0.872456329741107,0.7486727718356807,0.5987086921698866,0.47722359039073126,0.12754367025889302,0.2513272281643193,0.40129130783011335,0.5227764096092687
824722,2026-08-19 00:00:00,2026,801139,6.0,6.025510692596436,0.6922803521156311,0.8608823178178197,0.732547666824954,0.5794619623408778,0.45135135401370785,0.13911768218218035,0.267452333175046,0.42053803765912223,0.5486486459862921
823602,2026-07-12 00:00:00,2026,804267,5.0,3.5034789085388183,0.42679929733276367,0.5397083065531754,0.35191623831900215,0.19367530033765037,0.11064984661834006,0.46029169344682463,0.6480837616809978,0.8063246996623497,0.8893501533816599
823760,2026-07-21 00:00:00,2026,804267,2.0,3.813880825042725,0.43197301030158997,0.5954957784111361,0.40815208493642713,0.23942035065016307,0.13614054508828796,0.4045042215888639,0.5918479150635729,0.7605796493498369,0.863859454911712
823597,2026-07-27 00:00:00,2026,804267,5.0,4.036996841430664,0.446895033121109,0.632443587909128,0.4475722727605422,0.2739109996959981,0.1570499183882303,0.367556412090872,0.5524277272394578,0.7260890003040019,0.8429500816117697
823594,2026-08-01 00:00:00,2026,804267,2.0,4.231591033935547,0.45372462272644043,0.662300406145172,0.48087694804812825,0.30474618796026925,0.17733157883769554,0.33769959385482795,0.5191230519518717,0.6952538120397307,0.8226684211623044
823349,2026-08-07 00:00:00,2026,804267,3.0,4.343371200561524,0.46764233708381653,0.6805401178946459,0.5001094616413719,0.3216164904915931,0.18802568439804296,0.31945988210535414,0.49989053835862807,0.678383509508407,0.811974315601957
824883,2026-08-12 00:00:00,2026,804267,2.0,3.654807186126709,0.4518433213233948,0.5685608176236288,0.3790140427302565,0.21400688004624652,0.12104168744468649,0.43143918237637124,0.6209859572697435,0.7859931199537535,0.8789583125553135
823586,2026-08-18 00:00:00,2026,804267,7.0,3.729514122009278,0.5479643940925598,0.5825945610519913,0.39244411139826213,0.22430780966015992,0.12639217476522802,0.41740543894800874,0.6075558886017378,0.77569219033984,0.873607825234772
822875,2026-07-11 00:00:00,2026,805123,4.0,2.6431530475616456,0.4963250756263733,0.3621975042856851,0.1919312271064131,0.08190192711923829,0.052651971727724484,0.6378024957143149,0.8080687728935869,0.9180980728807617,0.9473480282722755
824169,2026-07-18 00:00:00,2026,805123,3.0,4.018607330322266,0.7735638618469238,0.6332993072238058,0.4445827248589154,0.26778762257012034,0.15113543668266102,0.3667006927761942,0.5554172751410846,0.7322123774298797,0.848864563317339
824001,2026-07-27 00:00:00,2026,805123,1.0,3.8034399032592776,0.8140091896057129,0.5971044152579807,0.405604696644259,0.23374162126397596,0.13086086491221927,0.40289558474201925,0.594395303355741,0.766258378736024,0.8691391350877807
822945,2026-07-31 00:00:00,2026,805326,2.0,2.6439626693725584,0.5574119091033936,0.3621849554976133,0.19147340989987058,0.08138127331498379,0.052263779380796,0.6378150445023867,0.8085265901001294,0.9186187266850162,0.947736220619204
823685,2026-07-10 00:00:00,2026,805673,3.0,4.983819198608399,0.5419768691062927,0.7645925062628366,0.6008614091706659,0.42400364266588275,0.2701217554763864,0.2354074937371634,0.3991385908293341,0.5759963573341172,0.7298782445236136
824653,2026-07-19 00:00:00,2026,805673,4.0,4.739776992797852,0.47366634011268616,0.7340743578552398,0.5636140022931585,0.3852146527784475,0.23675884242795509,0.2659256421447602,0.4363859977068415,0.6147853472215525,0.7632411575720449
823680,2026-07-24 00:00:00,2026,805673,1.0,4.62374792098999,0.5553455948829651,0.7197332475007777,0.5458229570212384,0.3665016723609414,0.22124424648802463,0.2802667524992223,0.4541770429787616,0.6334983276390587,0.7787557535119753
823111,2026-07-31 00:00:00,2026,805673,10.0,5.045397567749024,0.5789203643798828,0.7724583240456099,0.6103602455782627,0.43379220601639856,0.2787505195928584,0.22754167595439012,0.38963975442173726,0.5662077939836014,0.7212494804071417
823750,2026-08-07 00:00:00,2026,805673,4.0,5.395542621612549,0.6713831424713135,0.8087430894504627,0.6583363614208766,0.4882830989638769,0.33500949142971775,0.1912569105495373,0.3416636385791234,0.5117169010361231,0.6649905085702823
823672,2026-08-12 00:00:00,2026,805673,4.0,4.841296195983887,0.6163310408592224,0.7487569573135234,0.5802876536291734,0.401224157318813,0.2491012307849033,0.25124304268647657,0.41971234637082655,0.598775842681187,0.7508987692150967
823667,2026-08-18 00:00:00,2026,805673,4.0,4.730424785614014,0.615875244140625,0.7339279797635901,0.5627199444363078,0.38355228690388893,0.23477776581412924,0.26607202023640986,0.4372800555636922,0.616447713096111,0.7652222341858708
823678,2026-07-26 00:00:00,2026,806960,5.0,3.4578559875488284,0.4264141917228699,0.5325036194771758,0.342222005618619,0.18412825467403235,0.10450713236881266,0.46749638052282416,0.6577779943813811,0.8158717453259676,0.8954928676311873
824975,2026-07-31 00:00:00,2026,806960,1.0,3.286948394775391,0.3900375962257385,0.49873126942106016,0.31107248979137675,0.16153394534181673,0.09316683111603187,0.5012687305789398,0.6889275102086232,0.8384660546581832,0.9068331688839681
823928,2026-07-08 00:00:00,2026,808963,5.0,7.1718648910522464,0.6665151715278625,0.9241131755722962,0.83350532337808,0.717387694489916,0.6788079405529455,0.07588682442770378,0.16649467662191997,0.282612305510084,0.32119205944705453
823524,2026-07-17 00:00:00,2026,808963,5.0,5.611539745330811,0.6371703147888184,0.8276490024910064,0.6848653142780287,0.5203731656407873,0.37318148916058674,0.17235099750899363,0.31513468572197134,0.4796268343592127,0.6268185108394133
823601,2026-07-24 00:00:00,2026,808963,9.0,5.5138318061828615,0.6196125149726868,0.8179453885473914,0.6719479731706751,0.5055258977492113,0.35610632740207987,0.1820546114526086,0.3280520268293249,0.4944741022507887,0.6438936725979201
823921,2026-07-30 00:00:00,2026,808963,7.0,6.2368239402771,0.7027220129966736,0.8750882248527432,0.7540775907714649,0.6075759250311196,0.4932948345847842,0.12491177514725682,0.24592240922853514,0.39242407496888043,0.5067051654152158
825051,2026-08-07 00:00:00,2026,808963,5.0,5.8649254798889165,0.6940568089485168,0.8490947635204853,0.7151222011078233,0.5572422016299233,0.4202132852785553,0.1509052364795147,0.2848777988921767,0.44275779837007667,0.5797867147214447
823915,2026-08-13 00:00:00,2026,808963,2.0,6.82390594482422,0.762472927570343,0.9091712385244436,0.8078896013781431,0.6803045650979807,0.6122403823470604,0.09082876147555641,0.19211039862185686,0.31969543490201935,0.38775961765293965
824318,2026-08-19 00:00:00,2026,808963,6.0,6.029928588867188,0.7590345144271851,0.8614730353925238,0.7332896977092865,0.5802437519700484,0.4522359605808155,0.13852696460747616,0.26671030229071346,0.4197562480299516,0.5477640394191845
823926,2026-07-11 00:00:00,2026,808967,6.0,5.965768337249756,0.6831657886505127,0.8570441978281799,0.7266057193652121,0.57155240056612,0.4396797623677244,0.14295580217182013,0.2733942806347879,0.42844759943388,0.5603202376322756
823523,2026-07-19 00:00:00,2026,808967,7.0,6.305481624603272,0.8002173900604248,0.8812478874875825,0.762719680342201,0.6179200446452063,0.5076701209943404,0.11875211251241746,0.23728031965779905,0.38207995535479367,0.4923298790056596
823600,2026-07-25 00:00:00,2026,808967,5.0,5.6875025749206545,0.681122362613678,0.8359119345590038,0.6955781499923469,0.5322874943579203,0.38663492527165705,0.1640880654409962,0.3044218500076531,0.46771250564207967,0.613365074728343
823920,2026-08-01 00:00:00,2026,808967,3.0,5.269549369812012,0.7050186395645142,0.7974720792214095,0.6424797497405615,0.4691489488449768,0.3134371927964276,0.2025279207785905,0.35752025025943845,0.5308510511550232,0.6865628072035723
825049,2026-08-08 00:00:00,2026,808967,6.0,5.456497478485108,0.7211470007896423,0.8156742764547003,0.6671553023294086,0.497904348941874,0.3450520626242688,0.18432572354529975,0.33284469767059144,0.502095651058126,0.6549479373757312
823913,2026-08-14 00:00:00,2026,808967,9.0,5.9104454040527346,0.6855581998825073,0.8541267804851423,0.721690522931286,0.5645472598698399,0.4288892133890219,0.14587321951485765,0.278309477068714,0.4354527401301601,0.5711107866109781
822713,2026-07-07 00:00:00,2026,837227,3.0,5.044407749176026,0.5767956376075745,0.7699110773303219,0.6086028567198728,0.43349879046653855,0.28001486295427314,0.23008892266967806,0.3913971432801272,0.5665012095334614,0.7199851370457269
824165,2026-07-21 00:00:00,2026,837227,8.0,5.6466058731079105,0.6601144671440125,0.8289882700346275,0.6876444250392513,0.524800559974492,0.3799276430870365,0.1710117299653725,0.3123555749607487,0.47519944002550796,0.6200723569129635
823187,2026-08-12 00:00:00,2026,837227,3.0,5.2344172477722175,0.7002979516983032,0.7916016741518825,0.6360140887856203,0.46326781915326104,0.30883328559519657,0.20839832584811746,0.36398591121437973,0.5367321808467389,0.6911667144048035
824153,2026-08-20 00:00:00,2026,837227,3.0,6.069701004028321,0.6819707751274109,0.863061289000231,0.7362686235518154,0.5848376171007388,0.45995604010704766,0.13693871099976895,0.26373137644818456,0.4151623828992612,0.5400439598929523
