game_pk,pitcher,game_date,strikeouts,prob_over_3.5,prob_over_4.5,prob_over_5.5,prob_over_6.5
822705,453286,2026-07-27 00:00:00,4.0,0.3946514350907959,0.2180219644190275,0.0976003001396945,0.0605441738049924
822783,453286,2026-08-02 00:00:00,5.0,0.6600445044783246,0.4745876406472297,0.2954312764067124,0.1688691069316339
823426,453286,2026-08-08 00:00:00,4.0,0.6946050574967083,0.5142622735744138,0.3332828467115556,0.194887568649731
822776,453286,2026-08-13 00:00:00,4.0,0.6707181455740346,0.487095666560336,0.3075452628960805,0.1771906590976621
822937,453286,2026-08-19 00:00:00,1.0,0.6787168516232824,0.4966002069941971,0.3169176241151918,0.183828963737358
823587,476594,2026-08-19 00:00:00,6.0,0.8160596191542696,0.6696339333715616,0.5031003274247329,0.353632595418944
823277,518876,2026-07-09 00:00:00,6.0,0.5822869751382204,0.3911578208295554,0.2224531187782641,0.1249136362668556
825060,518876,2026-07-17 00:00:00,3.0,0.5842151106636192,0.3938741399852946,0.2252981282373578,0.1268398946378309
825055,518876,2026-07-22 00:00:00,3.0,0.6385453953374696,0.4517592078084072,0.2754880143251011,0.1566872596606102
823353,518876,2026-07-27 00:00:00,6.0,0.6719765050373945,0.488511136416609,0.3088672035705178,0.1780742813238111
824404,518876,2026-08-02 00:00:00,5.0,0.7785349569676427,0.6181889702619303,0.4424297376698136,0.2870518022043444
825051,518876,2026-08-07 00:00:00,4.0,0.7067344665261655,0.5290278395516528,0.3483261428235634,0.2062855156501499
825047,518876,2026-08-12 00:00:00,2.0,0.6866984459543155,0.5053460178903775,0.3248918096899804,0.1891013876419887
824723,518876,2026-08-18 00:00:00,2.0,0.6794376188308062,0.4975247927858974,0.3178932057007153,0.1845677107931107
823033,519242,2026-07-10 00:00:00,5.0,0.8236568290387647,0.6784722338479069,0.5117052041879763,0.3615519350278428
824901,519242,2026-07-17 00:00:00,6.0,0.820348343778753,0.6750984441845829,0.5090925162731426,0.3601064543474287
824893,519242,2026-07-23 00:00:00,11.0,0.8752891612563637,0.7550088611979582,0.6096013984470579,0.4976085924258874
823598,519242,2026-07-29 00:00:00,9.0,0.7954854290259925,0.6411667624942969,0.4691482014603656,0.3149999520848148
823514,519242,2026-08-08 00:00:00,8.0,0.8886027051738372,0.7744841809596981,0.6340284762984819,0.5338547120244143
824882,519242,2026-08-14 00:00:00,9.0,0.812280034633872,0.663152012233372,0.4939320708086091,0.3413657564696956
824896,527048,2026-07-22 00:00:00,3.0,0.5864584348464992,0.3953261454044663,0.2257967539847712,0.1267270457961764
823597,527048,2026-07-27 00:00:00,4.0,0.4340746720307152,0.2522449512354265,0.1201018578205762,0.072058666878091
824890,527048,2026-08-01 00:00:00,6.0,0.544630194789028,0.3545794399271603,0.1940868209868026,0.1099849914716713
824886,527048,2026-08-11 00:00:00,2.0,0.6043875595338261,0.4164832433497615,0.2457031942529053,0.1393418858728838
823668,527048,2026-08-17 00:00:00,3.0,0.582553202462848,0.3944819713906145,0.2277010275198031,0.1292620086859543
822957,543037,2026-07-08 00:00:00,6.0,0.6772144039798603,0.4957075571780004,0.3168440504446257,0.1843113676904691
823524,543037,2026-07-17 00:00:00,8.0,0.8323199821411918,0.6920311351240257,0.52979201317824,0.3857612773559482
823518,543037,2026-07-22 00:00:00,11.0,0.8588433544834441,0.7295891604228338,0.5757588075777583,0.4461793891223005
824569,543037,2026-07-28 00:00:00,7.0,0.8190443873310929,0.6721490671710584,0.5042382051428858,0.352842985707311
824648,543037,2026-08-02 00:00:00,5.0,0.8629326276480823,0.7348884323257282,0.5815729481962203,0.4531284646988848
823514,543037,2026-08-08 00:00:00,9.0,0.9102408997951902,0.8093099232535358,0.6818150634280055,0.6140392534127321
822777,543037,2026-08-14 00:00:00,5.0,0.8640462005587725,0.7369369620829677,0.5846930405970301,0.4583210038071081
824802,543037,2026-08-20 00:00:00,8.0,0.9031519682233524,0.7973845021086,0.6648004829742507,0.5841112453127278
822877,543135,2026-07-09 00:00:00,10.0,0.8058573205709245,0.6541685128951625,0.4831259864097054,0.3289775323907825
824897,543135,2026-07-19 00:00:00,2.0,0.7784185028753063,0.617492994137873,0.4410595172833747,0.2851443555970794
822869,543135,2026-07-25 00:00:00,8.0,0.7539051775457342,0.5864867213980032,0.4075697769028208,0.2544290950204623
824164,543135,2026-07-31 00:00:00,5.0,0.8059652937363541,0.6546064328724788,0.4839690330956024,0.3302661299060486
822863,543135,2026-08-07 00:00:00,2.0,0.8780310122141858,0.7578214238053952,0.6115224243713393,0.4978769421369324
823604,543243,2026-07-10 00:00:00,3.0,0.8139513351634488,0.6665481464656157,0.4992179021152209,0.348857473986691
824739,543243,2026-07-19 00:00:00,5.0,0.7150480444069037,0.5403753171092298,0.3611448808814514,0.2171695106621551
824734,543243,2026-07-25 00:00:00,3.0,0.7547235016808106,0.5893684137351355,0.4126169286150397,0.2606531400185033
824974,543243,2026-07-30 00:00:00,5.0,0.6217420201152487,0.4349995820581775,0.2618519458551056,0.149046075091367
824728,543243,2026-08-05 00:00:00,8.0,0.6692302268064565,0.4875446627586641,0.3099584498335385,0.1801620052609273
822780,543243,2026-08-10 00:00:00,4.0,0.6970210297378439,0.5180218695434969,0.3378695089507096,0.1988596476913864
823347,543243,2026-08-15 00:00:00,7.0,0.6602139859866611,0.4754602743126732,0.2968666398501802,0.170216078344591
824243,544150,2026-07-28 00:00:00,2.0,0.2763307415932475,0.1293793666534551,0.0482291961303192,0.0351690423415653
823929,547179,2026-07-07 00:00:00,5.0,0.5574044074673493,0.3653946076276074,0.2011661881912306,0.1130132553465391
823199,547179,2026-07-12 00:00:00,1.0,0.4934492748652966,0.3045357838694529,0.1556284288167606,0.0895762899422876
824329,547179,2026-07-21 00:00:00,5.0,0.5556020668611971,0.3647260724414783,0.2015218005455642,0.1136773934394774
823275,547179,2026-07-28 00:00:00,2.0,0.6230162569047061,0.4344117018442953,0.2596370111136549,0.1466872317827625
824324,547179,2026-08-03 00:00:00,0.0,0.4861929241908885,0.2972317804686816,0.1499674580046937,0.0864991203133536
823020,547179,2026-08-09 00:00:00,1.0,0.5327262386161898,0.3418455891111219,0.1833913797855903,0.1038874028135334
823184,547179,2026-08-15 00:00:00,1.0,0.5074049165750159,0.3167182073667465,0.163873216384576,0.0934561483870683
824495,554430,2026-07-07 00:00:00,14.0,0.8195966894507049,0.6724259023061507,0.5039973506384655,0.351907179673306
824250,554430,2026-07-12 00:00:00,10.0,0.8731231789766403,0.7497049655136709,0.6000770448541286,0.479299888813198
823437,554430,2026-07-21 00:00:00,9.0,0.8697290188068826,0.7445726339028395,0.5934159556086676,0.4694292435965368
823839,554430,2026-07-27 00:00:00,6.0,0.8309502245174333,0.6875056121805335,0.5211962051560943,0.371336075361498
823428,554430,2026-08-07 00:00:00,6.0,0.8503628449792165,0.7155909888348753,0.5561363736046099,0.4164795628440269
823017,554430,2026-08-12 00:00:00,5.0,0.854443089953831,0.7218843659885725,0.5644593814826109,0.4283202392724377
823423,554430,2026-08-18 00:00:00,7.0,0.8964285324284696,0.7866565581296525,0.6502160955086443,0.5598663731584667
824820,571510,2026-07-07 00:00:00,7.0,0.6808269024469538,0.5013160858640451,0.3236055683003955,0.1900061894330123
824491,571510,2026-07-12 00:00:00,3.0,0.7338568293302801,0.5645694758900686,0.3874607190848199,0.239672356123162
824657,571510,2026-07-18 00:00:00,4.0,0.6960793604800092,0.5192232142322301,0.3412774531751832,0.202986684996089
823352,571510,2026-07-24 00:00:00,4.0,0.6713400702311592,0.4880382165089256,0.3086545600870454,0.1780869899861923
823022,571510,2026-07-29 00:00:00,5.0,0.6425598911449147,0.4557874626715789,0.2787858280084458,0.1585482116787322
824647,571510,2026-08-03 00:00:00,3.0,0.6988458652708261,0.5194132090596498,0.3385097624395634,0.1988028033433643
824078,571510,2026-08-09 00:00:00,3.0,0.6659408281199104,0.4805993724372907,0.3004450914439178,0.1717869484784246
824644,571510,2026-08-15 00:00:00,2.0,0.605735946470501,0.4158210957851421,0.2433750353505083,0.1369595910674828
823203,571578,2026-07-07 00:00:00,2.0,0.5596406974354206,0.3694347421322515,0.205804494881118,0.1162819401771888
822787,571578,2026-07-21 00:00:00,3.0,0.5648652096275079,0.3743468952106365,0.2094833250854111,0.1181468283726821
822712,571945,2026-07-06 00:00:00,3.0,0.504848516560755,0.3160161035090014,0.1645935865196289,0.0944506537656317
822711,571945,2026-07-11 00:00:00,0.0,0.5233912692477074,0.3329378518989611,0.1766974700227399,0.100436674693665
824329,571945,2026-07-21 00:00:00,1.0,0.5125029265035049,0.3225152595414093,0.1688674945471243,0.0963757444979494
822706,571945,2026-07-26 00:00:00,1.0,0.432615230040537,0.2493164653325595,0.1171015716143223,0.0700424287848396
824890,571945,2026-08-01 00:00:00,3.0,0.5876087975667454,0.3966737193378657,0.2270470788967429,0.1275041037089568
823430,571945,2026-08-06 00:00:00,1.0,0.6479157446582061,0.4607733095936592,0.2824791226885418,0.1603627648767374
823205,592332,2026-07-06 00:00:00,8.0,0.7707908056472756,0.61026480828838,0.4359051817040931,0.2828708348426085
823274,592332,2026-07-12 00:00:00,8.0,0.7745126214856852,0.6147132426471293,0.4404579555877425,0.286942563062442
822787,592332,2026-07-21 00:00:00,1.0,0.7791672032162451,0.6201454840930707,0.4458545539557375,0.2916258814997575
824730,592332,2026-07-26 00:00:00,6.0,0.8385291451497063,0.7011427106658246,0.5413372952502749,0.4010164253710698
822781,592332,2026-08-01 00:00:00,4.0,0.9068278680286916,0.8038425593355029,0.6743855708445707,0.6015532867243594
824081,592332,2026-08-07 00:00:00,4.0,0.8664789183898421,0.7407178916288991,0.5897451081382652,0.4659409565007054
822696,592332,2026-08-13 00:00:00,7.0,0.743401470440322,0.5743062892811555,0.3956000034996109,0.2448533072701528
824639,592332,2026-08-18 00:00:00,5.0,0.7775227749677155,0.6179128730449419,0.4432587121834333,0.2889608613348979
823200,592662,2026-07-10 00:00:00,4.0,0.7848233062514164,0.6274873915475785,0.4540496279376074,0.2998035727324157
823113,592662,2026-07-19 00:00:00,6.0,0.7481504749254817,0.5794623782807197,0.4002761798237509,0.2482180039116592
823197,592662,2026-07-25 00:00:00,5.0,0.7570086199381425,0.5911296850108759,0.413329180265775,0.2602454960798722
823271,592662,2026-07-30 00:00:00,6.0,0.705971699023677,0.5290802371991591,0.3493168614124055,0.2077276547466035
823266,592662,2026-08-07 00:00:00,2.0,0.7030432410058448,0.5269600596141,0.3485141500963719,0.208095867915574
823263,592662,2026-08-12 00:00:00,4.0,0.5628391478297716,0.3721406386024593,0.2075754042724201,0.1170317426097934
823586,592662,2026-08-18 00:00:00,4.0,0.7292094020398683,0.5572908097881258,0.3782628077262931,0.2306998014680923
824654,592791,2026-07-20 00:00:00,6.0,0.6671940533213527,0.4846787224200842,0.3067342057945718,0.1776207663142679
823354,592791,2026-07-26 00:00:00,3.0,0.6474189386414856,0.4623391008879063,0.2858097926901166,0.1636898860883025
824158,592791,2026-08-05 00:00:00,4.0,0.7594152729368531,0.5956466541962429,0.4197798402241073,0.2675282455219912
822780,592791,2026-08-10 00:00:00,3.0,0.7333513005902842,0.5629887355711757,0.3848275437933532,0.2366526816476573
823927,593958,2026-07-10 00:00:00,5.0,0.5951115039337634,0.4046233823214825,0.2338306434775486,0.1314296966596968
825057,593958,2026-07-19 00:00:00,3.0,0.5813949190736628,0.391600460733586,0.2239272747075205,0.1263556727583785
822707,593958,2026-07-24 00:00:00,4.0,0.6937369061324671,0.5152519084544336,0.3361823764668042,0.1983710360260442
823351,593958,2026-07-29 00:00:00,2.0,0.6766242987086987,0.49387388212632,0.3140083001598555,0.1816143497218359
825054,593958,2026-08-04 00:00:00,4.0,0.6456454709888586,0.4592996017241864,0.2820697694291153,0.1606879402388928
825050,593958,2026-08-09 00:00:00,9.0,0.6093477626448998,0.4192094908022435,0.2459140192782382,0.138230226052196
824884,593958,2026-08-15 00:00:00,5.0,0.7302746792839647,0.5567089315885406,0.375750268839242,0.2271281208898013
822881,594798,2026-07-07 00:00:00,7.0,0.8808792219277162,0.7618454980760629,0.6163641644819859,0.5046371826940674
822874,594798,2026-07-20 00:00:00,6.0,0.8454292320143847,0.7094404100332549,0.5496870452550405,0.4095001413177114
822870,594798,2026-07-26 00:00:00,4.0,0.9094031084671788,0.8079512943465422,0.67994465990017,0.6108484618818608
824162,594798,2026-08-01 00:00:00,3.0,0.9373550861409202,0.8561151786177987,0.7495730794980211,0.7345907385650425
822864,594798,2026-08-08 00:00:00,9.0,0.9167704535249904,0.8198880052832456,0.6962897206928237,0.6385680789521228
823995,594798,2026-08-13 00:00:00,3.0,0.9166173547007824,0.8195317196615892,0.6956427460733714,0.6371799589711382
822861,594798,2026-08-20 00:00:00,10.0,0.9164165485975778,0.8202824966612935,0.6982434290854788,0.6444490887208034
822942,605135,2026-08-14 00:00:00,3.0,0.4219800440295584,0.2395739993991468,0.1103819935091634,0.066514704140424
824801,605135,2026-08-19 00:00:00,6.0,0.4507025873082787,0.264593474742537,0.1269176895695343,0.0747563325390605
824079,605280,2026-08-08 00:00:00,1.0,0.7592841673364968,0.5929639991615082,0.4142054962131662,0.260056618609983
824643,605280,2026-08-14 00:00:00,3.0,0.7757553052177084,0.6159425704816952,0.4414126600085811,0.287482440498948
824640,605280,2026-08-19 00:00:00,1.0,0.7641548174187028,0.6004092239059109,0.4236235418390642,0.2698719533970165
823203,605288,2026-07-07 00:00:00,5.0,0.782437204951258,0.6245137352291463,0.4508675351189736,0.29675043341451
823113,605288,2026-07-19 00:00:00,1.0,0.7417040756564663,0.5713660850621595,0.3916379377173598,0.2407556899689092
823194,605288,2026-07-26 00:00:00,2.0,0.7941148168299366,0.6382211358950611,0.4645207715033145,0.3088436155395795
823272,605288,2026-07-31 00:00:00,3.0,0.7948792752402114,0.6385276640185972,0.4640712756228872,0.3075577798729004
823191,605288,2026-08-07 00:00:00,4.0,0.7259430033408735,0.5510362134140905,0.3695173551690502,0.2218277462024289
823187,605288,2026-08-12 00:00:00,5.0,0.7275184240812681,0.5528248111233244,0.3712238588181623,0.2230820611390775
824394,605288,2026-08-19 00:00:00,3.0,0.6423020010500605,0.4544351858512246,0.2766109399474619,0.1565916191141423
824252,605400,2026-07-10 00:00:00,8.0,0.6955706248194166,0.5168533486339357,0.3372303125139376,0.1987608550983578
823440,605400,2026-07-16 00:00:00,6.0,0.7783523281779167,0.6174671216904416,0.4410953365248666,0.28524089058638
823438,605400,2026-07-22 00:00:00,4.0,0.7471195156805004,0.5787196466938611,0.4000541372261991,0.2485093634697271
823838,605400,2026-07-28 00:00:00,4.0,0.7318369367010998,0.5612887503741396,0.3832125220122603,0.2354333980861874
823431,605400,2026-08-03 00:00:00,5.0,0.7919731288263842,0.6363108735146864,0.4633856306099471,0.3087301250601486
823426,605400,2026-08-08 00:00:00,8.0,0.7511649934828531,0.5831054810204579,0.4040195571726921,0.2513622866979829
823669,605400,2026-08-13 00:00:00,9.0,0.7715738997090479,0.609313933451124,0.432739989632838,0.2778435951675343
823424,605400,2026-08-19 00:00:00,8.0,0.8652847259520079,0.7392496514076857,0.5882553080882078,0.4643413874816334
824253,605488,2026-07-08 00:00:00,4.0,0.6536020085708847,0.4697749904411986,0.2931586194177591,0.1687921841243854
825058,605488,2026-07-20 00:00:00,2.0,0.4800083860345988,0.2936571062345363,0.1488921705758384,0.0866891014089399
824975,605488,2026-07-31 00:00:00,2.0,0.5062995950935841,0.3174039953777241,0.1656322187098544,0.0949912214680395
824076,605488,2026-08-19 00:00:00,1.0,0.493341493053628,0.3042995067969549,0.1553597218835114,0.0893889219191796
823270,606996,2026-08-02 00:00:00,2.0,0.2850428273334607,0.1350018059725868,0.0508778494780112,0.0365218864018522
825052,606996,2026-08-05 00:00:00,3.0,0.4885433161056621,0.2981813855917627,0.1497917513305302,0.0859883261300342
824815,607067,2026-07-08 00:00:00,2.0,0.579646266836356,0.3912646755083151,0.2248378990787622,0.1275313238427054
824655,607067,2026-07-17 00:00:00,6.0,0.5615054231223715,0.3721270359314967,0.2086155451070382,0.1181683795180881
824650,607067,2026-07-22 00:00:00,5.0,0.6654982025582559,0.4850763197215857,0.3092500986902806,0.1807710090095357
823026,607067,2026-07-28 00:00:00,2.0,0.5579475820710473,0.3692157559879522,0.2067933002379378,0.1174490102220512
824648,607067,2026-08-02 00:00:00,7.0,0.6786855648931686,0.496972708385949,0.3176585045878937,0.1846054655631303
824079,607067,2026-08-08 00:00:00,0.0,0.6551440470173309,0.4703484091690637,0.2926465866513926,0.1677853795524423
824803,607074,2026-08-18 00:00:00,4.0,0.8713561416973549,0.7475695738044263,0.5979974714719923,0.4772312064890695
824576,607200,2026-07-11 00:00:00,3.0,0.5658142971372818,0.3758121504238254,0.2110708608820169,0.1192376735343232
822874,607200,2026-07-20 00:00:00,6.0,0.6128397595580318,0.4248837493477648,0.2524896030979038,0.1430928338380939
824572,607200,2026-07-26 00:00:00,2.0,0.7518488593791298,0.5848310923296941,0.4067740764624585,0.2545759848333804
822945,607200,2026-07-31 00:00:00,6.0,0.6456828472801914,0.4598016233670809,0.2829399823806976,0.1615010922815296
824731,607200,2026-08-04 00:00:00,1.0,0.6666798054961846,0.4837411767376118,0.3055227277394007,0.1765828133229523
824561,607200,2026-08-13 00:00:00,1.0,0.6095886204169458,0.4206966521295077,0.2482406126665245,0.1402048052235136
824639,607200,2026-08-18 00:00:00,5.0,0.6372945400170342,0.4513181043409644,0.2759144170431001,0.1574635942625806
822955,607259,2026-07-10 00:00:00,1.0,0.6257798651251942,0.4388673109801456,0.2648500021471718,0.1506275134358469
822788,607259,2026-07-20 00:00:00,0.0,0.5620713751690457,0.3712819084051522,0.2068172033786729,0.1165814292404772
822948,607259,2026-07-25 00:00:00,5.0,0.3823649515425742,0.2083938314753395,0.0919361897690526,0.0578219910820903
822945,607259,2026-07-31 00:00:00,2.0,0.539143913964521,0.349648715882575,0.1905907781852696,0.1083061616105571
824322,607259,2026-08-05 00:00:00,4.0,0.5089115377558843,0.3195707530569661,0.1670176233302048,0.0955945688086854
824970,607259,2026-08-11 00:00:00,5.0,0.5240654312927524,0.3344994607471576,0.1785606142458719,0.1017564147506196
822938,607259,2026-08-18 00:00:00,5.0,0.4421279364344272,0.2584148702103145,0.1236621265539134,0.0735697727641549
823930,607536,2026-07-06 00:00:00,2.0,0.7100628970002449,0.5344806350358959,0.3552569708608245,0.2126520426664285
823198,607536,2026-07-11 00:00:00,9.0,0.6981915202830427,0.5219549129575004,0.3442261144381303,0.2053704562911933
824328,607536,2026-07-20 00:00:00,4.0,0.7427142715780563,0.5753258879072307,0.3986146106657026,0.2490993837340119
823755,607536,2026-07-26 00:00:00,2.0,0.7190153253571445,0.5450926191601223,0.365891398227194,0.2208654745173009
824323,607536,2026-08-02 00:00:00,8.0,0.6697900186924827,0.4879244275229429,0.3100798751946077,0.180085509163513
823021,607536,2026-08-08 00:00:00,3.0,0.6630958335419931,0.4785622862020359,0.2996265622403271,0.1719538535926537
823185,607536,2026-08-14 00:00:00,2.0,0.7873397280496931,0.6292115910266491,0.4542423323543909,0.2982536990386969
824318,607536,2026-08-19 00:00:00,5.0,0.6549554211692679,0.4698796033201835,0.2919789624277689,0.1671992973424501
823607,607625,2026-07-07 00:00:00,4.0,0.4565290505224917,0.271851549275924,0.1332391690560563,0.0785933655362974
824814,607625,2026-07-12 00:00:00,6.0,0.6096066596353281,0.4209704319246968,0.2486933412011389,0.1405978173687326
824090,607625,2026-07-17 00:00:00,3.0,0.6027669428146013,0.4140002647658582,0.2429210508666571,0.1373317992814087
824083,607625,2026-07-22 00:00:00,5.0,0.6108229044860924,0.4232345943321579,0.2514809285602312,0.142739366242356
823676,607625,2026-07-28 00:00:00,2.0,0.6828478551908506,0.5025054703527329,0.3236772446541761,0.1893081281157202
824323,607625,2026-08-02 00:00:00,3.0,0.6543054694636716,0.4693260867843244,0.2916249646040258,0.1670687431972478
824079,607625,2026-08-08 00:00:00,5.0,0.5841106562377956,0.3937134357523165,0.2251217746709706,0.1267183173585501
823993,607625,2026-08-14 00:00:00,4.0,0.7208914674370399,0.5453914802555755,0.3642317539448866,0.2180380797466523
824076,607625,2026-08-19 00:00:00,3.0,0.7004871493654693,0.5219254797870766,0.3415507718612144,0.2014443741760082
823519,608331,2026-07-22 00:00:00,7.0,0.8545527320191679,0.7233200849051287,0.567854363211596,0.4351567096388237
824570,608331,2026-07-27 00:00:00,4.0,0.7533888663807723,0.5885715708449395,0.4126860460137723,0.261536620897658
824649,608331,2026-08-01 00:00:00,7.0,0.7234679781491201,0.5504082299439456,0.3712653587378034,0.2251016609244438
823515,608331,2026-08-07 00:00:00,7.0,0.8988929953124838,0.7918728489989874,0.6590604265429427,0.5774814382097201
823508,608331,2026-08-13 00:00:00,4.0,0.802399906750977,0.6514880610247594,0.4822641969679697,0.3304634417385562
824331,608372,2026-07-18 00:00:00,3.0,0.6002254722689191,0.4100575382547875,0.2384941376111085,0.1341470501284699
823759,608372,2026-07-24 00:00:00,5.0,0.5658980231946936,0.3751426133144637,0.2099291432161016,0.1182839761103941
824325,608372,2026-07-31 00:00:00,2.0,0.4906941990612358,0.3029128220672398,0.1551165082257349,0.0896446537172941
824322,608372,2026-08-05 00:00:00,3.0,0.4805924049192774,0.2921067073842252,0.1463422260608448,0.0846809731557913
825046,608372,2026-08-11 00:00:00,5.0,0.5485893463322475,0.3575756484952855,0.1957308637013458,0.1104906774846348
824320,608372,2026-08-17 00:00:00,3.0,0.5030766056031623,0.3137166239769506,0.1624438666975522,0.0931148830224081
823606,608379,2026-07-09 00:00:00,5.0,0.8049745376245474,0.65354882376266,0.4830601561237019,0.3296137553793588
824087,608379,2026-07-20 00:00:00,5.0,0.6720505204912378,0.4882821078283319,0.3083586443791465,0.1775349775152138
824244,608379,2026-07-25 00:00:00,3.0,0.8237898580854229,0.6792066052189555,0.5132351080735401,0.364144950451328
824325,608379,2026-07-31 00:00:00,7.0,0.7415887981359894,0.5710346044395403,0.3910942158083143,0.2401339332541853
824080,608379,2026-08-06 00:00:00,1.0,0.6971811770379269,0.5171933662344773,0.3360714728128626,0.1968434109372906
823917,608379,2026-08-11 00:00:00,5.0,0.6667558217387821,0.4817318634731524,0.3016992052778284,0.1727446250580576
824077,608379,2026-08-17 00:00:00,3.0,0.6468068816607033,0.4605567127724341,0.2831901602758543,0.1613854187083275
823280,608566,2026-07-07 00:00:00,4.0,0.5748131911329137,0.3843335780284487,0.2175158788452116,0.1225323798864456
823274,608566,2026-07-12 00:00:00,4.0,0.6746183461815908,0.49175786766603,0.3121624350860569,0.1804629699443114
824086,608566,2026-07-19 00:00:00,2.0,0.5750782105054818,0.3841029850510591,0.2169235482421424,0.1219832590902962
823272,608566,2026-07-31 00:00:00,2.0,0.5350520901545215,0.3440102891100805,0.184978087806726,0.1046805935370579
823197,608718,2026-07-25 00:00:00,4.0,0.2123957986127622,0.0889797005672373,0.0295972099551887,0.0246116208847527
824000,608718,2026-08-01 00:00:00,1.0,0.4902108350459749,0.3006891567370043,0.1522631549770771,0.0875725350850527
824887,608718,2026-08-10 00:00:00,3.0,0.3422207691680282,0.1769481538916806,0.0735477366959568,0.048526226006663
824884,608718,2026-08-15 00:00:00,0.0,0.420807494020788,0.238725101009524,0.1099311087550466,0.0663379570549114
822878,615698,2026-07-10 00:00:00,1.0,0.4659411258560759,0.2800438937282304,0.1387352357837642,0.0812739112392941
824901,615698,2026-07-17 00:00:00,3.0,0.467602112369916,0.2815473165987693,0.139785662095567,0.0818040444561364
822873,615698,2026-07-22 00:00:00,1.0,0.534425514624225,0.3440165188185796,0.1854525908417398,0.1051784023738652
822949,615698,2026-07-28 00:00:00,7.0,0.42109919679567,0.2392026543758688,0.1103804001681491,0.0666290437292114
822867,615698,2026-08-03 00:00:00,4.0,0.6102443151020028,0.4205077986217869,0.2473259823645786,0.1392293517346086
823994,615698,2026-08-12 00:00:00,6.0,0.5048398688787963,0.3135499442024274,0.1610074032644491,0.0917214589207826
822859,615698,2026-08-18 00:00:00,5.0,0.5493925027551351,0.3586359843858049,0.1967710032714253,0.1111581449820183
823282,621111,2026-07-06 00:00:00,4.0,0.7154139543287568,0.5411285056304358,0.3622234163213447,0.2182552756165254
823276,621111,2026-07-11 00:00:00,1.0,0.7708472424014946,0.6098984787666646,0.4350247411949967,0.2815713399384532
824895,621111,2026-07-21 00:00:00,3.0,0.6586361836863409,0.475487677760292,0.298537708496462,0.1723939595635648
823840,621111,2026-07-26 00:00:00,7.0,0.6431422152344379,0.4577289072430663,0.2817073746059594,0.1611264576411261
823269,621111,2026-08-01 00:00:00,1.0,0.7809885960846543,0.6225388132199813,0.4485578256055359,0.2943416016848093
825053,621111,2026-08-06 00:00:00,3.0,0.5428896509566848,0.3514600916581471,0.1905703741158605,0.1075439591229748
823264,621111,2026-08-11 00:00:00,5.0,0.6676171973723021,0.4833497598425496,0.3038100436502259,0.1745420122683086
823589,621111,2026-08-17 00:00:00,4.0,0.6965892191293871,0.5166949765324718,0.3357708367881778,0.1967608990014368
823762,621121,2026-07-20 00:00:00,4.0,0.7588738203125864,0.5941798259846192,0.4173626272141675,0.264563848121966
823758,621121,2026-07-25 00:00:00,1.0,0.7981985652848728,0.6471325285464088,0.478652051426103,0.3280269773690978
822955,622491,2026-07-10 00:00:00,4.0,0.7081815745255805,0.532152187521703,0.3528313966063984,0.2107266184032057
823114,622491,2026-07-21 00:00:00,3.0,0.7584070595430866,0.5924375765541661,0.4142569752477865,0.2606533743696942
823923,622491,2026-07-28 00:00:00,2.0,0.7174463964996414,0.5431790692079728,0.3639173549105344,0.2192871734486825
824729,622491,2026-08-06 00:00:00,5.0,0.6776434732238025,0.4949071367294078,0.3148667060401638,0.1821183505305893
824562,622491,2026-08-12 00:00:00,10.0,0.7456539747302744,0.5757628834378699,0.3957429034569367,0.2437988321555769
824641,622491,2026-08-17 00:00:00,1.0,0.8138534122430986,0.6652972330122053,0.4964537480724089,0.3442308250986464
823106,623454,2026-08-05 00:00:00,0.0,0.6665247236224263,0.4822856699352726,0.3029713708443412,0.1740876564548415
824240,623454,2026-08-11 00:00:00,4.0,0.5931942681908682,0.4028227833449557,0.2324800575761254,0.1307505533843231
824236,623454,2026-08-16 00:00:00,5.0,0.5747050360336665,0.3832589095433176,0.2158605036518294,0.1211903479591676
824730,624133,2026-07-26 00:00:00,6.0,0.6008883872612001,0.4100735957984398,0.2379382180929355,0.1335010782155273
823922,624133,2026-07-31 00:00:00,2.0,0.7843515195273973,0.6280916401170088,0.4560789261293828,0.3032207113041948
824729,624133,2026-08-06 00:00:00,3.0,0.8294840387589572,0.6892731193567225,0.5278847433629227,0.3851386310242992
822779,624133,2026-08-12 00:00:00,2.0,0.7340080208947481,0.5634675094773649,0.3849962282564079,0.236522527169167
824723,624133,2026-08-18 00:00:00,3.0,0.5778499670766363,0.3878676734058977,0.2207659498228528,0.1245363547878267
824900,625643,2026-07-06 00:00:00,5.0,0.5269875268051022,0.3363058760588301,0.1791770714099942,0.101688914293909
823030,625643,2026-07-11 00:00:00,3.0,0.5985402986831739,0.4102341346321281,0.240271501414878,0.1361117832185316
824895,625643,2026-07-21 00:00:00,6.0,0.620885547134597,0.4331681242648349,0.2594518329182871,0.1471153417365719
824810,625643,2026-07-26 00:00:00,6.0,0.6708173771285415,0.4876248988804979,0.3084334109850332,0.178049745205318
823606,640455,2026-07-09 00:00:00,6.0,0.6175671592041919,0.4293437433497983,0.2558722215670845,0.1448217138443747
823441,640455,2026-07-18 00:00:00,7.0,0.7768610797990979,0.6164785117822321,0.4410314990219341,0.2861719044732591
823601,640455,2026-07-24 00:00:00,3.0,0.6223506294535085,0.4344516082430466,0.2603274363199429,0.1474961194608655
823596,640455,2026-07-29 00:00:00,4.0,0.7724309941089444,0.610940589627645,0.4351008496984789,0.2806311806355678
824403,640455,2026-08-04 00:00:00,7.0,0.7790987262542488,0.6192146458815909,0.4438924706087228,0.2887936398720764
823345,640455,2026-08-09 00:00:00,11.0,0.8355917952315904,0.6947572048160279,0.5308419601401877,0.3842684673473045
823588,640455,2026-08-15 00:00:00,7.0,0.8895956113770481,0.7760132735006217,0.6360508077248345,0.5370717595062653
824577,641743,2026-07-09 00:00:00,4.0,0.7328932982559591,0.5638972117998842,0.3872750801797192,0.239942433117947
822789,641743,2026-07-17 00:00:00,5.0,0.5632470741323128,0.3721095358385202,0.2072009545363493,0.1166400035460514
822873,641743,2026-07-22 00:00:00,4.0,0.6564829527407612,0.4721108810691372,0.2945199693829436,0.169166938351841
824569,641743,2026-07-28 00:00:00,7.0,0.6175724809534036,0.4284479018146271,0.2543157773588141,0.1434307357184075
822943,641743,2026-08-02 00:00:00,3.0,0.6042452369394451,0.4134722473781353,0.2407150823414376,0.1350394016621625
824565,641743,2026-08-08 00:00:00,4.0,0.7010889880211708,0.5237608172725393,0.3444644727726308,0.2044082543209394
824239,641743,2026-08-15 00:00:00,4.0,0.6788228143972833,0.4985619170684233,0.3205290280850877,0.1875378259216134
824589,641743,2026-08-20 00:00:00,6.0,0.711955547562455,0.5370558266137473,0.3581654087535191,0.2151372219829909
823930,641778,2026-07-06 00:00:00,3.0,0.7089597343674802,0.5318034601151378,0.3512264647329881,0.2085675572684936
823438,641778,2026-07-22 00:00:00,5.0,0.6636193486610581,0.4783248592616637,0.2986426733628792,0.1708070369787485
823924,641778,2026-07-29 00:00:00,4.0,0.7001965547558836,0.5209276306657932,0.3399292128371447,0.1997892615241928
824646,641778,2026-08-05 00:00:00,1.0,0.6050872192493395,0.4147235524781604,0.2420885040684448,0.1360110727314409
823916,641778,2026-08-12 00:00:00,6.0,0.6445479583960807,0.4568239052904998,0.2786919305076314,0.1578474209164773
824319,641778,2026-08-18 00:00:00,6.0,0.705371130618693,0.5260732540432673,0.3440751929317252,0.2021541309638503
822709,641793,2026-07-10 00:00:00,5.0,0.5925419339951356,0.40186897673255,0.2314516810415909,0.130036085332647
824979,641793,2026-07-18 00:00:00,4.0,0.5575120516588156,0.3660377406939404,0.2020970323091555,0.1137380229907721
822707,641793,2026-07-24 00:00:00,5.0,0.5741382880315092,0.3831963345299191,0.2162240979434227,0.1216175160636085
822702,641793,2026-07-29 00:00:00,2.0,0.6034959941403686,0.4146951285654253,0.2434541931632987,0.1376062377155003
823432,641793,2026-08-04 00:00:00,2.0,0.6419675760440665,0.4555748945412351,0.2789857268628172,0.1589177084604014
825048,641793,2026-08-10 00:00:00,2.0,0.544800965012722,0.353932433100048,0.1929517917708625,0.1090469143290637
824725,641793,2026-08-17 00:00:00,0.0,0.4945709351111556,0.3055141769219718,0.1562894707504554,0.08988820390037
823198,641816,2026-07-11 00:00:00,4.0,0.7225298367460234,0.5506698639439944,0.3729374480603883,0.2275605644431105
824085,641816,2026-07-21 00:00:00,4.0,0.606689739134871,0.4182491385239893,0.2466595075243457,0.1395785168217602
823195,641816,2026-07-27 00:00:00,3.0,0.6999457207330075,0.5225396549783358,0.3433728536497593,0.2036823017804974
823269,641816,2026-08-01 00:00:00,9.0,0.7085313033445282,0.5314481754361292,0.3510242322218001,0.2085283094578927
823515,641816,2026-08-07 00:00:00,9.0,0.8424362549625186,0.7054583694909491,0.5451375933881795,0.4040196975243714
824883,641816,2026-08-12 00:00:00,7.0,0.8084613963514933,0.6586188841036894,0.4893778110943325,0.3370752665577966
823667,641816,2026-08-18 00:00:00,3.0,0.7681665403318997,0.6050389296721206,0.4281524275414294,0.2736114978170686
823683,641927,2026-07-09 00:00:00,5.0,0.50896039049002,0.3193228650036308,0.1666206240114193,0.0952832672755658
824655,641927,2026-07-17 00:00:00,7.0,0.5271256045639439,0.3376461454237099,0.1811027792514919,0.1031638126849807
824408,641927,2026-07-22 00:00:00,2.0,0.5950736991701313,0.4059876903974675,0.236148992484839,0.1334213830450951
823674,641927,2026-07-30 00:00:00,3.0,0.7425637499496077,0.5741277639435074,0.3963015356613527,0.2462081146772444
824080,641927,2026-08-06 00:00:00,0.0,0.6387755512927772,0.4518030423380728,0.2753427561885532,0.1564816471888264
823673,641927,2026-08-11 00:00:00,4.0,0.6205356330480203,0.4316427285945792,0.2571212609992643,0.1451193029752026
823668,641927,2026-08-17 00:00:00,4.0,0.5066695621319919,0.3171492441414811,0.1650074788755239,0.0944512465141988
823433,642232,2026-07-26 00:00:00,2.0,0.2191331402589876,0.0923994615199545,0.0308226260523959,0.0251955338334815
824802,642232,2026-08-20 00:00:00,4.0,0.3190831407960068,0.1591195111384797,0.0634117689202396,0.0431412687552436
824900,642547,2026-07-06 00:00:00,6.0,0.6833085699234239,0.5022219014647666,0.3226304888827598,0.1880339768627053
823603,642547,2026-07-11 00:00:00,6.0,0.7491468664165547,0.5815026385832099,0.4032779472632453,0.2515468901043896
823762,642547,2026-07-20 00:00:00,6.0,0.7583179325983747,0.5931714027753371,0.4159478321167197,0.2629844817654242
823599,642547,2026-07-26 00:00:00,3.0,0.7140638036087485,0.5389983199512227,0.3595555409999368,0.2157808105354593
824321,642547,2026-08-04 00:00:00,3.0,0.687331283471064,0.5059382029409645,0.325329441470473,0.189316310932181
824969,642547,2026-08-10 00:00:00,5.0,0.7003281981643772,0.5218088170735314,0.3415051910328438,0.2014609128634846
822940,642547,2026-08-16 00:00:00,2.0,0.7621647485624606,0.5975803957256406,0.4202262564731941,0.2664449944585797
822958,643377,2026-07-06 00:00:00,10.0,0.6769321720923511,0.4976023240178884,0.3207419302845286,0.1884724927650161
822953,643377,2026-07-11 00:00:00,3.0,0.7378345665643815,0.5692291045986925,0.3921136832969663,0.2434330616872763
824766,643377,2026-07-17 00:00:00,6.0,0.8008749553595041,0.6509390667252745,0.4833208854048095,0.3334676089002673
822784,643377,2026-07-22 00:00:00,5.0,0.786398972158062,0.6299523413263692,0.4572741898676884,0.3035365097419331
822949,643377,2026-07-28 00:00:00,10.0,0.7878626247694314,0.6346899778722379,0.4657601577633567,0.3155615204796442
822943,643377,2026-08-02 00:00:00,8.0,0.8299562729027143,0.6891129436782032,0.526717757367991,0.3824847961700693
823845,645261,2026-07-10 00:00:00,8.0,0.8330096363807513,0.69143775066311,0.5271957883582776,0.3802083613839542
823766,645261,2026-07-17 00:00:00,7.0,0.7817108468603459,0.6218843506406043,0.4460681305746002,0.2901537394143422
824166,645261,2026-07-22 00:00:00,3.0,0.8194650575992725,0.6721888451310355,0.5036536611213588,0.3514376934367075
823838,645261,2026-07-28 00:00:00,5.0,0.8007814754980559,0.6469350447979095,0.4742979673823627,0.3189288663982438
823592,645261,2026-08-02 00:00:00,5.0,0.862708481548554,0.7340517171831037,0.5798660698535912,0.4497909644863528
823834,645261,2026-08-08 00:00:00,8.0,0.8819581970683796,0.7633819834998258,0.6182288107778858,0.5072759542028717
824479,645261,2026-08-14 00:00:00,2.0,0.874350930031568,0.7510889937574118,0.6012589997664927,0.4801442073027793
823424,645261,2026-08-19 00:00:00,1.0,0.8651608737911115,0.7375618612159442,0.584179251503305,0.4557037977729213
825048,647336,2026-08-10 00:00:00,4.0,0.7687602507121261,0.6059656348245818,0.4293466380953382,0.2748996071716167
824880,647336,2026-08-16 00:00:00,5.0,0.748577105742232,0.5818775263208348,0.4048107849625235,0.2538749069884565
823279,650633,2026-07-08 00:00:00,4.0,0.7173717399630621,0.5427542900636443,0.3631512162838259,0.2184271259059428
824090,650633,2026-07-17 00:00:00,4.0,0.7051422073269293,0.5295877173686748,0.3512818604317382,0.2103070291838275
824896,650633,2026-07-22 00:00:00,7.0,0.7205535461780896,0.5487375953872816,0.3714075535306755,0.2266810633601252
823275,650633,2026-07-28 00:00:00,6.0,0.7404988456148748,0.5718916204805149,0.3942725552383785,0.244742218579808
825095,650633,2026-08-03 00:00:00,5.0,0.712505177448863,0.5360992991462797,0.3556058152130118,0.2119538390006752
823267,650633,2026-08-08 00:00:00,6.0,0.815105728923148,0.6677678989997684,0.5002455911564015,0.3495772726888472
824399,650633,2026-08-14 00:00:00,4.0,0.7654176750705938,0.6015130606712118,0.4242850958289458,0.269990524505666
823587,650633,2026-08-19 00:00:00,4.0,0.8080868341884221,0.6580548425393851,0.4886512325297915,0.3361864882827454
824575,650644,2026-07-10 00:00:00,4.0,0.576824289102334,0.3877499776613942,0.2214238467596515,0.1253223595739577
824652,650644,2026-07-21 00:00:00,2.0,0.5374408810219367,0.3487102094957948,0.1904173978111532,0.1085062262921217
824664,650644,2026-08-06 00:00:00,3.0,0.589568940791476,0.3992496531439696,0.229645019603175,0.1292251094111839
824089,650911,2026-07-06 00:00:00,1.0,0.7906587055131006,0.6340517410500321,0.4602366101379103,0.3048815544726744
824249,650911,2026-07-11 00:00:00,7.0,0.7569832272206054,0.5907627906721836,0.4125823016578266,0.2592626323754127
823436,650911,2026-07-20 00:00:00,7.0,0.7717577793229138,0.609959783021128,0.4338939250416375,0.2793582151767848
823433,650911,2026-07-26 00:00:00,6.0,0.840153406504621,0.7022691204043566,0.5412894594438936,0.399126261807804
824808,650911,2026-08-01 00:00:00,11.0,0.8340699338144381,0.6927827836847672,0.5286531355032169,0.3818033862430118
823430,650911,2026-08-06 00:00:00,6.0,0.8349970638003053,0.6942667813541915,0.5306676131225138,0.3845752230189492
823019,650911,2026-08-11 00:00:00,7.0,0.8060336392717299,0.6543762386268166,0.4833329688408524,0.3291675351933506
823427,650911,2026-08-17 00:00:00,6.0,0.8908225830752092,0.7778246703049104,0.638327111735066,0.54049420154222
823277,656288,2026-07-09 00:00:00,5.0,0.6636584112242597,0.4797766762885533,0.3012940946887284,0.1734121408701205
824088,656288,2026-07-18 00:00:00,4.0,0.501411558863943,0.3149220317601205,0.1653333785073388,0.0956164960889473
824893,656288,2026-07-23 00:00:00,4.0,0.52915799701922,0.3397773896066258,0.1828575866486116,0.1041518943738521
823273,656288,2026-07-29 00:00:00,4.0,0.6734392465423786,0.4942386070747516,0.3181056174833194,0.1870196038240065
823202,656302,2026-07-08 00:00:00,11.0,0.9437859788939824,0.8675586622075288,0.7663299418711419,0.7635066096906642
822788,656302,2026-07-20 00:00:00,7.0,0.8958252030277613,0.7846525163216669,0.6460855949810478,0.5507559314840194
824734,656302,2026-07-25 00:00:00,12.0,0.9422847389469724,0.8647060301371293,0.7618841314592758,0.7554276543335949
822782,656302,2026-07-31 00:00:00,7.0,0.936405289464891,0.8537149930149869,0.7449732791786494,0.7245456417858219
824664,656302,2026-08-06 00:00:00,10.0,0.9168254570935608,0.8194768079827788,0.6949897879020651,0.6350218332614247
822778,656302,2026-08-11 00:00:00,7.0,0.9189434848811442,0.8228778984441769,0.6995694995552042,0.6426292659030546
822774,656302,2026-08-16 00:00:00,10.0,0.939892330026776,0.8601026233598021,0.7546259328831606,0.7419714037236474
824252,656427,2026-07-10 00:00:00,6.0,0.8348262075587835,0.6954307198232781,0.5337752362425164,0.3905946720055179
824654,656427,2026-07-20 00:00:00,4.0,0.7446515569491543,0.5772746432825325,0.4002113972659062,0.2500912958417364
822710,656492,2026-07-08 00:00:00,9.0,0.7345798740204604,0.5630918146468933,0.3835018486819704,0.2343791798515508
824978,656492,2026-07-19 00:00:00,2.0,0.7733558818144168,0.6117872130213129,0.4356610359600738,0.2808145637815935
822704,656492,2026-07-25 00:00:00,2.0,0.6592433438264175,0.4744529444850828,0.2960060503054574,0.1696994594025554
824892,656492,2026-07-31 00:00:00,3.0,0.7569115122524969,0.5916859461782241,0.4146507827323842,0.2620810795033323
824401,656492,2026-08-06 00:00:00,6.0,0.6963322895070501,0.51669598993756,0.3360648359331705,0.1971837258664117
824241,656492,2026-08-12 00:00:00,3.0,0.7446555739884855,0.5753648737183182,0.3962001819380715,0.2449306036431885
824398,656492,2026-08-18 00:00:00,6.0,0.820111826457431,0.674176241332151,0.507298885698367,0.3571795620248893
823360,656550,2026-07-08 00:00:00,5.0,0.6870110260326248,0.5096192334026171,0.3327674130239113,0.1973784360871462
824897,656550,2026-07-19 00:00:00,2.0,0.5877581990740797,0.3996888210988168,0.231921465372804,0.1316006173532407
824812,656550,2026-07-24 00:00:00,5.0,0.5837363532957796,0.3943803112197359,0.22653632919394,0.1279950731902281
824894,656550,2026-07-30 00:00:00,4.0,0.5887477517795862,0.3986910459520104,0.2294193709695923,0.1292339791842588
824888,656550,2026-08-04 00:00:00,5.0,0.7154282101741729,0.5420132234873613,0.3639799754710916,0.2203020968420963
823513,656550,2026-08-09 00:00:00,2.0,0.759438881903786,0.5951362805712381,0.4186511588406837,0.2659705335569506
824884,656550,2026-08-15 00:00:00,3.0,0.6406407958021944,0.4547445013006698,0.2787929904612297,0.1591460150517994
824589,656550,2026-08-20 00:00:00,3.0,0.6333597218846546,0.4467601160952983,0.2715898475203303,0.1546156491702158
823359,656605,2026-07-09 00:00:00,3.0,0.5285274541246459,0.3394598467992136,0.1828354025560315,0.1042558863941803
823518,656605,2026-07-22 00:00:00,6.0,0.6194594209667618,0.4314753657120793,0.2578268530317767,0.1460504814414825
823353,656605,2026-07-27 00:00:00,4.0,0.687441454716874,0.5082995004122067,0.3297491741328321,0.193960757047927
824483,656605,2026-08-02 00:00:00,2.0,0.5946135655604396,0.4046274693093108,0.2342689425331325,0.1319256984159904
824816,656849,2026-07-09 00:00:00,2.0,0.5806253709951592,0.3924676276712369,0.2259976593947694,0.1282771597421231
824652,656849,2026-07-21 00:00:00,4.0,0.4155897902095654,0.2384184445024033,0.1123195057995799,0.0687882928657535
823025,656849,2026-07-27 00:00:00,3.0,0.4446504158389177,0.2622346116846209,0.1272845727945293,0.0758993267514547
824649,656849,2026-08-01 00:00:00,8.0,0.5577991913543541,0.3671150588749921,0.2035759413460612,0.1148703633411774
824664,656849,2026-08-06 00:00:00,3.0,0.6386117048256255,0.4526522128222275,0.2770218757010919,0.1581004632253292
822698,656849,2026-08-12 00:00:00,6.0,0.574933725715004,0.384852291064724,0.2182596164424982,0.1231197582648259
822954,656876,2026-07-09 00:00:00,2.0,0.7883945272733658,0.6315132578102156,0.4578585447126502,0.3029457830195627
822787,656876,2026-07-21 00:00:00,5.0,0.7639247807673647,0.6001351129135323,0.4233441037836984,0.269630205721198
822950,656876,2026-07-26 00:00:00,9.0,0.6453248263990692,0.460109908611583,0.2838512502336421,0.1624817862590076
822944,656876,2026-08-01 00:00:00,10.0,0.8186450479496251,0.6730717778307085,0.5070560887166856,0.3581361540604842
823103,656876,2026-08-07 00:00:00,8.0,0.8923672048134341,0.7804479110358015,0.6421188900098647,0.5470768805658236
824967,656876,2026-08-12 00:00:00,3.0,0.8658990820023771,0.7393822423708208,0.5874309481937883,0.4617112705150131
822937,656876,2026-08-19 00:00:00,5.0,0.863638392646827,0.7367682724547694,0.5850310882844157,0.4596015387850225
823202,657277,2026-07-08 00:00:00,2.0,0.6922804906310532,0.5133955400134921,0.3342143686022208,0.1968291975076158
823116,657277,2026-07-18 00:00:00,5.0,0.8032374877815225,0.6509319652497854,0.4797106271641075,0.3256122277174006
823196,657277,2026-07-24 00:00:00,4.0,0.7742027556976092,0.6131590081251244,0.4374789084091083,0.2828486766407249
823192,657277,2026-07-29 00:00:00,4.0,0.6576446315560145,0.4727347233025837,0.2944807519274432,0.1687426994877508
822867,657277,2026-08-03 00:00:00,8.0,0.7188150981382534,0.5437892544173639,0.3635038227103229,0.2181642228410007
823190,657277,2026-08-09 00:00:00,2.0,0.7362910537172316,0.5650490055533153,0.3853952501169344,0.2358302871213129
823184,657277,2026-08-15 00:00:00,7.0,0.7903418597652888,0.63367764473566,0.4598616544033089,0.304546202042668
823682,657746,2026-07-11 00:00:00,6.0,0.8646973937047441,0.7373157327037593,0.5844308484251686,0.4568764926360331
824410,657746,2026-07-20 00:00:00,3.0,0.8593195627907944,0.7298608039594591,0.5755665981939125,0.4451591200251125
823677,657746,2026-07-29 00:00:00,4.0,0.7798169864228001,0.6213269883382495,0.4475440854128264,0.2936654464394772
824084,657746,2026-08-04 00:00:00,3.0,0.7801713892964506,0.6208367061851306,0.4459518123484431,0.2910651637946588
824496,660604,2026-07-08 00:00:00,5.0,0.577556391466443,0.3887917817377007,0.2225211660049131,0.1260716425131035
823439,660604,2026-07-19 00:00:00,4.0,0.5696443102122827,0.3816850079032597,0.2174473530684325,0.1236491119122735
823018,660604,2026-08-10 00:00:00,3.0,0.4853652497783455,0.2985339945573548,0.1523486717269704,0.0884290289298684
823276,663362,2026-07-11 00:00:00,3.0,0.5787848112760474,0.3892392244041185,0.2222327386108586,0.1255444118339909
823201,663372,2026-07-09 00:00:00,3.0,0.6760272006462315,0.4947442624020656,0.3162959745657409,0.1841845724508321
824330,663372,2026-07-19 00:00:00,3.0,0.7041385805593193,0.5284681390101235,0.350228981037439,0.2095538145909785
823758,663372,2026-07-25 00:00:00,4.0,0.7249187356960419,0.5513613539390115,0.3714333285897246,0.2245976516785619
824326,663372,2026-08-01 00:00:00,3.0,0.5994754591942912,0.4098448160932406,0.2387939936962472,0.1345930923812149
823024,663372,2026-08-07 00:00:00,2.0,0.5830952972044303,0.3929625759514454,0.2247400485126654,0.126636957564296
825047,663372,2026-08-12 00:00:00,2.0,0.4621576760953882,0.2762898318185787,0.1358940493734453,0.0797275979357901
824319,663372,2026-08-18 00:00:00,3.0,0.6030851737619818,0.4139261451595957,0.2425133556493099,0.1368953567113752
824578,663436,2026-07-08 00:00:00,2.0,0.7367018525780694,0.5660859630100956,0.3870221447367934,0.2376348426182626
822790,663436,2026-07-18 00:00:00,5.0,0.5861806863514674,0.3950696117995719,0.2256087411825522,0.1266356195636574
824573,663436,2026-07-24 00:00:00,3.0,0.6590818356472471,0.4743786914295053,0.2960354063942298,0.1697818714049215
824567,663436,2026-07-29 00:00:00,6.0,0.722213068436274,0.5483629959957507,0.3686406455372157,0.2225876166704847
824731,663436,2026-08-04 00:00:00,1.0,0.6768564196992328,0.4944359911435236,0.3148213026776243,0.1823620276434425
824249,663554,2026-07-11 00:00:00,5.0,0.8217985010709404,0.6782619090608544,0.5142292817486732,0.3678495078496319
824007,663554,2026-07-19 00:00:00,5.0,0.8261391489279583,0.6825365847138776,0.5173040442437205,0.3691294986229547
824244,663554,2026-07-25 00:00:00,3.0,0.863554535813904,0.7382586074393147,0.5889755964845215,0.4682622360674143
825052,663554,2026-08-05 00:00:00,1.0,0.7424347737187814,0.5725216833302946,0.3931107642635666,0.242218532998935
823265,663554,2026-08-10 00:00:00,6.0,0.7746889488532407,0.6137374146675229,0.4380674483109706,0.2833681973945824
824397,663554,2026-08-16 00:00:00,3.0,0.6844566257455409,0.5031679686185461,0.3231836806632704,0.1881732921906501
822957,663556,2026-07-08 00:00:00,5.0,0.6174385690856511,0.4317583865376039,0.2601853181845005,0.1487425301526208
824739,663556,2026-07-19 00:00:00,3.0,0.7389494282678336,0.5720858553943823,0.3966469946062234,0.2486263823819762
822952,663556,2026-07-24 00:00:00,3.0,0.6017793746776423,0.4172650532328789,0.249354554554144,0.14325483363376
822946,663556,2026-07-30 00:00:00,3.0,0.6463167469579947,0.4649801149399583,0.2917040711884958,0.1697542744291812
822939,663556,2026-08-17 00:00:00,3.0,0.6980349653252773,0.5209512621212401,0.3424394004487084,0.2034533018637348
822875,663567,2026-07-11 00:00:00,7.0,0.7025529867383353,0.5253398642563819,0.345888498019478,0.2053678940938552
824170,663567,2026-07-17 00:00:00,10.0,0.8224506532295967,0.6774703891424743,0.511297107143424,0.3619935429926964
824166,663567,2026-07-22 00:00:00,3.0,0.8245240382165236,0.6805935145425953,0.5153278185025301,0.367166600951768
824003,663567,2026-07-28 00:00:00,6.0,0.8336398484882074,0.6925980765338563,0.5289312027825128,0.3827673966532751
824163,663567,2026-08-02 00:00:00,8.0,0.8192158439121452,0.6730103369259236,0.505990129232109,0.3557304673765785
823267,663567,2026-08-08 00:00:00,3.0,0.82143210016769,0.6762597492564634,0.5100863424412475,0.3608297416325156
824159,663567,2026-08-14 00:00:00,6.0,0.8032488645672075,0.6511282711541294,0.480138874047465,0.3262923832215426
824153,663567,2026-08-20 00:00:00,3.0,0.8485135991943561,0.714089001089622,0.5557107655120844,0.4178296829884066
824894,663623,2026-07-30 00:00:00,1.0,0.6921019886706458,0.5148225431582646,0.3371797784798387,0.2001248175794121
823429,663623,2026-08-05 00:00:00,3.0,0.7075043837926759,0.531248228230324,0.3518267253115686,0.2098867098361551
822697,663623,2026-08-11 00:00:00,4.0,0.646767090026839,0.4630225281006766,0.2876981101582023,0.1657132791162067
823590,663623,2026-08-16 00:00:00,6.0,0.6678006656418624,0.4849881118867106,0.3066750740809953,0.1773479468624765
824493,663765,2026-07-10 00:00:00,3.0,0.2773430060075586,0.1300561020054552,0.0485604621908943,0.0353474890101092
824973,663776,2026-07-29 00:00:00,7.0,0.5957612483491803,0.4093658153444781,0.24123556415401,0.1376533741428387
824731,663776,2026-08-04 00:00:00,5.0,0.7398823739829673,0.5723447338898922,0.3959988765515737,0.2472833867935739
822778,663776,2026-08-11 00:00:00,4.0,0.6604031013361615,0.4774086139959596,0.3002724264290842,0.1735124402361705
823344,663776,2026-08-16 00:00:00,6.0,0.8092568819526559,0.6606263522258645,0.4927911882140885,0.3421038674515824
824494,663903,2026-07-09 00:00:00,5.0,0.8498371671119039,0.7168483161161019,0.5601974262874763,0.4252777492677699
824332,663903,2026-07-17 00:00:00,6.0,0.7851030248772369,0.6271475467063435,0.4528868756008498,0.2978517770512853
823110,663903,2026-07-22 00:00:00,6.0,0.8616425109618036,0.733252485989874,0.5798357634171745,0.451146694903946
824487,663903,2026-07-29 00:00:00,3.0,0.8244899540009478,0.6803916018366214,0.514903192185641,0.3664387104542104
824484,663903,2026-08-04 00:00:00,6.0,0.8413635922608472,0.7041520270296634,0.5437967372050193,0.4026178943479761
822700,663903,2026-08-09 00:00:00,3.0,0.7529149540101376,0.5855913891049117,0.4069795660790615,0.2542284500089867
824480,663903,2026-08-15 00:00:00,4.0,0.8691381426884348,0.744796512445596,0.5951270277751063,0.4740296592060585
824474,663903,2026-08-20 00:00:00,3.0,0.7645912344460363,0.6001046787902669,0.422369262288631,0.2678709131794888
823848,663969,2026-07-08 00:00:00,3.0,0.5285518993779292,0.3395945058365983,0.1830230227222453,0.1044000284583913
824165,663969,2026-07-21 00:00:00,2.0,0.5816396214674293,0.3917501344764416,0.2239681739608931,0.1263324615464623
823839,663969,2026-07-27 00:00:00,5.0,0.528610624021592,0.339505492294615,0.1828454626407637,0.1042505623486049
823594,663969,2026-08-01 00:00:00,3.0,0.6038344926054362,0.4153233672789053,0.2442212030442788,0.1381885868769777
823836,663969,2026-08-07 00:00:00,4.0,0.6528846313951856,0.4695259114246959,0.2934282499020509,0.1692909413374113
823829,663969,2026-08-13 00:00:00,6.0,0.579406383092508,0.3909917054162577,0.2245893171968474,0.1273769589910666
823423,663969,2026-08-18 00:00:00,3.0,0.7300568136247747,0.5594772516521772,0.3817001131484749,0.2344781383186311
823193,664141,2026-07-28 00:00:00,1.0,0.2943279074164369,0.1410681546602973,0.053767198629573,0.0379730995917325
824251,664285,2026-07-09 00:00:00,9.0,0.5901471993237353,0.4008891731592233,0.2318766338519599,0.1309801747097243
824652,664285,2026-07-21 00:00:00,1.0,0.6581141285080933,0.4749554110549646,0.2980897788857836,0.1721282440977045
824246,664285,2026-07-26 00:00:00,4.0,0.6225168300542437,0.4367899199639684,0.2642627767350957,0.1510246754061476
824972,664285,2026-08-01 00:00:00,6.0,0.5916013716671307,0.4017345710584891,0.2320368961910038,0.1307622863748739
823105,664285,2026-08-06 00:00:00,5.0,0.7209879286014761,0.5474212753220374,0.368218396758085,0.2226741580599552
824241,664285,2026-08-12 00:00:00,3.0,0.7518544145702898,0.5855865454578721,0.4083695833670585,0.2566794659157349
823343,664285,2026-08-17 00:00:00,5.0,0.7810720841418938,0.6218284877173652,0.446861880638159,0.2917727126722462
822876,664299,2026-07-12 00:00:00,4.0,0.4271574808865025,0.2456929511164257,0.1154154475423166,0.0695363637091034
824001,664299,2026-07-27 00:00:00,7.0,0.5693105250365446,0.3782631084270644,0.2121893593588353,0.1193818929653181
824160,664299,2026-08-03 00:00:00,2.0,0.7266419545507181,0.5542871678056843,0.375284202705877,0.2283704026831181
823268,664299,2026-08-09 00:00:00,2.0,0.648620244055546,0.4631330808404039,0.2860534383032275,0.1635399425138131
824154,664299,2026-08-18 00:00:00,5.0,0.7149389710375117,0.5393254067206644,0.3591708445054212,0.2149363180997009
824815,665152,2026-07-08 00:00:00,4.0,0.7548201030623028,0.5897749296950706,0.4133545316292235,0.2615858549617426
824170,665152,2026-07-17 00:00:00,5.0,0.8146927343181394,0.6676636467022936,0.5006542161569071,0.3506546775284502
824735,665152,2026-07-22 00:00:00,5.0,0.8189064602075943,0.6735863091183107,0.5078401080006909,0.3592586470951509
824243,665152,2026-07-28 00:00:00,4.0,0.7558165577299057,0.591540029197253,0.4157998131200997,0.2642926065296194
824082,665152,2026-08-05 00:00:00,2.0,0.6349087504199008,0.4491742025431702,0.2743947895695657,0.1567620539850338
823675,665152,2026-08-10 00:00:00,7.0,0.7415885295235279,0.5714099711752609,0.3918774438503961,0.2411195224376498
823670,665152,2026-08-16 00:00:00,6.0,0.7447314509992293,0.5758420455336459,0.3971043306543375,0.2460450726580147
824642,665795,2026-08-16 00:00:00,2.0,0.7444669352424296,0.5744306230328723,0.3944886585963913,0.2428580740028721
824492,665871,2026-07-11 00:00:00,4.0,0.6312413614271195,0.4430616130904272,0.267065777829497,0.1510749283029607
823023,665871,2026-07-30 00:00:00,6.0,0.4947425358294297,0.3051943609076346,0.1557167185297265,0.0894254760808863
824645,665871,2026-08-04 00:00:00,3.0,0.5975262231754592,0.4076412458648182,0.2367906472296316,0.133362276343587
822698,665871,2026-08-12 00:00:00,2.0,0.5828649232300298,0.3927798508325355,0.2246327793929202,0.1266001706129942
824639,665871,2026-08-18 00:00:00,2.0,0.7339417326886146,0.562641463817928,0.3833740125022407,0.234551145787549
824492,666157,2026-07-11 00:00:00,4.0,0.7423748420194961,0.575366851151394,0.3991343160462097,0.2499587495137168
824563,666157,2026-08-11 00:00:00,5.0,0.7194779091890438,0.5446188235666282,0.3643780294531485,0.2188735494300662
824477,666157,2026-08-16 00:00:00,2.0,0.7384839384259936,0.5701645034949613,0.3932342908903685,0.24450741489106
824494,666200,2026-07-09 00:00:00,11.0,0.8423512768514548,0.7044009292829937,0.5426939216054892,0.3993832015377376
823441,666200,2026-07-18 00:00:00,7.0,0.8913243948225981,0.7779879701778637,0.6377133277385515,0.5381640860437795
823434,666200,2026-07-24 00:00:00,9.0,0.8834790430495304,0.766262287831868,0.622740698449115,0.5154075971624218
823837,666200,2026-07-29 00:00:00,5.0,0.8374326553929732,0.6977125577399251,0.5348707911880279,0.3898665767705371
823432,666200,2026-08-04 00:00:00,7.0,0.9031013195866908,0.7965183581263466,0.6625281768196996,0.5784527172200539
823425,666200,2026-08-09 00:00:00,12.0,0.8670681052012734,0.7407359232394567,0.5886673173148368,0.4627785054015909
823671,666200,2026-08-15 00:00:00,9.0,0.905660152531402,0.801662798738608,0.6709855444364475,0.5950900080822179
822881,667755,2026-07-07 00:00:00,4.0,0.8105808746782462,0.6624982243725753,0.4950736529779644,0.3448004092310617
823681,667755,2026-07-12 00:00:00,0.0,0.8323893065569717,0.6925907533030362,0.5310171533917133,0.3879746370339086
824006,667755,2026-07-20 00:00:00,7.0,0.8704408858411558,0.7483974833091952,0.6018924185383342,0.4872408948428503
823194,667755,2026-07-26 00:00:00,5.0,0.8224552835761663,0.6794879864835417,0.5160666727328261,0.3705113522795239
823428,667755,2026-08-07 00:00:00,3.0,0.917010814091896,0.8211274658164266,0.699217694564081,0.6457623546323253
822779,667755,2026-08-12 00:00:00,4.0,0.8223017302015568,0.6780092745324119,0.5128171840708066,0.3648402650448043
822938,667755,2026-08-18 00:00:00,2.0,0.7700843318080411,0.6074622814197781,0.430769826020965,0.276038071396865
823280,668678,2026-07-07 00:00:00,5.0,0.6429625168526952,0.4567319239107359,0.2800882977940214,0.159650952002339
823027,668881,2026-07-25 00:00:00,3.0,0.9008130230835018,0.7933526912571937,0.6589139655728067,0.573616142289382
824486,668881,2026-07-31 00:00:00,4.0,0.9084205222465992,0.8065566905066208,0.6783028588967217,0.6085322107856768
823683,668909,2026-07-09 00:00:00,11.0,0.879133612717155,0.7602530010658568,0.6156842289259926,0.5057639883051883
824414,668909,2026-07-18 00:00:00,11.0,0.9211303520768136,0.8278469991261626,0.7084607522088248,0.6615325158153659
824406,668909,2026-07-23 00:00:00,11.0,0.9145507082228542,0.8163653652238826,0.6915875384076767,0.6308140457962291
824489,668909,2026-07-28 00:00:00,12.0,0.8775255273675497,0.7567935905723304,0.6098359317980178,0.4947787517934394
824404,668909,2026-08-02 00:00:00,10.0,0.9286313770795838,0.8399464232141172,0.7247307983713231,0.6883673896026107
824565,668909,2026-08-08 00:00:00,7.0,0.8988333387162027,0.7894061666793678,0.652474636769786,0.5611508853789541
824399,668909,2026-08-14 00:00:00,5.0,0.9563438434599906,0.8916633934144975,0.8038648954170783,0.8282158521597018
824395,668909,2026-08-20 00:00:00,11.0,0.93486789963019,0.8515228185435516,0.7425581669987784,0.7217295924296445
822880,669022,2026-07-08 00:00:00,7.0,0.8493621437480059,0.7156280788054424,0.5580225825950087,0.4214653538418149
822876,669022,2026-07-12 00:00:00,4.0,0.7978818266337672,0.6448080993604992,0.473829922572442,0.3205162632197375
824899,669022,2026-07-18 00:00:00,7.0,0.7971865929781429,0.644237576604063,0.4735798450521365,0.3206770666675096
822872,669022,2026-07-24 00:00:00,5.0,0.7947487974658899,0.6410359102988317,0.4699490616327411,0.3168396085868902
822947,669022,2026-07-29 00:00:00,9.0,0.7348612936648511,0.5636935945662651,0.3843926440420691,0.235333170684585
822865,669022,2026-08-04 00:00:00,4.0,0.8205171219708797,0.6750904493776761,0.508802684441948,0.3594370606756407
823998,669022,2026-08-10 00:00:00,9.0,0.9098308191974648,0.8085536629721084,0.6806471594578893,0.6118274436678744
824966,669022,2026-08-15 00:00:00,5.0,0.8295634510942398,0.6871096012505455,0.5225663536542828,0.3752439737192619
823036,669160,2026-07-06 00:00:00,7.0,0.8415505944717506,0.7042449669593184,0.5437031473301767,0.4022307971916757
823029,669160,2026-07-12 00:00:00,4.0,0.8338916392597381,0.694745376973849,0.5336941089749344,0.3914336151075942
825059,669160,2026-07-18 00:00:00,6.0,0.8135222424084948,0.6654423317826074,0.4973133841712255,0.3459880889595241
823031,669160,2026-07-24 00:00:00,8.0,0.8374163093153685,0.6986413781246504,0.5371561845251777,0.3942193436332111
823022,669160,2026-07-29 00:00:00,3.0,0.8183225115042813,0.6729138111271296,0.5072016010667644,0.3586949293010714
823754,669160,2026-08-06 00:00:00,5.0,0.8654661500199166,0.7396558925315017,0.5889486490443048,0.4655991134371944
823263,669160,2026-08-12 00:00:00,6.0,0.841541350608939,0.7046175417256837,0.5446311481229817,0.404042021154764
823748,669160,2026-08-19 00:00:00,1.0,0.907417434104754,0.8057644147390218,0.6783732279184476,0.6106633266732175
823833,669199,2026-08-12 00:00:00,1.0,0.4370208220254467,0.2531598135508158,0.1196496780505533,0.071318604553299
823344,669199,2026-08-16 00:00:00,4.0,0.5560405354247394,0.3633496771230348,0.199012043254951,0.1115741211087286
822953,669302,2026-07-11 00:00:00,5.0,0.8447666881802836,0.7069447713855962,0.5447005308741086,0.4005200202370811
823113,669302,2026-07-19 00:00:00,10.0,0.9004709891642738,0.7923265890458826,0.6568583897521966,0.5690917900362636
822870,669302,2026-07-26 00:00:00,4.0,0.8778994386695953,0.757198541215715,0.6101555139240314,0.4949500262743355
823109,669302,2026-08-01 00:00:00,6.0,0.8967293367539628,0.7871112379289847,0.6508018963703391,0.5607828541911909
823103,669302,2026-08-07 00:00:00,6.0,0.8350061563210945,0.6939008763672457,0.529768071143048,0.3828900575587285
823508,669302,2026-08-13 00:00:00,7.0,0.9155224860780212,0.8179767175449387,0.6938436604172379,0.6347311368454981
823748,669302,2026-08-19 00:00:00,5.0,0.869334668083573,0.7447208375082341,0.5945576950127138,0.4724999784408309
824820,669358,2026-07-07 00:00:00,3.0,0.6977402786081203,0.5188601530113581,0.3386877043380977,0.1994544942467947
824814,669358,2026-07-12 00:00:00,9.0,0.7993381089476975,0.6463361857113052,0.4751220830548868,0.3214134377865017
824736,669358,2026-07-20 00:00:00,6.0,0.8164734903093955,0.6687544900830293,0.5003821756771694,0.3485648702448651
824810,669358,2026-07-26 00:00:00,2.0,0.6516218313580422,0.4664182740022248,0.2890221234685921,0.1654270486035216
824808,669358,2026-08-01 00:00:00,4.0,0.762268938202695,0.5972595513227049,0.4193961193028637,0.2652493285836363
822863,669358,2026-08-07 00:00:00,9.0,0.7842672596851937,0.6261376230112999,0.4518453024285349,0.2968967624995715
823672,669358,2026-08-12 00:00:00,2.0,0.7376152688772445,0.566014483353377,0.3857201135718128,0.2355406217153649
824803,669358,2026-08-18 00:00:00,10.0,0.7516518088237247,0.5842458108801082,0.4057941392481696,0.2534028399896371
824254,669372,2026-07-07 00:00:00,4.0,0.7005685954127848,0.52325956992913,0.344073010696371,0.2041948185964423
824574,669372,2026-07-12 00:00:00,7.0,0.7504281626511896,0.583788609971619,0.4064320567518757,0.2549455050845232
824979,669372,2026-07-18 00:00:00,7.0,0.725064490038813,0.5536016444569354,0.3758184259876501,0.2297960263144873
824484,669372,2026-08-04 00:00:00,5.0,0.7446638740188047,0.575255603893752,0.3959617322375239,0.2446224203081424
824724,669372,2026-08-09 00:00:00,2.0,0.7993498896933944,0.6474166663926574,0.4775651241718089,0.3253271385255649
824966,669372,2026-08-15 00:00:00,7.0,0.6952228732523704,0.516954717759327,0.3378228404788144,0.1995488688047663
824254,669373,2026-07-07 00:00:00,9.0,0.8413394964467905,0.7043205367665697,0.5442537322260022,0.4035351527950258
824250,669373,2026-07-12 00:00:00,5.0,0.8924160752585155,0.7803458377687846,0.6417406686882696,0.5460699636662506
824008,669373,2026-07-18 00:00:00,9.0,0.897707184015981,0.7880905229951656,0.6513457854456368,0.5603814083979476
824248,669373,2026-07-24 00:00:00,12.0,0.9037407876179352,0.7984128369298429,0.6663140352703802,0.5868321357926258
824242,669373,2026-07-29 00:00:00,6.0,0.9245593200308748,0.8330699119577885,0.7150315591572232,0.6715415527574691
824645,669373,2026-08-04 00:00:00,6.0,0.8829960734958566,0.7659044897207211,0.6227779457016838,0.5162646381195343
823918,669373,2026-08-10 00:00:00,6.0,0.9312265277054184,0.844578400420632,0.7316117685548555,0.7008705308130186
823912,669373,2026-08-16 00:00:00,7.0,0.962094072188168,0.9036027516191112,0.8236088234004976,0.8609093191806698
823357,669387,2026-07-11 00:00:00,2.0,0.5535376517768765,0.3633819185593956,0.2010118842171634,0.1136982455324637
824414,669387,2026-07-18 00:00:00,2.0,0.4857726472692675,0.2970522126318869,0.149985366832008,0.0865815173784209
823518,669387,2026-07-22 00:00:00,3.0,0.5724140901060515,0.3807011828273182,0.2135969346336461,0.1198440959466138
824485,669387,2026-08-01 00:00:00,4.0,0.4194988587884806,0.2384106646570489,0.110227219433771,0.0667258442403893
823349,669387,2026-08-07 00:00:00,1.0,0.5625046669095402,0.3708728246854386,0.2058212090207369,0.1156805434328394
823833,669387,2026-08-12 00:00:00,1.0,0.566542183361024,0.3751257126073727,0.2093846644631548,0.1176995254580828
823343,669387,2026-08-17 00:00:00,3.0,0.5662374333959876,0.3751860591426785,0.209726275831375,0.1180446598390441
824816,669432,2026-07-09 00:00:00,4.0,0.7426855035571809,0.57434259322003,0.396596064304349,0.2465191346355953
824169,669432,2026-07-18 00:00:00,8.0,0.7390917963512328,0.569233197402381,0.3905283219125343,0.2407590232992442
824812,669432,2026-07-24 00:00:00,6.0,0.7230817130275906,0.5511440967287999,0.3732269448707109,0.2276389810040896
824242,669432,2026-07-29 00:00:00,6.0,0.7611778739131305,0.5982207036186856,0.422936791732683,0.2707819252244941
824806,669432,2026-08-05 00:00:00,9.0,0.7744368350068392,0.6132494870887149,0.4373520818012402,0.282511249573153
823675,669432,2026-08-10 00:00:00,4.0,0.7961652395670582,0.642413555256809,0.4709624135359207,0.3173277567577083
822940,669432,2026-08-16 00:00:00,6.0,0.7279868934762909,0.5549158544104197,0.3749145092798875,0.2272599916338917
824737,669438,2026-07-17 00:00:00,4.0,0.4904532427378795,0.3047191065511621,0.1578655897954097,0.0917726883856462
823278,669456,2026-07-10 00:00:00,4.0,0.611498420901799,0.4239101966659255,0.2520312013960095,0.1430463153035896
822790,669456,2026-07-18 00:00:00,6.0,0.7339752653096551,0.563970763239228,0.3860728894847325,0.2378765111417718
822785,669456,2026-07-23 00:00:00,3.0,0.6957851506198752,0.5172376514309049,0.337739355274354,0.1992266839997768
822703,669456,2026-07-28 00:00:00,0.0,0.6391905511470956,0.4548800194724717,0.2804525760287328,0.1611609537910249
824160,669456,2026-08-03 00:00:00,6.0,0.594894049217777,0.4052609660126436,0.2350867853192119,0.1325574227399506
823425,669456,2026-08-09 00:00:00,4.0,0.6645536776216846,0.4803189936015084,0.301370014645073,0.1731795665752624
822777,669456,2026-08-14 00:00:00,5.0,0.6553558687358888,0.4706245522863112,0.2929382847137536,0.1679985275932067
822934,669456,2026-08-20 00:00:00,7.0,0.5184888426670159,0.3280877597790688,0.1729334292272336,0.0984261780178736
823030,669461,2026-07-11 00:00:00,6.0,0.6646878737531304,0.484850048124326,0.3096716960113118,0.1814892205034896
824005,669461,2026-07-21 00:00:00,7.0,0.7454048924430018,0.5775649301075287,0.3998503276217759,0.2492046445697895
823025,669461,2026-07-27 00:00:00,5.0,0.6758412705619763,0.4991571837120805,0.3248655057909371,0.1932453543320551
822783,669461,2026-08-02 00:00:00,7.0,0.7863880723875399,0.6303774910935667,0.4582380070314051,0.305013028030211
823021,669461,2026-08-08 00:00:00,3.0,0.7067459370258837,0.5325838864626325,0.3553588146504055,0.2142499093946061
824643,669461,2026-08-14 00:00:00,6.0,0.7254767100517765,0.5557386019972733,0.3796739946381783,0.2342967081024198
824476,669461,2026-08-19 00:00:00,9.0,0.8285033585649452,0.6867048613497356,0.5233531652823922,0.3777569948460709
823034,669467,2026-07-09 00:00:00,2.0,0.6359097918576162,0.44809369692656,0.2715059740775375,0.1537804752244203
825057,669467,2026-07-19 00:00:00,3.0,0.5778735562478291,0.3862530385734192,0.2181127721042097,0.1223287469039856
823027,669467,2026-07-25 00:00:00,8.0,0.6648622292602522,0.4802665012075047,0.3009522478564906,0.1726587017271718
823023,669467,2026-07-30 00:00:00,3.0,0.572363289305831,0.3828567657729976,0.2171277335527264,0.1227662133036919
823516,669467,2026-08-05 00:00:00,4.0,0.7658995774954748,0.6018895175068018,0.4244397008696416,0.2698996655051971
823019,669467,2026-08-11 00:00:00,2.0,0.7378153705702775,0.5666174781870095,0.3867155622137916,0.2366692015948237
824478,669467,2026-08-17 00:00:00,5.0,0.7333062644012898,0.5601909267763977,0.3791211173539118,0.2296756395808668
824157,669713,2026-08-15 00:00:00,6.0,0.7096829507319412,0.5340153527146764,0.3547748684059714,0.2122712629579974
823266,669854,2026-08-07 00:00:00,1.0,0.7622193341466029,0.5995817986333848,0.4244686933661536,0.272258419917447
824157,669854,2026-08-15 00:00:00,3.0,0.67874657226404,0.4975101251391022,0.3186127089894514,0.1855711013126263
823848,669923,2026-07-08 00:00:00,7.0,0.7315999074983364,0.5592448687546953,0.3793079129225383,0.230767360595046
823112,669923,2026-07-20 00:00:00,6.0,0.8329639385329056,0.6916746538274144,0.5278462433189822,0.3814628310675061
822868,669923,2026-07-27 00:00:00,3.0,0.8063481755146309,0.6558851482073108,0.4863323518283872,0.3338351683175578
823107,669923,2026-08-02 00:00:00,3.0,0.8556170184811929,0.7248593349732543,0.5697759175275682,0.4377973596933324
823102,669923,2026-08-08 00:00:00,2.0,0.7902666529814546,0.6338116096661803,0.4602731620210938,0.305232273300987
824159,669923,2026-08-14 00:00:00,2.0,0.8472619187671705,0.7120821384743925,0.5529682348116134,0.4138461067539638
823747,669923,2026-08-20 00:00:00,3.0,0.7668189286658594,0.6028172027545691,0.4251862630563691,0.2703487788923316
822942,669947,2026-08-14 00:00:00,2.0,0.6172187323026622,0.4297584454514439,0.2569118910680608,0.1458504000209881
822938,669947,2026-08-18 00:00:00,2.0,0.6246791713998459,0.4381722884293553,0.2646634989015965,0.1507731530359927
823349,670990,2026-08-07 00:00:00,4.0,0.337720562612966,0.172165993108551,0.0701217477009297,0.0463953927348773
823832,670990,2026-08-11 00:00:00,5.0,0.5623176837705787,0.3697668376357325,0.2042121326013019,0.1144226145057581
823343,670990,2026-08-17 00:00:00,0.0,0.491763872534648,0.3017712284225431,0.152787483740248,0.0877116020091815
824495,671096,2026-07-07 00:00:00,8.0,0.7760938975495688,0.6168328239469206,0.4428943739807292,0.2894112723299378
824491,671096,2026-07-12 00:00:00,3.0,0.7948562866160815,0.6417214388282186,0.4713422161834228,0.3189608146152201
823112,671096,2026-07-20 00:00:00,6.0,0.8112317876832483,0.6628911626755127,0.494971151170867,0.3440518049660405
823028,671096,2026-07-26 00:00:00,4.0,0.5752229856873123,0.3857097330395799,0.2194178463078076,0.1240184968156698
824485,671096,2026-08-01 00:00:00,1.0,0.7983669194231718,0.6451553668042408,0.4738956680205163,0.3202363352396826
824481,671096,2026-08-06 00:00:00,4.0,0.813502279169619,0.6657041230301376,0.497955021337945,0.3470999677438143
824561,671096,2026-08-13 00:00:00,3.0,0.6075340041966615,0.4180855713864164,0.2456242461139495,0.1384525875116828
824475,671096,2026-08-18 00:00:00,6.0,0.6400510537328328,0.4533214251095765,0.2768175317991672,0.1574710943777641
822940,671212,2026-08-16 00:00:00,5.0,0.8551427598513073,0.7247086498979023,0.5702609470249038,0.4394028580405437
823687,671737,2026-07-07 00:00:00,10.0,0.8561419446363612,0.7250873700603883,0.5693916890472813,0.4363401752533027
823681,671737,2026-07-12 00:00:00,6.0,0.8651717629195311,0.7377218420460013,0.5845698295908116,0.4565320953546938
824657,671737,2026-07-18 00:00:00,6.0,0.8498411499811386,0.7154429719593323,0.5567066842390532,0.418248616179149
824406,671737,2026-07-23 00:00:00,5.0,0.8083884955672356,0.6565535670354363,0.4847050206929086,0.3294128863445658
823676,671737,2026-07-28 00:00:00,10.0,0.8536001125202098,0.7212206478242167,0.5643321549085836,0.4291072393170769
823107,671737,2026-08-02 00:00:00,2.0,0.8686817512498993,0.7429243106053847,0.591191421786105,0.4660291238704092
823752,671737,2026-08-08 00:00:00,7.0,0.829080639048187,0.6853378178130847,0.5191259113194956,0.3694817730693479
823669,671737,2026-08-13 00:00:00,3.0,0.8406466386801781,0.7021448213447614,0.5401351417949675,0.3963656032168413
823664,671737,2026-08-19 00:00:00,7.0,0.8622056478024078,0.7340553629784347,0.5808185878194508,0.4524886329617127
822877,672282,2026-07-09 00:00:00,6.0,0.7390178821857468,0.5672156132155893,0.3864285715765458,0.2356810161025201
824009,672282,2026-07-17 00:00:00,7.0,0.7912824288692876,0.6365048048453259,0.4648434335934008,0.3115212043099051
824004,672282,2026-07-22 00:00:00,6.0,0.8088183069810072,0.6600878198747918,0.4922259142650381,0.3415362372967463
824003,672282,2026-07-28 00:00:00,9.0,0.8393752061657777,0.701720919295337,0.5412880406476869,0.3999796921313336
824806,672282,2026-08-05 00:00:00,5.0,0.8256276498130123,0.6822569184399555,0.5174762278513282,0.3699436941923553
823998,672282,2026-08-10 00:00:00,6.0,0.7872821966996464,0.6293942082150764,0.4547347431273471,0.2990365702782903
823990,672282,2026-08-15 00:00:00,11.0,0.8662332331300434,0.741040477267902,0.591033272858898,0.4690895165931477
824250,672456,2026-07-12 00:00:00,5.0,0.6179247212880995,0.4295289248322729,0.2558639890819953,0.1447163145369964
824009,672456,2026-07-17 00:00:00,5.0,0.7159502145221075,0.5400817482784134,0.3594831091093264,0.2148326560071695
824650,672456,2026-07-22 00:00:00,8.0,0.7539099551043955,0.5864895694244767,0.4075719224957602,0.2544302196129061
824245,672456,2026-07-27 00:00:00,1.0,0.7634630722872899,0.5981707615213836,0.4197325636875318,0.2649678375048063
824971,672456,2026-08-02 00:00:00,2.0,0.6362333089275595,0.4492869514884789,0.2733172410747747,0.1553620029693402
823191,672456,2026-08-07 00:00:00,5.0,0.7496162625624198,0.5832605712558955,0.4063803562084453,0.2553457622038242
824238,672456,2026-08-13 00:00:00,0.0,0.5994340591511451,0.4101406611680316,0.239329579333901,0.1350686877642134
823341,672456,2026-08-18 00:00:00,3.0,0.6997258755732485,0.5211851756711917,0.340973087453059,0.2011288658877156
823607,673540,2026-07-07 00:00:00,4.0,0.7829520014901856,0.6255543990059759,0.4524365019304362,0.2987275548065023
823441,673540,2026-07-18 00:00:00,2.0,0.6991386012254874,0.5218833209697611,0.3430086681189387,0.203619348966591
823593,673540,2026-07-31 00:00:00,4.0,0.5434822118457527,0.3539994104900602,0.1940564898146017,0.1101918718457902
822713,674841,2026-07-07 00:00:00,3.0,0.6564487863567904,0.4751550537453451,0.3001571719253926,0.1747455051443187
822708,674841,2026-07-12 00:00:00,2.0,0.6064291880102128,0.4202265186752441,0.250274848202569,0.1428412218870619
824328,674841,2026-07-20 00:00:00,2.0,0.6119498755947023,0.4266596882678402,0.2563645311087392,0.1468034489929044
822705,674841,2026-07-27 00:00:00,3.0,0.4384081803323122,0.2588394865880228,0.1263579872625353,0.0761108760153499
823431,674841,2026-08-03 00:00:00,5.0,0.6474376746581813,0.4641692141873398,0.2891152392465712,0.1668672248090058
822701,674841,2026-08-08 00:00:00,2.0,0.4452130128306491,0.2627764873160746,0.1276808087745889,0.0761112133438937
823591,674841,2026-08-14 00:00:00,4.0,0.5934366096117686,0.4066706999692097,0.2387163477925639,0.1360478927025608
822861,674841,2026-08-20 00:00:00,5.0,0.6346983198890787,0.4510720413051898,0.2779844096289438,0.1601997440428196
824253,675512,2026-07-08 00:00:00,9.0,0.7829389924106815,0.6246427376359323,0.4504325097243506,0.2957413346396323
824009,675512,2026-07-17 00:00:00,9.0,0.8982753601653334,0.7896538201865709,0.6543651477211497,0.5668633706473557
824247,675512,2026-07-23 00:00:00,5.0,0.8951530935940935,0.7851095967328328,0.6487660433311658,0.5585412869834662
824243,675512,2026-07-28 00:00:00,5.0,0.8711220111168914,0.7479612916604552,0.5994542596518583,0.4807995401245628
823108,675512,2026-08-04 00:00:00,4.0,0.902450124102362,0.7967306908040713,0.6645577304232114,0.5848060471056055
823190,675512,2026-08-09 00:00:00,5.0,0.9249070740286146,0.8349272131106379,0.7195279529847213,0.682783696349249
824239,675512,2026-08-15 00:00:00,4.0,0.8561454172046203,0.7254228524588106,0.5702276050227235,0.4380694411939829
823036,675660,2026-07-06 00:00:00,2.0,0.6178106834928433,0.4318079225224466,0.2599286106274702,0.1484045954363264
823356,675660,2026-07-11 00:00:00,6.0,0.9000776668650456,0.7943866959559489,0.663336652946946,0.5860876063579984
823763,675660,2026-07-18 00:00:00,9.0,0.8116842647103809,0.6654192344644632,0.5001466981067718,0.352502758787968
823759,675660,2026-07-24 00:00:00,6.0,0.8680409926729838,0.7451762845082099,0.5981938024653987,0.4823794241642262
823999,675660,2026-07-31 00:00:00,7.0,0.8285972171306031,0.6869066721447398,0.523686531745069,0.37828037731033
823750,675660,2026-08-07 00:00:00,4.0,0.855962376269294,0.7260451699218355,0.5721226442149445,0.442248037721227
823915,675660,2026-08-13 00:00:00,5.0,0.8425874143188282,0.7063266378947997,0.5470055706547301,0.407495197087385
823846,676083,2026-07-09 00:00:00,5.0,0.7228036608164619,0.5475658495449891,0.3663090522757986,0.2195602893514358
824167,676083,2026-07-20 00:00:00,3.0,0.7712717342593415,0.6083148489587129,0.4309775126442696,0.2755544616083333
823840,676083,2026-07-26 00:00:00,6.0,0.632986179828413,0.4447826536219852,0.2684417327474605,0.1518249850555743
823593,676083,2026-07-31 00:00:00,4.0,0.540276202899965,0.3489377053285109,0.188646161745675,0.1065443986901456
824885,676083,2026-08-06 00:00:00,1.0,0.5328268186556386,0.3418768209159292,0.1833644069917956,0.1038457339597901
823833,676083,2026-08-12 00:00:00,2.0,0.624091098553739,0.4354575745704802,0.2604596717213669,0.1471239219040958
823427,676083,2026-08-17 00:00:00,2.0,0.5476629670254324,0.3558740042517636,0.193788758633729,0.1091337998162536
823110,676106,2026-07-22 00:00:00,3.0,0.7610245566637013,0.5967667946958536,0.4200212920347261,0.2668702031177288
823924,676106,2026-07-29 00:00:00,5.0,0.6778052951492586,0.4967301866556669,0.3181476199801633,0.185440284428236
823108,676106,2026-08-04 00:00:00,6.0,0.8459595610817378,0.711128929615508,0.5529157333128635,0.4152680769909421
823104,676106,2026-08-09 00:00:00,3.0,0.8045123746475531,0.6523971216888241,0.4811198426704557,0.3268369617395572
824157,676106,2026-08-15 00:00:00,8.0,0.8846578673704001,0.7681615554929274,0.6253581669727766,0.519677531073972
823687,676282,2026-07-07 00:00:00,7.0,0.6837746057819267,0.5028546182052996,0.3233311930096815,0.1885895587720359
823842,676282,2026-07-12 00:00:00,9.0,0.7075872463130429,0.5303418657932765,0.3499323810831501,0.2077139782040284
824411,676282,2026-07-19 00:00:00,7.0,0.8185792150012935,0.6717161629043964,0.5039634425885234,0.3527960960667611
822952,676282,2026-07-24 00:00:00,4.0,0.5925240215013463,0.4008196123181708,0.2297201622282458,0.128574730368336
824487,676282,2026-07-29 00:00:00,8.0,0.6790448930591254,0.496776156887794,0.3168957278289504,0.1836849961906288
824403,676282,2026-08-04 00:00:00,5.0,0.7208096911332942,0.5463555924414719,0.3662790001142428,0.2204723006831359
824400,676282,2026-08-15 00:00:00,7.0,0.8574708167054224,0.7270912192597591,0.5719943287965903,0.4400611193719712
823844,676440,2026-07-11 00:00:00,3.0,0.610516284234119,0.4216609673405475,0.2490559439619939,0.1406778682280725
824410,676440,2026-07-20 00:00:00,5.0,0.7046180928278211,0.5275020364209481,0.3477663016088397,0.2065764864186402
822948,676440,2026-07-25 00:00:00,5.0,0.4869082440743112,0.2994023018336075,0.1525839494612699,0.0883569929451359
824407,676440,2026-07-31 00:00:00,3.0,0.7653862365655193,0.6022090907113706,0.425831315283879,0.2721515524152235
824402,676440,2026-08-05 00:00:00,10.0,0.7217014618716407,0.5480130837765022,0.3685542836531365,0.2227307984368456
824240,676440,2026-08-11 00:00:00,4.0,0.7691380030580472,0.6066127187118918,0.4302306295036872,0.2758952433043899
824397,676440,2026-08-16 00:00:00,3.0,0.7820343887486872,0.623131851469672,0.4483723400416117,0.2933229694209499
823278,676664,2026-07-10 00:00:00,3.0,0.6214617641402115,0.4358854445425823,0.2636625359095458,0.1507751900135561
824898,676664,2026-07-20 00:00:00,3.0,0.6254712873110116,0.4425508496776583,0.27163173821235,0.156986090372457
823841,676664,2026-07-25 00:00:00,3.0,0.5334971830067314,0.3444204320480569,0.1867548876375785,0.1063809817301464
823271,676664,2026-07-30 00:00:00,2.0,0.5736951753167953,0.3837165943043141,0.2174323242945061,0.1227178418689092
824477,676760,2026-08-16 00:00:00,2.0,0.3448414190412046,0.1773532263803099,0.0729061918840638,0.0477654486816776
823747,676879,2026-08-20 00:00:00,4.0,0.5767262594101736,0.3857088230817604,0.2181754698890283,0.122642255862561
822708,676917,2026-07-12 00:00:00,5.0,0.7988273338672354,0.6459026994905548,0.4749031186523462,0.3214739617590445
824981,676917,2026-07-17 00:00:00,9.0,0.7929024820108024,0.6379724938123932,0.4657636322642084,0.3117115565773882
824327,676917,2026-07-22 00:00:00,8.0,0.8536559464730362,0.7222596796645897,0.56682487679244,0.4341493104428088
822703,676917,2026-07-28 00:00:00,3.0,0.8073067038269148,0.6574197609541153,0.4883932745290351,0.3364304240357772
824891,676917,2026-08-02 00:00:00,3.0,0.7631514211210395,0.5984725831672352,0.4208072183494096,0.2666270258294303
822699,676917,2026-08-07 00:00:00,8.0,0.771419322258038,0.6087651138243638,0.4317532025120715,0.2765490550958171
822696,676917,2026-08-13 00:00:00,10.0,0.8792536987827109,0.7607846685961228,0.6168395180861139,0.5082588819479673
822860,676917,2026-08-19 00:00:00,11.0,0.8760272741390793,0.7552176240712133,0.6086995833141827,0.4944569280349739
823847,676974,2026-07-07 00:00:00,4.0,0.8890452149614864,0.7761644124028421,0.6375936901103628,0.5417092440085269
823763,676974,2026-07-18 00:00:00,5.0,0.8574999854957841,0.7284816486127688,0.5754271372983929,0.4472024870929196
823684,677944,2026-07-08 00:00:00,4.0,0.5889061324821772,0.3991985667276621,0.2301266514098896,0.1297943235035206
824408,677944,2026-07-22 00:00:00,5.0,0.6684899716238325,0.485530277192603,0.3069652725895934,0.177396134011123
824490,677944,2026-07-28 00:00:00,2.0,0.6351804362854684,0.4488325361271344,0.2735240985243129,0.155869415102497
824403,677944,2026-08-04 00:00:00,4.0,0.6367899412825039,0.4501717754774115,0.2743565073163205,0.156161196628578
823357,677952,2026-07-11 00:00:00,6.0,0.8769129640014309,0.7570658743319422,0.6117616405035193,0.5001131993866067
823522,677952,2026-07-20 00:00:00,2.0,0.8551376034504595,0.7234413151663845,0.5670945322957327,0.4328584810291075
823354,677952,2026-07-26 00:00:00,5.0,0.8959499618998502,0.7867637032988221,0.6515335971692637,0.563978248596542
824485,677952,2026-08-01 00:00:00,5.0,0.8070416456931707,0.6556154642846634,0.4846315434460897,0.3304398675187768
823754,677952,2026-08-06 00:00:00,5.0,0.878290022907594,0.7591079583952401,0.6143648708259983,0.5040067063341721
823829,677952,2026-08-13 00:00:00,10.0,0.8662371613679238,0.7420570455848363,0.593619725080372,0.4747577058736394
823341,677952,2026-08-18 00:00:00,4.0,0.8722189556343806,0.7499033525752709,0.6023528188608046,0.4857121347447778
822875,677958,2026-07-11 00:00:00,6.0,0.8093291836357883,0.6601134206409058,0.4914907805001041,0.3398548207414001
822871,677958,2026-07-21 00:00:00,6.0,0.7911596087879388,0.6372007339819686,0.4665913947473661,0.3143451027372587
822868,677958,2026-07-27 00:00:00,7.0,0.824007162133688,0.6807555252840194,0.5165568677757316,0.3698825630607827
824163,677958,2026-08-02 00:00:00,5.0,0.7708167025997619,0.609017814023046,0.4331456415826963,0.2789159707240929
822862,677958,2026-08-09 00:00:00,5.0,0.7467113399006828,0.5784837615568335,0.4000877634336161,0.2487811163584279
824968,677958,2026-08-14 00:00:00,3.0,0.7217626976910062,0.5490377304449667,0.3705566981734827,0.2250808988003905
822860,677958,2026-08-19 00:00:00,3.0,0.7818429921347262,0.6249658183895411,0.4527216817725562,0.2999575737023859
822709,677960,2026-07-10 00:00:00,6.0,0.7680979444157378,0.6083929070282995,0.4355343859383078,0.2841154908028463
823522,677960,2026-07-20 00:00:00,5.0,0.8179313150717757,0.6728978968987307,0.5077871342095918,0.3600889898121134
823435,677960,2026-07-25 00:00:00,7.0,0.7584267240861611,0.5939060205971101,0.4173733681627999,0.2648491033947939
824568,677960,2026-07-30 00:00:00,4.0,0.7866933720501029,0.6309007548900647,0.4589572844806315,0.3058811676330137
823517,677960,2026-08-04 00:00:00,6.0,0.8115073052917875,0.6635917376266737,0.4961711457550019,0.3458469066236565
823512,677960,2026-08-11 00:00:00,4.0,0.8507103522212287,0.7180043858018638,0.5615148505632305,0.4269010961363478
822774,677960,2026-08-16 00:00:00,4.0,0.8065525952319241,0.6561889513595547,0.4867145192696347,0.3342897769803233
824088,677976,2026-07-18 00:00:00,3.0,0.5022496069308224,0.3132175441761954,0.1622785892099647,0.0931324666698219
824247,677976,2026-07-23 00:00:00,3.0,0.5572739644805922,0.3665467250360503,0.2030889431138783,0.1145883329071573
823677,677976,2026-07-29 00:00:00,4.0,0.6022839441491421,0.4139989621100837,0.2433465855721227,0.1378288757225269
824084,677976,2026-08-04 00:00:00,1.0,0.6585964057873772,0.4740177942072262,0.2958679474111431,0.169780821857873
824078,677976,2026-08-09 00:00:00,4.0,0.5891868299416564,0.3990229756498301,0.229595508640399,0.1292774693187432
823990,677976,2026-08-15 00:00:00,6.0,0.7241318241453572,0.5495021287348527,0.3686173845192427,0.2216392257438387
824074,677976,2026-08-20 00:00:00,4.0,0.6376098259068238,0.45000679873609,0.2732684417411312,0.1549027629054245
824251,678022,2026-07-09 00:00:00,2.0,0.8152852069324151,0.6694321546615382,0.5038537738947039,0.3556531421390492
825056,678022,2026-07-21 00:00:00,4.0,0.657742791278032,0.4756286035919237,0.2997124849272797,0.1738612949628402
824977,678022,2026-07-27 00:00:00,4.0,0.7909887940566912,0.6392187822619732,0.4713865501326487,0.3220601857008921
824972,678022,2026-08-01 00:00:00,9.0,0.7851221289829269,0.6290597874416115,0.4571259319438677,0.3042489586550432
824727,678022,2026-08-07 00:00:00,3.0,0.8030946336172946,0.6536294843228263,0.4861226686608688,0.336241416951071
824967,678022,2026-08-12 00:00:00,2.0,0.7073240444880229,0.531716500005696,0.3529655792388242,0.211258351170677
824075,678022,2026-08-18 00:00:00,4.0,0.6451765171055371,0.460183228407524,0.2841309288518545,0.1627948337705004
823602,678394,2026-07-12 00:00:00,5.0,0.7749107151856263,0.6142916236207142,0.4389713666384505,0.2845196181773365
824732,678394,2026-07-22 00:00:00,5.0,0.6953246642463443,0.5173034176822984,0.3383865771704348,0.2001228037518677
823922,678394,2026-07-31 00:00:00,3.0,0.7012603858459849,0.5248719875181009,0.346451280284331,0.2065490749245293
824724,678394,2026-08-09 00:00:00,4.0,0.7415800076747825,0.5730064497074145,0.3952185868653024,0.2453612693155429
824725,678394,2026-08-17 00:00:00,3.0,0.7501893922829248,0.582991503776047,0.4050596132515638,0.2532801822716647
824168,678906,2026-07-19 00:00:00,3.0,0.7342133096855372,0.563603276321774,0.3850193730077587,0.2364448253305797
824573,678906,2026-07-24 00:00:00,1.0,0.6733869198031618,0.4938463723878974,0.3174192152670161,0.1863243947858544
824817,679883,2026-07-10 00:00:00,3.0,0.6270866054566216,0.4402756294326262,0.2660948684643445,0.1513909907969617
824085,679883,2026-07-21 00:00:00,7.0,0.541279417717118,0.351914292335773,0.1924880810729296,0.1093871115696042
824246,679883,2026-07-26 00:00:00,2.0,0.7112290502116042,0.5360646699389574,0.3570423794287078,0.2141736037613762
824326,679883,2026-08-01 00:00:00,2.0,0.6809571072247882,0.4997823846209726,0.3205392078797953,0.1867432961882546
823685,680570,2026-07-10 00:00:00,0.0,0.5731682476699532,0.3827129889041938,0.2162356395308736,0.1218464184958456
824008,680570,2026-07-18 00:00:00,3.0,0.5393664284947707,0.347929447334126,0.1877759527738979,0.1060371524237137
823196,680570,2026-07-24 00:00:00,3.0,0.4402433631364344,0.2564768052576446,0.1221781559179588,0.0727351739958874
824002,680570,2026-07-29 00:00:00,6.0,0.6105329014879065,0.4210246824965239,0.2479504744503463,0.1397003017657692
824805,680570,2026-08-04 00:00:00,6.0,0.7123583453391793,0.5356409065445212,0.3548653395409383,0.2111764060130705
823835,680570,2026-08-09 00:00:00,8.0,0.7194068064131155,0.5443533295615295,0.3639295136447098,0.2183834659658557
823993,680570,2026-08-14 00:00:00,5.0,0.8472719952523917,0.7121642857520588,0.5531525356187016,0.414198975592668
824153,680570,2026-08-20 00:00:00,6.0,0.8138858805088361,0.6652634730473285,0.4963208463484127,0.3439734955112751
822780,680573,2026-08-10 00:00:00,2.0,0.5276204936265707,0.3362069421443268,0.178570626865647,0.1011001840479688
824813,680694,2026-07-11 00:00:00,5.0,0.8708375443510123,0.7473563649282065,0.5984527577598238,0.4789909588658542
824732,680694,2026-07-22 00:00:00,4.0,0.8728999247350704,0.7502761075423683,0.6019937117609836,0.4839150106511552
824245,680694,2026-07-27 00:00:00,4.0,0.759376632496439,0.5947126074776898,0.4178294606645963,0.2648917658487508
824807,680694,2026-08-02 00:00:00,3.0,0.7782435415548961,0.6185495242584248,0.4436429334338032,0.2890247408436491
822864,680694,2026-08-08 00:00:00,4.0,0.7906774978590662,0.6357570881227275,0.4640471796707442,0.3107434049573091
822941,680694,2026-08-15 00:00:00,3.0,0.7398478930470112,0.5694094966366284,0.3899320319294751,0.2396066463991782
824802,680694,2026-08-20 00:00:00,5.0,0.7321903050470667,0.5603947346438469,0.3809329317866349,0.2324500506394674
824575,680732,2026-07-10 00:00:00,9.0,0.8137986576159819,0.6658089171049824,0.497731252522274,0.3464506823470483
822786,680732,2026-07-19 00:00:00,5.0,0.9276965052713472,0.8389762262122755,0.7242695050681263,0.6892325694804928
824571,680732,2026-07-25 00:00:00,10.0,0.8706306998617706,0.7467282072705563,0.5972300727994995,0.4765669188351891
824568,680732,2026-07-30 00:00:00,10.0,0.8895935070940303,0.7755613158332542,0.6348439616506302,0.5341647025135902
824728,680732,2026-08-05 00:00:00,4.0,0.8495499612985364,0.7152791333548381,0.5568156760270393,0.4188087528434004
824563,680732,2026-08-11 00:00:00,8.0,0.8610828207663562,0.732158066836228,0.578097572457043,0.4481865226293607
824236,680732,2026-08-16 00:00:00,2.0,0.8245008526049817,0.6799177820969377,0.5137554492141528,0.3643736634724721
823929,680736,2026-07-07 00:00:00,9.0,0.8327159817172642,0.6920423687107955,0.529147906851583,0.3841383303744926
823437,680736,2026-07-21 00:00:00,7.0,0.8279023498744917,0.6840254424954039,0.5179428988369094,0.368525899724278
823923,680736,2026-07-28 00:00:00,7.0,0.86752273879495,0.7421463840018899,0.5914145889949516,0.4681365707267853
824647,680736,2026-08-03 00:00:00,4.0,0.808900844559842,0.658658401340213,0.4887828411591572,0.3357025717586468
825050,680736,2026-08-09 00:00:00,3.0,0.7484719730333798,0.5799347752147709,0.4008528113700798,0.2487819234898419
823914,680736,2026-08-15 00:00:00,6.0,0.876975069605807,0.7569528537355994,0.6113476688126204,0.4990758051309862
824652,680744,2026-07-21 00:00:00,5.0,0.5818179645503291,0.3942918949665036,0.2280058624435339,0.1296969804812072
824975,680744,2026-07-31 00:00:00,2.0,0.5663204114865225,0.3780003637527623,0.2141829443110954,0.1216844645059494
823605,681035,2026-07-08 00:00:00,5.0,0.912437021063038,0.8141522011787559,0.6902839854467707,0.631679096566062
823440,681035,2026-07-16 00:00:00,7.0,0.8394261462276568,0.7025029817865268,0.543109394144121,0.4034457292643206
823761,681035,2026-07-22 00:00:00,6.0,0.8404434566916471,0.7038905062329627,0.5447520865235079,0.4055104859810744
823598,681035,2026-07-29 00:00:00,7.0,0.817892170224448,0.6728419880821276,0.5077203556159225,0.3600104471877851
824402,681035,2026-08-05 00:00:00,7.0,0.8024677120464144,0.6516211314341547,0.4824662095919222,0.3307378051645708
824887,681035,2026-08-10 00:00:00,6.0,0.8673921979975031,0.7429189169767215,0.5936402562902898,0.4732001627490379
823590,681035,2026-08-16 00:00:00,7.0,0.8729125664594339,0.7518362028693857,0.6059972809022972,0.4929093069072225
823271,681190,2026-07-30 00:00:00,1.0,0.5196900882650564,0.3292064035916818,0.1737514501993698,0.0988398157539558
825054,681190,2026-08-04 00:00:00,1.0,0.5652643086606554,0.3731914753893333,0.207316711061655,0.1162984923042139
823268,681190,2026-08-09 00:00:00,1.0,0.6706143752873789,0.4871541502054471,0.3077642707202352,0.177448252359529
824400,681190,2026-08-15 00:00:00,5.0,0.6035443979891992,0.4131148087074403,0.2407313155657193,0.1352334745186015
822710,681293,2026-07-08 00:00:00,2.0,0.6061425549920132,0.4171330744537566,0.2452452584076589,0.1384832595308663
824169,681293,2026-07-18 00:00:00,6.0,0.7837747668356636,0.6251949878451695,0.4504544620424489,0.2951733261316047
822712,681347,2026-07-06 00:00:00,3.0,0.6147587863035419,0.4268492337403912,0.2541311308409351,0.1440347766817054
823033,681517,2026-07-10 00:00:00,2.0,0.5865733656972851,0.3985793163219921,0.231086165739937,0.131175351185219
824006,681517,2026-07-20 00:00:00,4.0,0.7327868546370118,0.5613396030411557,0.3821365911982323,0.2336221420242548
823028,681517,2026-07-26 00:00:00,9.0,0.6438543957747679,0.4591019715930122,0.2834834573825994,0.162592315245028
822782,681517,2026-07-31 00:00:00,3.0,0.6802417985709157,0.4998390544958527,0.3214244765467505,0.187937952926868
823024,681517,2026-08-07 00:00:00,8.0,0.7002012716485182,0.523269641210727,0.3445166082038181,0.2048428785384628
823017,681517,2026-08-12 00:00:00,6.0,0.7683965417676144,0.60622459107257,0.4304140909312993,0.276636917446674
824475,681517,2026-08-18 00:00:00,6.0,0.7906207242038291,0.6343604414351369,0.4609887206468781,0.3060644038957248
824254,682052,2026-07-07 00:00:00,4.0,0.5796795320038584,0.3909239649099847,0.2242498930059231,0.1270266618875009
824978,682052,2026-07-19 00:00:00,6.0,0.5086237885259467,0.3206015863257603,0.1687321326421026,0.0969601315141994
823680,682052,2026-07-24 00:00:00,4.0,0.6716342713402308,0.4900712399054475,0.3121626734215679,0.1815449429563326
824973,682052,2026-07-29 00:00:00,8.0,0.6303911901474859,0.4444541188768843,0.2703383397867915,0.1543344264373585
824482,682052,2026-08-05 00:00:00,9.0,0.5755119541443461,0.3843077429075639,0.2168990684319822,0.1218643115559707
824969,682052,2026-08-10 00:00:00,5.0,0.6112094655153233,0.4205898217017236,0.2465948138346818,0.1383346325484887
824965,682052,2026-08-16 00:00:00,6.0,0.7705758148328934,0.6081919928250656,0.4316819659062478,0.277004733690225
823846,682243,2026-07-09 00:00:00,3.0,0.8850539895112304,0.7690050826703521,0.6267821257120338,0.5224040251603804
823115,682243,2026-07-17 00:00:00,6.0,0.771648241857152,0.6104703978124905,0.4351618436937654,0.2812369259852568
822872,682243,2026-07-24 00:00:00,0.0,0.8140927939306329,0.6670255879911687,0.5001133535295041,0.3502710409277379
823111,682243,2026-07-31 00:00:00,3.0,0.8457323368982604,0.7103143731139215,0.5513044360384937,0.4123349837674008
823105,682243,2026-08-06 00:00:00,5.0,0.7698115158181065,0.6064663920486411,0.4289802160834214,0.2737057499393874
823511,682243,2026-08-12 00:00:00,5.0,0.8470099701072393,0.7116757432113244,0.5524104301244543,0.4130357906694382
823749,682243,2026-08-18 00:00:00,3.0,0.7410442132703307,0.5709371000896607,0.3915879094530378,0.2410476191690454
824488,682995,2026-07-30 00:00:00,2.0,0.403062212791259,0.2244080524866335,0.1012301476940362,0.0621911578757206
823344,682995,2026-08-16 00:00:00,4.0,0.3281358616558273,0.1661649452494211,0.0674396625184897,0.0453324398098182
824981,683000,2026-07-17 00:00:00,5.0,0.2486685987171212,0.1106407148353852,0.0389927219436227,0.0299141254504057
822706,683000,2026-07-26 00:00:00,0.0,0.453742784358572,0.2665750990260017,0.1277870962224096,0.0749611996915971
823360,683003,2026-07-08 00:00:00,8.0,0.8697542574212505,0.7466126332976105,0.5986142000002307,0.4808873732819113
824414,683003,2026-07-18 00:00:00,9.0,0.8262952326356165,0.6830280593775038,0.51822324260882,0.3706383925314097
823352,683003,2026-07-24 00:00:00,5.0,0.9181133711262144,0.8231913706915305,0.702451283896528,0.6520038787668186
823351,683003,2026-07-29 00:00:00,5.0,0.9021516526697716,0.7965929638795389,0.6648392003043625,0.5860760689877778
823756,683003,2026-08-04 00:00:00,4.0,0.8931624567357789,0.7825190319610642,0.6460086325822104,0.5552244340562188
823345,683003,2026-08-09 00:00:00,3.0,0.9072064212054716,0.8054163708648155,0.677887578139818,0.6098254440516758
823347,683003,2026-08-15 00:00:00,7.0,0.8669796854879097,0.7426932697625231,0.5938424477505253,0.4742162812050049
822704,683352,2026-07-25 00:00:00,3.0,0.5878481034718691,0.3953767516942754,0.2247021359279949,0.1254836036313704
824407,683352,2026-07-31 00:00:00,2.0,0.3813388185225603,0.2063631145265532,0.0900035302453429,0.0565071571306598
825052,683352,2026-08-05 00:00:00,9.0,0.4937694144590219,0.304267936433121,0.1550337182665432,0.0890734859840508
825046,683352,2026-08-11 00:00:00,4.0,0.7590219320001458,0.5941537794386224,0.4171070330057878,0.2641265186530925
824725,683352,2026-08-17 00:00:00,0.0,0.5959795363780501,0.406823879137589,0.2367651693837338,0.1337244123413916
824489,683742,2026-07-28 00:00:00,2.0,0.343848903066228,0.1772940529893552,0.073253657984118,0.0481322092684913
824493,684007,2026-07-10 00:00:00,5.0,0.5643798778511514,0.3738826578578086,0.2091286399279161,0.1179624882354078
824653,684007,2026-07-19 00:00:00,4.0,0.6797969405747408,0.500412470579387,0.322999092444042,0.189759925723482
823355,684007,2026-07-25 00:00:00,4.0,0.6669651387758305,0.4829047943826552,0.3036636953052277,0.1746238412759627
824651,684007,2026-07-31 00:00:00,6.0,0.8100220727382984,0.6608232052852869,0.4920574109639636,0.3402007484047425
824646,684007,2026-08-05 00:00:00,6.0,0.7820638835210038,0.623674397202247,0.4495368957667497,0.2950319282764098
822697,684007,2026-08-11 00:00:00,5.0,0.7114306972090285,0.5361749503994586,0.3570241093211739,0.2140615288647524
824641,684007,2026-08-17 00:00:00,10.0,0.6964168755821396,0.5188105431202295,0.3400888426008497,0.2015373064296311
825053,684442,2026-08-06 00:00:00,1.0,0.5140041042906759,0.3252840426938148,0.1719184692987259,0.098454749026932
823200,685299,2026-07-10 00:00:00,1.0,0.5895908593187665,0.4024966089080692,0.2350355763433403,0.1338221271604307
824330,685299,2026-07-19 00:00:00,2.0,0.5640505269554614,0.3748364151991656,0.2109204840729014,0.1195011804270118
824324,685299,2026-08-03 00:00:00,3.0,0.3884713249154443,0.2132465403162563,0.094832798329793,0.0592445833626165
823020,685299,2026-08-09 00:00:00,2.0,0.47818371864195,0.2921855431475373,0.1479829789181594,0.0862970289241712
823184,685299,2026-08-15 00:00:00,4.0,0.5080252838617391,0.3190563606813753,0.1668722513310335,0.0956395065469294
823925,686218,2026-07-12 00:00:00,7.0,0.7506985095467006,0.5843626444275377,0.407294337739865,0.2559274956310768
823436,686218,2026-07-20 00:00:00,6.0,0.8207182502821055,0.6761449209685404,0.5109620798347138,0.3630552161793484
823599,686218,2026-07-26 00:00:00,5.0,0.7647201808766159,0.6022588546206226,0.4268518327212221,0.2739985720809005
823919,686218,2026-08-02 00:00:00,4.0,0.8701085193489232,0.7476676594685354,0.600648420630872,0.4849234359676346
822878,686613,2026-07-10 00:00:00,4.0,0.8729465818636687,0.7517551395176976,0.6057285964213859,0.4922617001807076
824168,686613,2026-07-19 00:00:00,4.0,0.8745166674507535,0.7529541234648386,0.6057814218252933,0.4900786354419707
824571,686613,2026-07-25 00:00:00,7.0,0.7867950131713213,0.630626863117957,0.4582047743423578,0.304660638678938
824164,686613,2026-07-31 00:00:00,5.0,0.852180773533383,0.7199882518522911,0.5638200065494369,0.4298106135105125
824158,686613,2026-08-05 00:00:00,8.0,0.8531355514490649,0.7209176669984431,0.5644120599012301,0.4298392488439227
823186,686613,2026-08-11 00:00:00,4.0,0.8567420621554143,0.726388218208547,0.5715619938394257,0.4400887029999085
824156,686613,2026-08-16 00:00:00,5.0,0.927139653402386,0.8384556312225214,0.72416499194126,0.6902134613754866
823203,686790,2026-07-07 00:00:00,0.0,0.7071844884894332,0.5318943766491434,0.3534818152169774,0.2119077933210285
823199,686790,2026-07-12 00:00:00,4.0,0.6130191116864985,0.4254823492538864,0.2533583421523976,0.1438180676094133
824087,686790,2026-07-20 00:00:00,3.0,0.4529586582393611,0.269911699331701,0.1327342279016824,0.0787450354269951
823679,686930,2026-07-25 00:00:00,2.0,0.3200828741101831,0.1609773193528867,0.0650113237033415,0.0442788564688739
824974,686930,2026-07-30 00:00:00,6.0,0.4160191418104683,0.2368250751378342,0.1100624607973101,0.067060514577991
824481,686930,2026-08-06 00:00:00,7.0,0.4968732461896483,0.308139896885649,0.158536521247968,0.0912031437551612
824970,686930,2026-08-11 00:00:00,0.0,0.679689370881326,0.498095004075496,0.3187043671358127,0.1853131374305193
824077,686930,2026-08-17 00:00:00,2.0,0.5260202156674589,0.3360088010603464,0.1794284128686173,0.1020673058348204
824817,687064,2026-07-10 00:00:00,5.0,0.7846963838031638,0.6273257878394194,0.4538666855019072,0.2996157920059891
824168,687064,2026-07-19 00:00:00,7.0,0.7919999494854292,0.6360627324573358,0.462785077424468,0.3077809964479292
824811,687064,2026-07-25 00:00:00,6.0,0.6969030783368192,0.5179985766437909,0.3379567897301765,0.1990034669716085
824809,687064,2026-07-31 00:00:00,5.0,0.7097793381860273,0.5331337745230118,0.3529101581534917,0.2101078249211399
824804,687064,2026-08-06 00:00:00,4.0,0.7728486699684702,0.6106248907417291,0.4338250384594571,0.2785383780692644
823673,687064,2026-08-11 00:00:00,4.0,0.7136251543980463,0.5372838362833225,0.3566453212465909,0.21263531656999
822939,687064,2026-08-17 00:00:00,3.0,0.7312250346454973,0.5579122807701092,0.3770367869736837,0.2282030637481741
823357,687075,2026-07-11 00:00:00,3.0,0.8614316728820471,0.7338360640919341,0.5817039857967918,0.4554053914104724
823760,687075,2026-07-21 00:00:00,4.0,0.8736630424193021,0.7516272637673252,0.6040053354218533,0.4873206678058491
823195,687075,2026-07-27 00:00:00,5.0,0.8496499704385507,0.716248777714387,0.5590452600249526,0.4231759006889549
823757,687075,2026-08-03 00:00:00,4.0,0.8712639019160762,0.7477866474869552,0.5987316134015286,0.4789886866716933
824327,687312,2026-07-22 00:00:00,5.0,0.5906646589525447,0.402803213708732,0.2346257141657606,0.1332043695891455
823273,687312,2026-07-29 00:00:00,2.0,0.6888652331142973,0.5109823477703859,0.3333496732926458,0.197267404502062
824321,687312,2026-08-04 00:00:00,7.0,0.5664770538369126,0.3758362834122775,0.210576236633927,0.1186861280287308
825048,687312,2026-08-10 00:00:00,3.0,0.5907623695826618,0.4013469193514353,0.2321115217762051,0.1310301703692603
823182,687312,2026-08-16 00:00:00,2.0,0.6431508184710628,0.4577353440436273,0.2817107621699124,0.1611265316694913
823843,687473,2026-07-24 00:00:00,4.0,0.5575967021070136,0.3679448350584637,0.2050501044201014,0.1161055317658797
823837,687473,2026-07-29 00:00:00,3.0,0.5424371630734313,0.3521325584414982,0.1919519257009448,0.1087281388865346
824888,687473,2026-08-04 00:00:00,5.0,0.5280847318180639,0.3380956556379251,0.1810874734212643,0.1029706578577483
823835,687473,2026-08-09 00:00:00,4.0,0.6537538400106699,0.4686559272193054,0.2909572896558728,0.1666026047887767
824480,687473,2026-08-15 00:00:00,6.0,0.6941895532872986,0.516013635882134,0.3371550156881926,0.1992444491513666
824578,687562,2026-07-08 00:00:00,4.0,0.7350995206180742,0.565384296604243,0.3875893726847539,0.2391835628417577
824766,687562,2026-07-17 00:00:00,3.0,0.6011835824516123,0.4137665930296395,0.2439251257175116,0.1386156665584747
824735,687562,2026-07-22 00:00:00,4.0,0.8167471553012574,0.6704113749582158,0.5038347305759461,0.3542785746475922
824976,687562,2026-07-28 00:00:00,4.0,0.6088689297613442,0.4219462160799034,0.2510319419587903,0.1428645311232086
823919,687562,2026-08-02 00:00:00,4.0,0.6507068287844131,0.4669380449008893,0.2908892347617356,0.1675312828458872
824726,687562,2026-08-08 00:00:00,5.0,0.6447013757301503,0.4595877886065279,0.283524741071124,0.1623657143927997
823346,687562,2026-08-14 00:00:00,6.0,0.737729814024088,0.5676661265701743,0.3889993055053694,0.2395627843990707
823684,687570,2026-07-08 00:00:00,6.0,0.7850697259153049,0.62798815980239,0.4548056207648904,0.3007616214695535
823678,687570,2026-07-26 00:00:00,5.0,0.7531677436079554,0.5862855551446012,0.4081226856182284,0.2555893616177471
823109,687570,2026-08-01 00:00:00,5.0,0.8633089881109576,0.7355732931239464,0.5826075886315238,0.454836002550177
823751,687570,2026-08-09 00:00:00,7.0,0.905477268456422,0.8017346268213998,0.6715923568669757,0.5969879324031312
823671,687570,2026-08-15 00:00:00,6.0,0.8424000721132762,0.7059609841539908,0.5464336026332979,0.4065879006758601
823272,687931,2026-07-31 00:00:00,3.0,0.7235956978603505,0.5518332978698475,0.3740056064093147,0.2283262171247256
822866,687931,2026-08-05 00:00:00,4.0,0.5794510855312602,0.3894641312575753,0.2220460494173319,0.1252323379877714
823186,687931,2026-08-11 00:00:00,2.0,0.682203291134066,0.5032395068557829,0.3257842612081422,0.1917814651753017
824398,687931,2026-08-18 00:00:00,1.0,0.6466172863616789,0.4617907052582574,0.2856123168656261,0.1637559468421213
823035,688107,2026-07-07 00:00:00,4.0,0.6748029513547263,0.4950829192428008,0.3182462865775503,0.186661000610842
823358,688107,2026-07-12 00:00:00,3.0,0.854069303059191,0.7230965684807278,0.5681710578345518,0.4364151715414172
823764,688107,2026-07-19 00:00:00,5.0,0.7676065259401028,0.6069519634701533,0.4330756617658375,0.2809185058137705
823758,688107,2026-07-25 00:00:00,4.0,0.8400620890560324,0.7034192715684056,0.5442595700063205,0.4049803429112242
824000,688107,2026-08-01 00:00:00,6.0,0.8332995376150839,0.6930624969282121,0.5306302468624885,0.3862989611335704
823752,688107,2026-08-08 00:00:00,3.0,0.705567802679512,0.5286401479435507,0.348915075031767,0.2074522049706321
823913,688107,2026-08-14 00:00:00,7.0,0.7414787926003116,0.5742765863444474,0.3980013649925615,0.2489888660760713
823747,688107,2026-08-20 00:00:00,4.0,0.7435067865159404,0.5761513277915861,0.3993248015174124,0.2495781633250919
824327,688642,2026-07-22 00:00:00,1.0,0.2425502758419973,0.1070214786277532,0.0374432762417004,0.0291003869662893
825048,688642,2026-08-10 00:00:00,1.0,0.2461968232171581,0.1094459559630494,0.0386120055237347,0.0297941425592741
824566,689818,2026-08-07 00:00:00,4.0,0.6818623877575247,0.5013211789534249,0.3224890151398202,0.1884374027689316
823035,690928,2026-07-07 00:00:00,4.0,0.6765768351847696,0.4964918902042886,0.3190177331567479,0.1868029365731701
824004,690928,2026-07-22 00:00:00,5.0,0.707245734250334,0.5300396324334529,0.3497331913518169,0.2076395461728699
823025,690928,2026-07-27 00:00:00,4.0,0.7249584104287713,0.5552289588477674,0.3792640056737497,0.2340517075071656
823517,690928,2026-08-04 00:00:00,4.0,0.8460306347421775,0.7101192455875994,0.5502961708602252,0.4099970494430924
823018,690928,2026-08-10 00:00:00,6.0,0.731269544091979,0.5590218931463972,0.3792590383285438,0.230874431946638
824642,690928,2026-08-16 00:00:00,7.0,0.6725118740297432,0.4904126990824103,0.3118731418306026,0.180931997173997
823032,690986,2026-07-08 00:00:00,2.0,0.6639188891088286,0.4822680494474884,0.305654693935672,0.1776834240404984
823753,690986,2026-08-05 00:00:00,10.0,0.8384602294671376,0.6998154460359653,0.5382231940335733,0.395115059031553
823264,690986,2026-08-11 00:00:00,3.0,0.847398539990504,0.7139270738473149,0.5572865207940814,0.4223147090533162
823749,690986,2026-08-18 00:00:00,8.0,0.8467078958167545,0.7135557087502609,0.5575864711230112,0.4237377180081839
823604,690997,2026-07-10 00:00:00,7.0,0.8370520404093301,0.6983023964543061,0.5369552738964015,0.3942327437496659
823439,690997,2026-07-19 00:00:00,10.0,0.8639902267891015,0.7368701541915441,0.5846237618056037,0.4582410390097904
823600,690997,2026-07-25 00:00:00,7.0,0.8669706014477977,0.7413722852171566,0.5904863476656043,0.4668792301886426
823595,690997,2026-07-30 00:00:00,6.0,0.8394817977167557,0.7016439903125946,0.5409223007097418,0.3991639670462804
824401,690997,2026-08-06 00:00:00,8.0,0.8084101089231875,0.6575735167192127,0.4870355063288356,0.3332308934111513
824886,690997,2026-08-11 00:00:00,3.0,0.8673531476592319,0.7419221953298396,0.5911642789003452,0.4678263029420446
823589,690997,2026-08-17 00:00:00,3.0,0.8818380082929748,0.7635934462143997,0.6190313457575753,0.5093351405822961
823844,691587,2026-07-11 00:00:00,6.0,0.892481166058118,0.7807845473252392,0.6427842601596062,0.5485064556063629
823764,691587,2026-07-19 00:00:00,9.0,0.8727748861819118,0.749703454250141,0.6007553671375032,0.4813248735436321
823841,691587,2026-07-25 00:00:00,2.0,0.927483788704319,0.8393767310504712,0.7259676311276695,0.6942529464989582
823595,691587,2026-07-30 00:00:00,6.0,0.9318268281444944,0.8459893759327372,0.7342004402804213,0.7064316052280293
824889,691587,2026-08-05 00:00:00,9.0,0.92128309022229,0.8275866215390842,0.7073409216161696,0.6582203472335215
823832,691587,2026-08-11 00:00:00,7.0,0.921317393287369,0.8278254850725736,0.7079408296306392,0.6597405556109327
824477,691587,2026-08-16 00:00:00,5.0,0.8738813488733442,0.7506342470156295,0.6010016385217871,0.4802580438980299
824809,691725,2026-07-31 00:00:00,6.0,0.6220576326796773,0.4354495312041659,0.2623444879316073,0.1494051273846589
823429,691725,2026-08-05 00:00:00,4.0,0.7104609653341474,0.5347098557018377,0.3552437706212516,0.2124585933226906
823018,691725,2026-08-10 00:00:00,6.0,0.6245181658345992,0.4367449409467014,0.2623118257394001,0.1486784519954013
823670,691725,2026-08-16 00:00:00,2.0,0.703344217107854,0.5268244806440748,0.3479018067407753,0.2072782549082726
823836,691946,2026-08-07 00:00:00,3.0,0.6606800427969783,0.4752100670999049,0.2959244371591079,0.1691378424343702
823994,691946,2026-08-12 00:00:00,5.0,0.8162766948918742,0.6679559890604354,0.4988205517242711,0.3460678544219615
824154,691946,2026-08-18 00:00:00,7.0,0.7847217049327768,0.6262518206765727,0.4514386410546723,0.2959583927591775
823847,693433,2026-07-07 00:00:00,5.0,0.8798690627591672,0.761602800285395,0.6177541233834986,0.5094290654422015
823116,693433,2026-07-18 00:00:00,7.0,0.8569871844222595,0.7272322462417171,0.5732349102753334,0.4432709511859607
822869,693433,2026-07-25 00:00:00,5.0,0.8400282219218634,0.7031119736548197,0.5435659839503726,0.4036686677994576
823921,693433,2026-07-30 00:00:00,8.0,0.7780906013961645,0.6184714778725141,0.4436865186880335,0.2891936528435745
823106,693433,2026-08-05 00:00:00,5.0,0.8845119359081178,0.7677717836302164,0.6246274179225465,0.5181939818279987
823512,693433,2026-08-11 00:00:00,5.0,0.8805213402915407,0.7617505453878529,0.6168352233836356,0.506285324921115
824156,693433,2026-08-16 00:00:00,5.0,0.8674949351760549,0.7412545270763218,0.5891858256890267,0.4633210570731059
822958,693645,2026-07-06 00:00:00,8.0,0.8566466163524148,0.7250006783819029,0.5682453048303236,0.4333273582959001
822711,693645,2026-07-11 00:00:00,6.0,0.8816921232695131,0.7630601113482217,0.6179219873946707,0.5069846717082735
823523,693645,2026-07-19 00:00:00,8.0,0.889333191609606,0.7751263270867668,0.6342262903099103,0.5331187578981912
823434,693645,2026-07-24 00:00:00,12.0,0.9035181862793188,0.7975212695816468,0.664358880991593,0.5822990016903499
824567,693645,2026-07-29 00:00:00,8.0,0.8780294404599888,0.7573625985906343,0.6103255170600748,0.4951409568543873
823520,693645,2026-08-03 00:00:00,6.0,0.9272267089172596,0.8373248731136657,0.7206670402298174,0.6806589320560597
823513,693645,2026-08-09 00:00:00,11.0,0.941426392344054,0.8632649288011963,0.759917147847511,0.7523166149834033
822775,693645,2026-08-15 00:00:00,7.0,0.9485927514254194,0.8762989829652637,0.7792871261587531,0.785474117374952
823203,693686,2026-07-07 00:00:00,1.0,0.6230064720375548,0.4363092373233724,0.2629634784580083,0.1496993124936849
822789,693686,2026-07-17 00:00:00,4.0,0.6231871252804437,0.4362233847896228,0.2626443807549317,0.1493576534139491
822784,693686,2026-07-22 00:00:00,4.0,0.6918654640432824,0.5122464611114996,0.3324508453544163,0.1950968378873699
824158,693686,2026-08-05 00:00:00,2.0,0.604118531583014,0.4144213038988432,0.2424366389504865,0.1365611574968046
823359,693821,2026-07-09 00:00:00,3.0,0.7347688095363272,0.5651151122380286,0.3874443165897271,0.2391742912344246
824898,693821,2026-07-20 00:00:00,4.0,0.6784462669558177,0.4984791399872857,0.3207777171065,0.1879399464756262
824811,693821,2026-07-25 00:00:00,8.0,0.5989814893760179,0.4108499693973611,0.2409245349014898,0.1365644322049399
824892,693821,2026-07-31 00:00:00,3.0,0.7253639397216296,0.554079071354329,0.3764244350298584,0.2303826646511409
824889,693821,2026-08-05 00:00:00,3.0,0.6981193678919082,0.5198988140220159,0.3402858426321862,0.2010455432496434
824887,693821,2026-08-10 00:00:00,4.0,0.6457716089121509,0.4602581879643961,0.2836772264690373,0.162174729011165
824880,693821,2026-08-16 00:00:00,5.0,0.7119623834027173,0.5355095544569956,0.3550707269066787,0.2115879415734532
822956,693855,2026-07-07 00:00:00,12.0,0.4765205098570617,0.292669913611781,0.1497218428740989,0.0878760252309399
822951,693855,2026-07-12 00:00:00,3.0,0.6392662773420417,0.4542254723335381,0.2792039075213453,0.1599549549055571
824738,693855,2026-07-18 00:00:00,4.0,0.7054328720132759,0.5302299292859156,0.3522136698949911,0.2112370628874638
822785,693855,2026-07-23 00:00:00,7.0,0.7355515367016537,0.5656799595575466,0.3876308946332771,0.2389977894197673
822947,693855,2026-07-29 00:00:00,4.0,0.6535114306431291,0.4719235778431162,0.2971921718510679,0.1727867903221702
824324,693855,2026-08-03 00:00:00,9.0,0.6579736284492504,0.4751656862611981,0.2986211524372126,0.1727014124629791
823104,693855,2026-08-09 00:00:00,7.0,0.6813254300712798,0.5011509362889646,0.3227487907949392,0.1889144972638623
822941,693855,2026-08-15 00:00:00,9.0,0.7963530167717758,0.6426615467230783,0.471244863526346,0.3176265778089834
822934,693855,2026-08-20 00:00:00,8.0,0.6320881710617213,0.4453361918709533,0.2702816697522872,0.1537814857359818
823282,694297,2026-07-06 00:00:00,6.0,0.6471029967456379,0.462382179918877,0.2862026721842796,0.1641663697919614
823926,694297,2026-07-11 00:00:00,2.0,0.6132594078547811,0.4260735995348111,0.2541597900437302,0.1444683052160819
825059,694297,2026-07-18 00:00:00,3.0,0.4805980439235806,0.2960632497544201,0.1519164276271374,0.0888796492953873
823042,694297,2026-07-23 00:00:00,1.0,0.4782601000687415,0.2941370654569198,0.150687078332111,0.0883286943600643
823350,694297,2026-07-28 00:00:00,4.0,0.533916013529442,0.3440695946236153,0.1859089394882013,0.1056336904015017
825095,694297,2026-08-03 00:00:00,3.0,0.5461913753287052,0.3550374366409463,0.1936103058806191,0.1092890224556123
825049,694297,2026-08-08 00:00:00,2.0,0.4916137506838745,0.3026486508508431,0.1541368101096956,0.0887534347988366
824882,694297,2026-08-14 00:00:00,7.0,0.5750324554524572,0.3841524104913769,0.2170410503574535,0.1220892620171766
824722,694297,2026-08-19 00:00:00,8.0,0.6683686369606521,0.4853186724638944,0.3066969236623241,0.1771690633348516
823192,694477,2026-07-29 00:00:00,1.0,0.6623847390469014,0.4773016586820756,0.2980287636457837,0.1706230308684155
823747,694477,2026-08-20 00:00:00,4.0,0.7130749243406631,0.5360872048577767,0.3549085538365616,0.2109036680593581
823205,694738,2026-07-06 00:00:00,5.0,0.7345263979139879,0.5630276125721677,0.3834388484862348,0.2343298683703466
823115,694738,2026-07-17 00:00:00,2.0,0.878054500476612,0.7578198742046747,0.6114728492790047,0.4977296116038018
824083,694738,2026-07-22 00:00:00,7.0,0.8106370811966406,0.6612384283238154,0.4920596974063158,0.3396650855617448
823193,694738,2026-07-28 00:00:00,1.0,0.7925682782982818,0.637611930145236,0.4654404708097145,0.3114624896606356
823270,694738,2026-08-02 00:00:00,6.0,0.7058899536389699,0.5280634756614243,0.3474015953170685,0.2056191690583418
823188,694738,2026-08-08 00:00:00,3.0,0.8015015645137703,0.649806937827971,0.4797768670609202,0.327151407399859
823185,694738,2026-08-14 00:00:00,5.0,0.7412841612599947,0.5718891382945998,0.3932642611461046,0.2430356706603019
824395,694738,2026-08-20 00:00:00,2.0,0.7197340691178115,0.5453988623503664,0.3656453135935136,0.2202372079787525
823062,694819,2026-07-07 00:00:00,11.0,0.9483971191655818,0.8756590699766789,0.7778883607510969,0.7823226028191959
823762,694819,2026-07-20 00:00:00,6.0,0.9685379087192864,0.9163628364447108,0.8434235446748872,0.8889155400784221
823755,694819,2026-07-26 00:00:00,12.0,0.9687357377993636,0.9169174586115886,0.8445588679843274,0.8908372577628714
823996,694819,2026-08-02 00:00:00,10.0,0.9734217829333356,0.9268270009570996,0.8607135847677058,0.9122431233114124
823751,694819,2026-08-09 00:00:00,9.0,0.9728843598930302,0.9257297758641264,0.8590091770997194,0.9102104972861816
823914,694819,2026-08-15 00:00:00,6.0,0.9695999385485884,0.9186112312237624,0.8471152157327339,0.8940869960970302
823182,694918,2026-08-16 00:00:00,1.0,0.7549181306374573,0.5893439500799568,0.4123084135489723,0.2601252098582627
823361,694973,2026-07-07 00:00:00,4.0,0.9056592038070452,0.8019943099589082,0.6719009554260942,0.5974281650554473
823358,694973,2026-07-12 00:00:00,7.0,0.9107269890631942,0.8101114069582299,0.6829298697219758,0.6159542918896349
824411,694973,2026-07-19 00:00:00,8.0,0.84670903825815,0.7111692889442881,0.5516939724798653,0.4119721645319479
823355,694973,2026-07-25 00:00:00,11.0,0.8930369750076927,0.7810510042936587,0.6423240225556809,0.5464245171968294
824486,694973,2026-07-31 00:00:00,7.0,0.8302562384555031,0.6871335572462952,0.5214657045061849,0.3725313789421426
823753,694973,2026-08-05 00:00:00,6.0,0.9075972904675108,0.8040822192006328,0.6733087696914014,0.597300917130784
823832,694973,2026-08-11 00:00:00,4.0,0.884009220081692,0.7662876998293873,0.6217254480444637,0.5121809820465569
823342,694973,2026-08-19 00:00:00,5.0,0.9206068149096056,0.8270242231791799,0.7073726845641365,0.659753378453774
824331,695076,2026-07-18 00:00:00,2.0,0.6099732474654999,0.4220317982592503,0.2501827188079146,0.141815654323025
823031,695076,2026-07-24 00:00:00,4.0,0.4428958553779129,0.2600010085087432,0.1253207198933291,0.0746878096913091
824488,695076,2026-07-30 00:00:00,5.0,0.5735113179924836,0.3829506346722472,0.2163402092720602,0.1218564648049387
824482,695076,2026-08-05 00:00:00,3.0,0.631779585511554,0.4457938196454161,0.2713878961986147,0.1548970116546678
824562,695076,2026-08-12 00:00:00,4.0,0.5952923758735573,0.4060309609791139,0.2360317021911961,0.1332663906895447
824478,695076,2026-08-17 00:00:00,5.0,0.6264979440742551,0.4391979198825042,0.2647546696750243,0.1503351756477
822700,695418,2026-08-09 00:00:00,4.0,0.3886601018993587,0.2124755262660702,0.0938118743411075,0.0584649736004599
823588,695418,2026-08-15 00:00:00,1.0,0.4818827278525081,0.2922236126214044,0.1456861911685422,0.0839857814057103
824496,695505,2026-07-08 00:00:00,2.0,0.9032374196663246,0.7977549109896038,0.6656259764485419,0.5860377647215201
823114,695505,2026-07-21 00:00:00,6.0,0.951518107003982,0.882489481237352,0.7898121951890711,0.8051989936833689
824490,695505,2026-07-28 00:00:00,4.0,0.9271746624469884,0.8384487797561986,0.7240557129456281,0.6898398075315337
824483,695505,2026-08-02 00:00:00,9.0,0.9213122635669136,0.8277146812112083,0.707634296757954,0.6589329568660136
822701,695505,2026-08-08 00:00:00,6.0,0.8515775020362206,0.7185199636610409,0.5612419618195432,0.4252921121089467
824479,695505,2026-08-14 00:00:00,8.0,0.8708990536722686,0.7476886084518042,0.5991838984766493,0.4805204812047584
824476,695505,2026-08-19 00:00:00,8.0,0.8996372820712363,0.792482524857526,0.6591083910213564,0.5762552470961975
824576,695611,2026-07-11 00:00:00,7.0,0.8687862563541513,0.7450607231287202,0.5964812825867312,0.4775255972599784
824981,695611,2026-07-17 00:00:00,8.0,0.8452961374461126,0.7116248907121556,0.5553015734566497,0.4208053404482202
825055,695611,2026-07-22 00:00:00,5.0,0.7710535030548666,0.6105034199750003,0.4360636584040114,0.2829247962158694
824976,695611,2026-07-28 00:00:00,7.0,0.8229802146170333,0.6808263806829913,0.5183958155297982,0.3742204012177414
824971,695611,2026-08-02 00:00:00,5.0,0.8104628953995787,0.6631154220332776,0.4966952473267071,0.347669261948569
824726,695611,2026-08-08 00:00:00,11.0,0.8584881230938055,0.7298290104015982,0.5770187641874671,0.4493015943209442
824968,695611,2026-08-14 00:00:00,1.0,0.850913602589442,0.7182602044711411,0.5617863651313425,0.4272051063257345
824074,695611,2026-08-20 00:00:00,3.0,0.8034420146908705,0.6526953308313261,0.4834468584562459,0.3315330388717069
823522,696062,2026-07-20 00:00:00,5.0,0.5879738394157165,0.396731250862761,0.2268320409490136,0.1272370935986096
823683,696070,2026-07-09 00:00:00,3.0,0.6090269652994187,0.4197743325799938,0.2471680323853382,0.1394113108601048
824409,696070,2026-07-21 00:00:00,2.0,0.5957378379061768,0.4048879344970291,0.2337297014133273,0.1311872701862725
823679,696070,2026-07-25 00:00:00,5.0,0.6189458050354213,0.4293972438604993,0.2546943596705773,0.1433931040718425
823677,696070,2026-07-29 00:00:00,4.0,0.6735150418082287,0.4894350682475687,0.3089669771620718,0.1776237622790708
823916,696131,2026-08-12 00:00:00,1.0,0.5230210444073969,0.33152741561927,0.1748477540663313,0.0990727180788605
824075,696131,2026-08-18 00:00:00,1.0,0.4360955863617874,0.2523551761436615,0.1191162632475242,0.0710509509774977
823356,696149,2026-07-11 00:00:00,6.0,0.7640612061958222,0.5996847947766448,0.4221835949512585,0.2679463403785736
823519,696149,2026-07-22 00:00:00,5.0,0.7809862264786376,0.6213370523095499,0.4458962773034137,0.290412594523584
823350,696149,2026-07-28 00:00:00,3.0,0.7693174923680932,0.6062306850094032,0.4291541284992883,0.2742702484059099
823757,696149,2026-08-03 00:00:00,5.0,0.8143722887214635,0.6654708670698646,0.4960328826946485,0.3430470921145582
823348,696149,2026-08-08 00:00:00,5.0,0.8647625837614733,0.7378266806416142,0.5856086014364463,0.4593207387436976
823346,696149,2026-08-14 00:00:00,5.0,0.8750655433340638,0.7534483057611194,0.605988877593299,0.4897358800575862
823682,696270,2026-07-11 00:00:00,1.0,0.6711542340505762,0.4917683709346102,0.3158680277741337,0.1855347646631502
824007,696270,2026-07-19 00:00:00,5.0,0.759321743404699,0.5953173903844892,0.4192014541069293,0.2667956570767189
823197,696270,2026-07-25 00:00:00,4.0,0.6870848185943462,0.5104756167017773,0.3343386874232174,0.1990543059553612
823999,696270,2026-07-31 00:00:00,3.0,0.6814821292502917,0.5015739994081462,0.323387202638433,0.1895253072895103
824804,696270,2026-08-06 00:00:00,1.0,0.6307068638395051,0.4435717584791482,0.2684769065324783,0.1525234267487325
823997,696270,2026-08-11 00:00:00,5.0,0.648043755870454,0.4628775664054847,0.2861639573651072,0.1638307240184896
823991,696270,2026-08-16 00:00:00,4.0,0.6874706588981946,0.507923785943673,0.3289931489990091,0.1931420424426722
823032,700241,2026-07-08 00:00:00,6.0,0.6279656580858518,0.4401913352153775,0.2651161360384578,0.1502429863572846
825060,700241,2026-07-17 00:00:00,5.0,0.5900427011568633,0.4008184514115979,0.2318485343604997,0.1309825130742776
823042,700241,2026-07-23 00:00:00,3.0,0.5861738375743583,0.3970744453810762,0.2289292130052227,0.129437915757272
823026,700241,2026-07-28 00:00:00,2.0,0.6364912580819055,0.4505118178224606,0.275252753273603,0.1570864845220144
823520,700241,2026-08-03 00:00:00,5.0,0.5935560260032523,0.4026847150773043,0.2319375060849432,0.1302011456558029
823020,700241,2026-08-09 00:00:00,4.0,0.637113242959048,0.4498682235704913,0.2735023815850558,0.1552691466977651
824644,700241,2026-08-15 00:00:00,6.0,0.6413569917552682,0.4544079542456996,0.2774885805464263,0.1577005539921773
824474,700241,2026-08-20 00:00:00,4.0,0.6767596435029162,0.4932670901602834,0.3127152795247271,0.18024611252397
824805,700249,2026-08-04 00:00:00,7.0,0.6144306978739326,0.4260445379387628,0.2530413857282793,0.1431537504367875
822862,700249,2026-08-09 00:00:00,2.0,0.6560299243817931,0.4727504281198912,0.2961568173617717,0.1709225571657896
822880,700712,2026-07-08 00:00:00,3.0,0.8614812716316831,0.7335887093192048,0.5809872766067918,0.4538116763925219
824005,700712,2026-07-21 00:00:00,5.0,0.8219008065688708,0.6777539775227629,0.5128625663579985,0.3653080037187332
824001,700712,2026-07-27 00:00:00,5.0,0.9059652012978636,0.8030127412701022,0.6740276054976231,0.6022900465637226
823996,700712,2026-08-02 00:00:00,7.0,0.9294708327319152,0.8423917143365016,0.7297216662010656,0.6998323125436338
823834,700712,2026-08-08 00:00:00,2.0,0.9218970924660777,0.8288772620388681,0.7095370181582195,0.6627281331007181
823995,700712,2026-08-13 00:00:00,5.0,0.8873468173572603,0.7725402798958465,0.6314595054175044,0.5297954394287484
824155,700712,2026-08-19 00:00:00,7.0,0.9107160392638374,0.8102908355025806,0.6834554415631843,0.6173394783447658
824732,700842,2026-07-22 00:00:00,1.0,0.671204309552134,0.4877365401026428,0.3082324440430483,0.1777095737092714
823669,701519,2026-08-13 00:00:00,1.0,0.4873015302214837,0.2984467514484387,0.1509709513634742,0.0870745758527612
822956,701542,2026-07-07 00:00:00,3.0,0.6729329992022415,0.4915349478931319,0.3135379417955499,0.1824826514450492
822708,701542,2026-07-12 00:00:00,2.0,0.626262759892152,0.4403336196540133,0.266974190824516,0.1524354017317978
823433,701542,2026-07-26 00:00:00,5.0,0.6078755968396206,0.4190672619109821,0.2469939863074081,0.1395624509288621
824651,701542,2026-07-31 00:00:00,7.0,0.6097857902059751,0.4227260641738536,0.2515444283047527,0.1430743589845373
823516,701542,2026-08-05 00:00:00,5.0,0.7258099947603273,0.5534218027702046,0.3745398419540223,0.227883615279774
823511,701542,2026-08-12 00:00:00,3.0,0.7516043901564866,0.5851514850475495,0.4077738342695987,0.2560355427872647
824801,701542,2026-08-19 00:00:00,5.0,0.6905273979470132,0.510701600118064,0.330957836982902,0.1940308410053577
823034,701656,2026-07-09 00:00:00,4.0,0.635150928312848,0.4494827700579143,0.2747115551167958,0.1569845728716021
823766,701656,2026-07-17 00:00:00,4.0,0.7396842541722543,0.57196138058486,0.39545016695359,0.2466869499199852
823761,701656,2026-07-22 00:00:00,9.0,0.7982624805535039,0.6482665732627708,0.4811384306539045,0.3320300968110231
823193,701656,2026-07-28 00:00:00,7.0,0.6840396418255449,0.5061459896396797,0.3293487658118688,0.1948696963120085
823756,701656,2026-08-04 00:00:00,8.0,0.8088098215502246,0.6596097414571911,0.4911332305982359,0.3397094068413407
823265,701656,2026-08-10 00:00:00,7.0,0.7424157171878409,0.5738288512186338,0.3958687323888221,0.2457363510534492
823912,701656,2026-08-16 00:00:00,6.0,0.833954748316345,0.6939323042603615,0.5316215485094051,0.3874610739089538
823276,702056,2026-07-11 00:00:00,1.0,0.8163034423957308,0.6702129689804349,0.5040668814577585,0.3550837849845492
822786,702056,2026-07-19 00:00:00,9.0,0.8061867486724716,0.6567287472842357,0.4885265473822806,0.3376136880294468
824733,702056,2026-07-24 00:00:00,9.0,0.7868853318154773,0.6313789555994777,0.4597578354411464,0.3069735329634225
822702,702056,2026-07-29 00:00:00,4.0,0.8140847157644011,0.6672303799380073,0.5006055589920819,0.3511270023458607
824089,702070,2026-07-06 00:00:00,7.0,0.68033945374506,0.4991723158368865,0.3200475934626499,0.1864646498117025
824813,702070,2026-07-11 00:00:00,9.0,0.7070066841556975,0.5291458380749985,0.3482425510641439,0.206073797116167
824086,702070,2026-07-19 00:00:00,1.0,0.7476368026736602,0.5795288193248008,0.4010848046676076,0.24955148392333
824248,702070,2026-07-24 00:00:00,8.0,0.6775514917519657,0.4963908815147189,0.3177759706753555,0.1851503339368592
823674,702070,2026-07-30 00:00:00,7.0,0.7192189609452152,0.5445823314101212,0.3646169595485083,0.219274689223752
824082,702070,2026-08-05 00:00:00,9.0,0.8099559296075043,0.6599068864833967,0.4900321901792497,0.3368677894898776
823918,702070,2026-08-10 00:00:00,2.0,0.8271641479864297,0.6833875172811644,0.5176436870692899,0.3687247922875694
823991,702070,2026-08-16 00:00:00,8.0,0.8537242912158154,0.7211438755258365,0.5639132057107193,0.4280955020425057
824579,702273,2026-07-07 00:00:00,3.0,0.6208596724181142,0.4369394128636041,0.2660699300136191,0.1531583383149648
824574,702273,2026-07-12 00:00:00,4.0,0.6020822995068998,0.4143791474951597,0.2441704850459387,0.1385975728821721
822871,702273,2026-07-21 00:00:00,2.0,0.63299879666406,0.4477043008710994,0.2736138520066015,0.1566057990050752
824570,702273,2026-07-27 00:00:00,5.0,0.6682051608303947,0.4865415397029082,0.3091558298694114,0.1797131705150757
822944,702273,2026-08-01 00:00:00,4.0,0.5979101821334057,0.4089457136247922,0.2386500404158402,0.1348643473607078
823029,702275,2026-07-12 00:00:00,2.0,0.605301630674507,0.4195969051336988,0.2502056113476396,0.1430804432046771
824895,702275,2026-07-21 00:00:00,4.0,0.6594714639649261,0.477063194231199,0.3005911541363357,0.1741474302844538
824891,702275,2026-08-02 00:00:00,4.0,0.667810369967052,0.4856196533742254,0.3078461773738029,0.1785256848205535
824657,702474,2026-07-18 00:00:00,4.0,0.3255087432560359,0.164698315587912,0.0668919430542364,0.0451782046654364
824409,702474,2026-07-21 00:00:00,0.0,0.6147345850102235,0.4248162743467952,0.2506470810006564,0.140951512113682
823594,702752,2026-08-01 00:00:00,3.0,0.4955036076287734,0.305734957624494,0.1559882642171238,0.0895037379992547
823279,703615,2026-07-08 00:00:00,2.0,0.5648424124841699,0.3758666038601504,0.2119386622167517,0.1201622766170895
823845,800048,2026-07-10 00:00:00,1.0,0.8597904720828474,0.7310960800929446,0.5778141253111889,0.449287557462928
824409,800048,2026-07-21 00:00:00,6.0,0.9150147140819908,0.8173828686631742,0.6933599122675689,0.6344994967161637
822950,800048,2026-07-26 00:00:00,6.0,0.73210957051322,0.5587638548635784,0.3776830184606898,0.2285390878630124
824405,800048,2026-08-01 00:00:00,6.0,0.8336433255774128,0.6919336932131849,0.5273243251440736,0.3797879254068899
824566,800048,2026-08-07 00:00:00,8.0,0.8123384589698844,0.6625714508243913,0.4924877160939254,0.3388856583096217
824238,800048,2026-08-13 00:00:00,6.0,0.8305399051828587,0.6879494099497638,0.5229529028925581,0.3749574082406876
824394,800048,2026-08-19 00:00:00,10.0,0.9238602150946306,0.8321267486021067,0.7140477410001712,0.6704620320891316
824896,800311,2026-07-22 00:00:00,2.0,0.8643848031723939,0.7378893866998,0.5864799565729493,0.4617151494171089
824579,801139,2026-07-07 00:00:00,6.0,0.8335848537786854,0.6940995348249541,0.5326520220328872,0.3897934345117896
823602,801139,2026-07-12 00:00:00,7.0,0.8592468864299809,0.7311225922630862,0.5788880691665685,0.452281723115749
824736,801139,2026-07-20 00:00:00,9.0,0.8458831545869792,0.7108799701485449,0.5524363735011619,0.4144053431656934
824977,801139,2026-07-27 00:00:00,7.0,0.7978485199305361,0.644031221197886,0.4721107280793449,0.3178078560075851
823920,801139,2026-08-01 00:00:00,7.0,0.868341504124361,0.7429246301941559,0.5918453046380316,0.467935389568428
824727,801139,2026-08-07 00:00:00,14.0,0.8540211340832536,0.7219980110414708,0.5655114306237039,0.4309986545892788
822776,801139,2026-08-13 00:00:00,4.0,0.872456329741107,0.7486727718356807,0.5987086921698866,0.4772235903907312
824722,801139,2026-08-19 00:00:00,6.0,0.8608823178178197,0.732547666824954,0.5794619623408778,0.4513513540137078
823602,804267,2026-07-12 00:00:00,5.0,0.5397083065531754,0.3519162383190021,0.1936753003376503,0.11064984661834
823760,804267,2026-07-21 00:00:00,2.0,0.5954957784111361,0.4081520849364271,0.239420350650163,0.1361405450882879
823597,804267,2026-07-27 00:00:00,5.0,0.632443587909128,0.4475722727605422,0.2739109996959981,0.1570499183882303
823594,804267,2026-08-01 00:00:00,2.0,0.662300406145172,0.4808769480481282,0.3047461879602692,0.1773315788376955
823349,804267,2026-08-07 00:00:00,3.0,0.6805401178946459,0.5001094616413719,0.3216164904915931,0.1880256843980429
824883,804267,2026-08-12 00:00:00,2.0,0.5685608176236288,0.3790140427302565,0.2140068800462465,0.1210416874446864
823586,804267,2026-08-18 00:00:00,7.0,0.5825945610519913,0.3924441113982621,0.2243078096601599,0.126392174765228
822875,805123,2026-07-11 00:00:00,4.0,0.3621975042856851,0.1919312271064131,0.0819019271192382,0.0526519717277244
824169,805123,2026-07-18 00:00:00,3.0,0.6332993072238058,0.4445827248589154,0.2677876225701203,0.151135436682661
824001,805123,2026-07-27 00:00:00,1.0,0.5971044152579807,0.405604696644259,0.2337416212639759,0.1308608649122192
822945,805326,2026-07-31 00:00:00,2.0,0.3621849554976133,0.1914734098998705,0.0813812733149837,0.052263779380796
823685,805673,2026-07-10 00:00:00,3.0,0.7645925062628366,0.6008614091706659,0.4240036426658827,0.2701217554763864
824653,805673,2026-07-19 00:00:00,4.0,0.7340743578552398,0.5636140022931585,0.3852146527784475,0.236758842427955
823680,805673,2026-07-24 00:00:00,1.0,0.7197332475007777,0.5458229570212384,0.3665016723609414,0.2212442464880246
823111,805673,2026-07-31 00:00:00,10.0,0.7724583240456099,0.6103602455782627,0.4337922060163985,0.2787505195928584
823750,805673,2026-08-07 00:00:00,4.0,0.8087430894504627,0.6583363614208766,0.4882830989638769,0.3350094914297177
823672,805673,2026-08-12 00:00:00,4.0,0.7487569573135234,0.5802876536291734,0.401224157318813,0.2491012307849033
823667,805673,2026-08-18 00:00:00,4.0,0.7339279797635901,0.5627199444363078,0.3835522869038889,0.2347777658141292
823678,806960,2026-07-26 00:00:00,5.0,0.5325036194771758,0.342222005618619,0.1841282546740323,0.1045071323688126
824975,806960,2026-07-31 00:00:00,1.0,0.4987312694210601,0.3110724897913767,0.1615339453418167,0.0931668311160318
823928,808963,2026-07-08 00:00:00,5.0,0.9241131755722962,0.83350532337808,0.717387694489916,0.6788079405529455
823524,808963,2026-07-17 00:00:00,5.0,0.8276490024910064,0.6848653142780287,0.5203731656407873,0.3731814891605867
823601,808963,2026-07-24 00:00:00,9.0,0.8179453885473914,0.6719479731706751,0.5055258977492113,0.3561063274020798
823921,808963,2026-07-30 00:00:00,7.0,0.8750882248527432,0.7540775907714649,0.6075759250311196,0.4932948345847842
825051,808963,2026-08-07 00:00:00,5.0,0.8490947635204853,0.7151222011078233,0.5572422016299233,0.4202132852785553
823915,808963,2026-08-13 00:00:00,2.0,0.9091712385244436,0.8078896013781431,0.6803045650979807,0.6122403823470604
824318,808963,2026-08-19 00:00:00,6.0,0.8614730353925238,0.7332896977092865,0.5802437519700484,0.4522359605808155
823926,808967,2026-07-11 00:00:00,6.0,0.8570441978281799,0.7266057193652121,0.57155240056612,0.4396797623677244
823523,808967,2026-07-19 00:00:00,7.0,0.8812478874875825,0.762719680342201,0.6179200446452063,0.5076701209943404
823600,808967,2026-07-25 00:00:00,5.0,0.8359119345590038,0.6955781499923469,0.5322874943579203,0.386634925271657
823920,808967,2026-08-01 00:00:00,3.0,0.7974720792214095,0.6424797497405615,0.4691489488449768,0.3134371927964276
825049,808967,2026-08-08 00:00:00,6.0,0.8156742764547003,0.6671553023294086,0.497904348941874,0.3450520626242688
823913,808967,2026-08-14 00:00:00,9.0,0.8541267804851423,0.721690522931286,0.5645472598698399,0.4288892133890219
822713,837227,2026-07-07 00:00:00,3.0,0.7699110773303219,0.6086028567198728,0.4334987904665385,0.2800148629542731
824165,837227,2026-07-21 00:00:00,8.0,0.8289882700346275,0.6876444250392513,0.524800559974492,0.3799276430870365
823187,837227,2026-08-12 00:00:00,3.0,0.7916016741518825,0.6360140887856203,0.463267819153261,0.3088332855951965
824153,837227,2026-08-20 00:00:00,3.0,0.863061289000231,0.7362686235518154,0.5848376171007388,0.4599560401070476
